No.,Name,Value
1,fMettRNAfMetCAU,0
2,tRNAfMetCAU,3.54767184
3,fMet,0
4,elRS70SAGGU0002_fMettRNAfMetCAU,0
5,elRS70SAGGU0002_fMet,0
6,RS50S,0
7,RS30S,0
8,mRNA,0.1
9,RS50S_degraded,0
10,RS30S_degraded,0
11,fMettRNAfMetCAU_degraded,0
12,tRNAfMetCAU_degraded,0
13,fMet_degraded,0
14,mRNA_degraded,0
15,PO4,0
16,EFTu_GTP_GlytRNAGlyGCC,0
17,GlytRNAGlyGCC,0
18,EFG_GTP,0
19,EFG_GDP,0
20,elRS70SAGGU0003_Pept0002tRNAGlyGCC,0
21,Pept0002tRNAGlyGCC,0
22,EFTu,80
23,GTP,2500
24,GDP,0
25,EFTu_GDP,0
26,EFG,4.3
27,EFTu_degraded,0
28,EFG_degraded,0
29,GlytRNAGlyGCC_degraded,0
30,Pept0002tRNAGlyGCC_degraded,0
31,elRS70SAGGU0002_fMet_EFTu_GTP_GlytRNAGlyGCC,0
32,elRS70SAGGU0002_fMet_EFTu_GDP_PO4_GlytRNAGlyGCC,0
33,elRS70SAGGU0002_fMet_EFTu_GDP_GlytRNAGlyGCC,0
34,elRS70SAGGU0002_fMet_EFTu_GDP,0
35,elRS70SAGGU0002_fMet_GlytRNAGlyGCC,0
36,elRS70SBGGU0002_Pept0002tRNAGlyGCC,0
37,elRS70SBGGU0002_Pept0002tRNAGlyGCC_EFG_GTP,0
38,elRS70SBGGU0002_Pept0002tRNAGlyGCC_EFG_GDP_PO4,0
39,elRS70SCGGU0003_Pept0002tRNAGlyGCC_EFG_GDP,0
40,tRNAGlyGCC,3.54767184
41,Pept0002,0
42,elRS70SAGGU0003_Pept0002,0
43,tRNAGlyGCC_degraded,0
44,Pept0002_degraded,0
45,elRS70SAUAA0004_Pept0003tRNAGlyGCC,0
46,Pept0003tRNAGlyGCC,0
47,Pept0003tRNAGlyGCC_degraded,0
48,elRS70SAGGU0003_Pept0002_EFTu_GTP_GlytRNAGlyGCC,0
49,elRS70SAGGU0003_Pept0002_EFTu_GDP_PO4_GlytRNAGlyGCC,0
50,elRS70SAGGU0003_Pept0002_EFTu_GDP_GlytRNAGlyGCC,0
51,elRS70SAGGU0003_Pept0002_EFTu_GDP,0
52,elRS70SAGGU0003_Pept0002_GlytRNAGlyGCC,0
53,elRS70SBGGU0003_Pept0003tRNAGlyGCC,0
54,elRS70SBGGU0003_Pept0003tRNAGlyGCC_EFG_GTP,0
55,elRS70SBGGU0003_Pept0003tRNAGlyGCC_EFG_GDP_PO4,0
56,elRS70SCUAA0004_Pept0003tRNAGlyGCC_EFG_GDP,0
57,AMP,0
58,ATP,3750
59,PPi,0
60,Gly,300
61,GlyRS,0.35
62,GlyRS_Gly_ATP,0
63,GlyRS_Gly,0
64,GlyRS_ATP,0
65,GlyAMP,0
66,GlyRS_GlyAMP_PPi,0
67,GlyRS_GlyAMP,0
68,GlyRS_degraded,0
69,GlyRS_AMP,0
70,Met,300
71,MetRS,0.44
72,MetRS_Met_ATP,0
73,MetRS_Met,0
74,MetRS_ATP,0
75,MetAMP,0
76,MetRS_MetAMP_PPi,0
77,MetRS_MetAMP,0
78,MetRS_degraded,0
79,MetRS_AMP,0
80,GlyRS_GlytRNAGlyGCC,0
81,GlyRS_AMP_GlytRNAGlyGCC,0
82,GlyRS_GlyAMP_tRNAGlyGCC,0
83,GlyRS_tRNAGlyGCC,0
84,GlyRS_Gly_tRNAGlyGCC,0
85,GlyRS_ATP_tRNAGlyGCC,0
86,GlyRS_Gly_ATP_tRNAGlyGCC,0
87,GlyRS_GlyAMP_PPi_tRNAGlyGCC,0
88,MetRS_MettRNAfMetCAU,0
89,MetRS_AMP_MettRNAfMetCAU,0
90,MettRNAfMetCAU,0
91,MetRS_MetAMP_tRNAfMetCAU,0
92,MetRS_tRNAfMetCAU,0
93,MetRS_Met_tRNAfMetCAU,0
94,MetRS_ATP_tRNAfMetCAU,0
95,MetRS_Met_ATP_tRNAfMetCAU,0
96,MetRS_MetAMP_PPi_tRNAfMetCAU,0
97,MettRNAfMetCAU_degraded,0
98,EFTs,13
99,EFTs_degraded,0
100,EFTu_EFTs,0
101,EFTu_GDP_EFTs,0
102,EFTu_GTP,0
103,EFTu_GTP_EFTs,0
104,EFTu_GTP_MettRNAfMetCAU,0
105,RS70S_EFG_GDP,0
106,RS50S_EFG_GDP,0
107,RS70S_EFG_GTP,0
108,RS50S_EFG_GTP,0
109,RS70S,3
110,RS70S_EFG_GDP_PO4,0
111,RS50S_EFG_GDP_PO4,0
112,CK_ADP,0
113,CK_ATP,0
114,CK_CP,0
115,CK_CP_ADP,0
116,CK_Cr,0
117,CK_Cr_ATP,0
118,CK_degraded,0
119,CK,30
120,ADP,0
121,CP,50000
122,Cr,0
123,NDK,1.8
124,NDK_degraded,0
125,NDK_GDP,0
126,NDK_ATP,0
127,NDK_GDP_ATP,0
128,NDK_GTP_ADP,0
129,NDK_ADP,0
130,NDK_GTP,0
131,MK,5.6
132,MK_degraded,0
133,MK_AMP,0
134,MK_ATP,0
135,MK_ATP_AMP,0
136,MK_ADP_1,0
137,MK_ADP_2,0
138,MK_ADP_ADP,0
139,PPiase,0.16
140,PPiase_PPi,0
141,PPiase_degraded,0
142,PPiase_PO4,0
143,PPiase_PO4_PO4,0
144,FD,126.8498943
145,MTF,2.4
146,THF,0
147,MTF_FD,0
148,MTF_MettRNAfMetCAU,0
149,MTF_FD_MettRNAfMetCAU,0
150,MTF_THF_fMettRNAfMetCAU,0
151,MTF_THF,0
152,MTF_fMettRNAfMetCAU,0
153,MTF_degraded,0
154,IF2_GTP,0
155,IF2_GDP,0
156,IF2_GTP_fMettRNAfMetCAU,0
157,IF2_degraded,0
158,IF2,4.1
159,RS30S_IF1,0
160,RS30S_IF1_IF3,0
161,RS30S_IF1_IF3_IF2_GTP,0
162,RS30S_IF1_IF3_IF2_GTP_fMettRNAfMetCAU,0
163,RS30S_IF1_IF3_IF2_GTP_fMettRNAfMetCAU_mRNA,0
164,RS30S_IF1_IF3_IF2_GTP_mRNA,0
165,RS30S_IF1_IF3_fMettRNAfMetCAU_mRNA,0
166,RS30S_IF1_IF3_mRNA,0
167,RS30S_IF3,0
168,RS30S_IF3_IF2_GTP,0
169,RS30S_IF3_IF2_GTP_fMettRNAfMetCAU,0
170,RS30S_IF3_IF2_GTP_fMettRNAfMetCAU_mRNA,0
171,RS30S_IF3_IF2_GTP_mRNA,0
172,RS30S_IF3_fMettRNAfMetCAU_mRNA,0
173,RS30S_IF3_mRNA,0
174,RS70S_IF1,0
175,RS70S_IF1_IF3,0
176,RS70S_IF1_IF3_IF2_GTP_fMettRNAfMetCAU_mRNA,0
177,RS70S_IF3,0
178,RS70S_IF3_IF2_GTP_fMettRNAfMetCAU_mRNA,0
179,IF1_degraded,0
180,IF3_degraded,0
181,IF1,99
182,IF3,4.9
183,RS30S_IF2_GTP,0
184,RS30S_IF2_GTP_fMettRNAfMetCAU,0
185,RS30S_mRNA,0
186,RS30S_fMettRNAfMetCAU_mRNA,0
187,RS30S_IF2_GTP_mRNA,0
188,RS30S_IF2_GTP_fMettRNAfMetCAU_mRNA,0
189,RS30S_IF1_IF2_GTP,0
190,RS30S_IF1_IF2_GTP_fMettRNAfMetCAU,0
191,RS30S_IF1_mRNA,0
192,RS30S_IF1_fMettRNAfMetCAU_mRNA,0
193,RS30S_IF1_IF2_GTP_mRNA,0
194,RS30S_IF1_IF2_GTP_fMettRNAfMetCAU_mRNA,0
195,RS70S_IF1_IF2_GDP_fMettRNAfMetCAU_mRNA,0
196,RS70S_IF1_IF3_IF2_GDP_PO4_fMettRNAfMetCAU_mRNA,0
197,RS70S_IF1_IF3_IF2_GDP_fMettRNAfMetCAU_mRNA,0
198,RS70S_IF1_IF3_fMettRNAfMetCAU_mRNA,0
199,RS70S_IF1_fMettRNAfMetCAU_mRNA,0
200,RS70S_IF2_GDP_fMettRNAfMetCAU_mRNA,0
201,RS70S_IF3_IF2_GDP_PO4_fMettRNAfMetCAU_mRNA,0
202,RS70S_IF3_IF2_GDP_fMettRNAfMetCAU_mRNA,0
203,RS70S_IF3_fMettRNAfMetCAU_mRNA,0
204,GMP,0
205,RF1,0.2
206,Pept0003,0
207,RF1_degraded,0
208,termRS70SUAA0004_tRNAGlyGCC,0
209,elRS70SAUAA0004_Pept0003tRNAGlyGCC_RF1,0
210,termRS70SUAA0004_tRNAGlyGCC_RF1,0
211,RF2,0.2
212,RF2_degraded,0
213,elRS70SAUAA0004_Pept0003tRNAGlyGCC_RF2,0
214,termRS70SUAA0004_tRNAGlyGCC_RF2,0
215,RF3,0.7
216,RF3_degraded,0
217,RF3_GDP,0
218,RF3_GTP,0
219,termRS70SUAA0004_tRNAGlyGCC_RF1_RF3_GDP,0
220,termRS70SUAA0004_tRNAGlyGCC_RF1_RF3_GTP,0
221,termRS70SUAA0004_tRNAGlyGCC_RF1_RF3,0
222,termRS70SUAA0004_tRNAGlyGCC_RF3_GTP,0
223,termRS70SUAA0004_tRNAGlyGCC_RF3_GDP,0
224,termRS70SUAA0004_tRNAGlyGCC_RF3_GDP_PO4,0
225,termRS70SUAA0004_tRNAGlyGCC_RF2_RF3_GDP,0
226,termRS70SUAA0004_tRNAGlyGCC_RF2_RF3_GTP,0
227,termRS70SUAA0004_tRNAGlyGCC_RF2_RF3,0
228,RRF,16
229,RRF_degraded,0
230,RS50S_RRF,0
231,RS50S_RRF_EFG_GDP,0
232,RS50S_tRNAGlyGCC,0
233,RS50S_tRNAGlyGCC_EFG_GDP,0
234,RS50S_tRNAGlyGCC_RRF,0
235,RS50S_tRNAGlyGCC_RRF_EFG_GDP,0
236,termRS70SUAA0004_tRNAGlyGCC_EFG_GTP,0
237,termRS70SUAA0004_tRNAGlyGCC_RRF,0
238,termRS70SUAA0004_tRNAGlyGCC_RRF_EFG_GDP,0
239,termRS70SUAA0004_tRNAGlyGCC_RRF_EFG_GDP_PO4,0
240,termRS70SUAA0004_tRNAGlyGCC_RRF_EFG_GTP,0
241,termRS30S_mRNA,0
