group,rank,species_id,E_inf,initial_0_0p05_E_inf,post_0p05_E_inf,max_error_time_s,initial_max_error_time_s,post_max_error_time_s,reference_scale_uM
full_window,1,GlyRS_Gly_ATP_tRNAGlyGCC,1.0213005982710937,1.0213005982710937,0.011485857549020399,0.0,0.0,2.4945081352303164,0.2690763681016519
full_window,2,GlyRS_Gly_tRNAGlyGCC,1.019042487519497,1.019042487519497,0.011474040012969592,0.0,0.0,2.4945081352303164,0.03240279722026614
full_window,3,GlyRS,0.9990549676024958,0.9990549676024958,0.00018983795704833475,0.0,0.0,2.4945081352303164,0.35
full_window,4,GlyRS_ATP,0.9934115315892136,0.9934115315892136,0.001345372588262723,0.0001,0.0001,2.4945081352303164,0.20486491644134752
full_window,5,MetRS,0.9917581164251723,0.9917581164251723,0.00031782142385889935,0.0,0.0,0.06010276782070382,0.44
full_window,6,MetRS_ATP_tRNAfMetCAU,0.9732585577844497,0.9732585577844497,0.03444118709608115,0.0,0.0,0.07067181273927492,0.023124406489473833
full_window,7,MetRS_tRNAfMetCAU,0.9728969960991769,0.9728969960991769,0.03449801974000022,0.0,0.0,0.07067181273927492,0.0015451283365647437
full_window,8,MetRS_MetAMP_PPi_tRNAfMetCAU,0.9471499427934728,0.9471499427934728,0.03323884266414334,0.0,0.0,0.07067181273927492,0.01671685654250716
full_window,9,MetRS_Met_ATP_tRNAfMetCAU,0.9336276236124578,0.9336276236124578,0.032958106024968514,0.0,0.0,0.07067181273927492,0.09003140664310892
full_window,10,MetRS_Met_tRNAfMetCAU,0.9318659540192835,0.9318659540192835,0.03296012079595292,0.0,0.0,0.07067181273927492,0.006044570188438755
post_0p05,1,MetRS_AMP,0.6890685622031039,0.6890685622031039,0.08643513032859379,0.00352970730273065,0.00352970730273065,0.05542664520663107,4.1789889491985655e-06
post_0p05,2,MetRS_AMP_MettRNAfMetCAU,0.6539438317351985,0.6539438317351985,0.08126747302908756,0.0027682866303920667,0.0027682866303920667,0.05542664520663107,0.002481028885458076
post_0p05,3,MetRS_MetAMP_tRNAfMetCAU,0.6165094727133622,0.6165094727133622,0.07630603318321334,0.0020022003718155844,0.0020022003718155844,0.051114334834401656,0.18139758760226116
post_0p05,4,MetRS_MettRNAfMetCAU,0.054072221006423414,0.054072221006423414,0.04165783149076522,0.024658110758226038,0.024658110758226038,0.051114334834401656,0.3422898519655694
post_0p05,5,MTF_THF,0.041441963675870726,0.04120099337657379,0.041441963675870726,0.051114334834401656,0.047137531341167244,0.051114334834401656,0.00017824054030478523
post_0p05,6,MTF_fMettRNAfMetCAU,0.041441963675870726,0.04120099337657379,0.041441963675870726,0.051114334834401656,0.047137531341167244,0.051114334834401656,0.00017824054030478523
post_0p05,7,MTF_THF_fMettRNAfMetCAU,0.04144108311428759,0.041326492349413456,0.04144108311428759,0.051114334834401656,0.047137531341167244,0.051114334834401656,0.00017824056918781437
post_0p05,8,MTF_FD_MettRNAfMetCAU,0.04142604235333034,0.0413720450881186,0.04142604235333034,0.051114334834401656,0.047137531341167244,0.051114334834401656,0.009557135795499994
post_0p05,9,MTF_MettRNAfMetCAU,0.04128386650394052,0.04122976725544338,0.04128386650394052,0.051114334834401656,0.047137531341167244,0.051114334834401656,0.0010418248265272596
post_0p05,10,MettRNAfMetCAU,0.04130114280437032,0.04130114280437032,0.04124919258510592,0.047137531341167244,0.047137531341167244,0.051114334834401656,0.002292925905215615
