approximation,time_s,source_net_conversion_from_B_loss,reduced_net_conversion_from_B_loss,absolute_difference,interpretation
outer,0.0,0.0,0.0,0.0,NET338_MINUS339_EXTENT_FROM_EXACT_TOTAL_IDENTITY;NOT_GROSS_LEDGER_CLAIM
hybrid,0.0,0.0,0.0,0.0,NET338_MINUS339_EXTENT_FROM_EXACT_TOTAL_IDENTITY;NOT_GROSS_LEDGER_CLAIM
outer,0.0001,2.1827872842550278e-11,7.275957614183426e-12,1.4551915228366852e-11,NET338_MINUS339_EXTENT_FROM_EXACT_TOTAL_IDENTITY;NOT_GROSS_LEDGER_CLAIM
hybrid,0.0001,2.1827872842550278e-11,3.637978807091713e-11,1.4551915228366852e-11,NET338_MINUS339_EXTENT_FROM_EXACT_TOTAL_IDENTITY;NOT_GROSS_LEDGER_CLAIM
outer,0.00010843659686896097,1.4551915228366852e-11,-7.275957614183426e-12,2.1827872842550278e-11,NET338_MINUS339_EXTENT_FROM_EXACT_TOTAL_IDENTITY;NOT_GROSS_LEDGER_CLAIM
hybrid,0.00010843659686896097,1.4551915228366852e-11,2.9103830456733704e-11,1.4551915228366852e-11,NET338_MINUS339_EXTENT_FROM_EXACT_TOTAL_IDENTITY;NOT_GROSS_LEDGER_CLAIM
outer,0.0001175849554052157,2.1827872842550278e-11,7.275957614183426e-12,1.4551915228366852e-11,NET338_MINUS339_EXTENT_FROM_EXACT_TOTAL_IDENTITY;NOT_GROSS_LEDGER_CLAIM
hybrid,0.0001175849554052157,2.1827872842550278e-11,2.9103830456733704e-11,7.275957614183426e-12,NET338_MINUS339_EXTENT_FROM_EXACT_TOTAL_IDENTITY;NOT_GROSS_LEDGER_CLAIM
outer,0.00012750512407130128,2.1827872842550278e-11,0.0,2.1827872842550278e-11,NET338_MINUS339_EXTENT_FROM_EXACT_TOTAL_IDENTITY;NOT_GROSS_LEDGER_CLAIM
hybrid,0.00012750512407130128,2.1827872842550278e-11,2.9103830456733704e-11,7.275957614183426e-12,NET338_MINUS339_EXTENT_FROM_EXACT_TOTAL_IDENTITY;NOT_GROSS_LEDGER_CLAIM
outer,0.00013826221737646565,1.4551915228366852e-11,-7.275957614183426e-12,2.1827872842550278e-11,NET338_MINUS339_EXTENT_FROM_EXACT_TOTAL_IDENTITY;NOT_GROSS_LEDGER_CLAIM
hybrid,0.00013826221737646565,1.4551915228366852e-11,3.637978807091713e-11,2.1827872842550278e-11,NET338_MINUS339_EXTENT_FROM_EXACT_TOTAL_IDENTITY;NOT_GROSS_LEDGER_CLAIM
outer,0.00014992684327860457,1.4551915228366852e-11,7.275957614183426e-12,7.275957614183426e-12,NET338_MINUS339_EXTENT_FROM_EXACT_TOTAL_IDENTITY;NOT_GROSS_LEDGER_CLAIM
hybrid,0.00014992684327860457,1.4551915228366852e-11,2.9103830456733704e-11,1.4551915228366852e-11,NET338_MINUS339_EXTENT_FROM_EXACT_TOTAL_IDENTITY;NOT_GROSS_LEDGER_CLAIM
outer,0.00016257556664437935,2.1827872842550278e-11,0.0,2.1827872842550278e-11,NET338_MINUS339_EXTENT_FROM_EXACT_TOTAL_IDENTITY;NOT_GROSS_LEDGER_CLAIM
hybrid,0.00016257556664437935,2.1827872842550278e-11,2.9103830456733704e-11,7.275957614183426e-12,NET338_MINUS339_EXTENT_FROM_EXACT_TOTAL_IDENTITY;NOT_GROSS_LEDGER_CLAIM
outer,0.0001762914118095948,2.9103830456733704e-11,-7.275957614183426e-12,3.637978807091713e-11,NET338_MINUS339_EXTENT_FROM_EXACT_TOTAL_IDENTITY;NOT_GROSS_LEDGER_CLAIM
hybrid,0.0001762914118095948,2.9103830456733704e-11,2.9103830456733704e-11,0.0,NET338_MINUS339_EXTENT_FROM_EXACT_TOTAL_IDENTITY;NOT_GROSS_LEDGER_CLAIM
outer,0.00019116440753857018,2.1827872842550278e-11,7.275957614183426e-12,1.4551915228366852e-11,NET338_MINUS339_EXTENT_FROM_EXACT_TOTAL_IDENTITY;NOT_GROSS_LEDGER_CLAIM
hybrid,0.00019116440753857018,2.1827872842550278e-11,3.637978807091713e-11,1.4551915228366852e-11,NET338_MINUS339_EXTENT_FROM_EXACT_TOTAL_IDENTITY;NOT_GROSS_LEDGER_CLAIM
outer,0.0002072921779595372,2.9103830456733704e-11,0.0,2.9103830456733704e-11,NET338_MINUS339_EXTENT_FROM_EXACT_TOTAL_IDENTITY;NOT_GROSS_LEDGER_CLAIM
hybrid,0.0002072921779595372,2.9103830456733704e-11,3.637978807091713e-11,7.275957614183426e-12,NET338_MINUS339_EXTENT_FROM_EXACT_TOTAL_IDENTITY;NOT_GROSS_LEDGER_CLAIM
outer,0.00022478058335487252,2.1827872842550278e-11,0.0,2.1827872842550278e-11,NET338_MINUS339_EXTENT_FROM_EXACT_TOTAL_IDENTITY;NOT_GROSS_LEDGER_CLAIM
hybrid,0.00022478058335487252,2.1827872842550278e-11,2.9103830456733704e-11,7.275957614183426e-12,NET338_MINUS339_EXTENT_FROM_EXACT_TOTAL_IDENTITY;NOT_GROSS_LEDGER_CLAIM
outer,0.00024374441501222218,2.9103830456733704e-11,7.275957614183426e-12,2.1827872842550278e-11,NET338_MINUS339_EXTENT_FROM_EXACT_TOTAL_IDENTITY;NOT_GROSS_LEDGER_CLAIM
hybrid,0.00024374441501222218,2.9103830456733704e-11,3.637978807091713e-11,7.275957614183426e-12,NET338_MINUS339_EXTENT_FROM_EXACT_TOTAL_IDENTITY;NOT_GROSS_LEDGER_CLAIM
outer,0.00026430814869741055,1.4551915228366852e-11,0.0,1.4551915228366852e-11,NET338_MINUS339_EXTENT_FROM_EXACT_TOTAL_IDENTITY;NOT_GROSS_LEDGER_CLAIM
hybrid,0.00026430814869741055,1.4551915228366852e-11,2.9103830456733704e-11,1.4551915228366852e-11,NET338_MINUS339_EXTENT_FROM_EXACT_TOTAL_IDENTITY;NOT_GROSS_LEDGER_CLAIM
outer,0.000286606761694825,1.4551915228366852e-11,0.0,1.4551915228366852e-11,NET338_MINUS339_EXTENT_FROM_EXACT_TOTAL_IDENTITY;NOT_GROSS_LEDGER_CLAIM
hybrid,0.000286606761694825,1.4551915228366852e-11,2.9103830456733704e-11,1.4551915228366852e-11,NET338_MINUS339_EXTENT_FROM_EXACT_TOTAL_IDENTITY;NOT_GROSS_LEDGER_CLAIM
outer,0.0003107866187782014,1.4551915228366852e-11,0.0,1.4551915228366852e-11,NET338_MINUS339_EXTENT_FROM_EXACT_TOTAL_IDENTITY;NOT_GROSS_LEDGER_CLAIM
hybrid,0.0003107866187782014,1.4551915228366852e-11,2.9103830456733704e-11,1.4551915228366852e-11,NET338_MINUS339_EXTENT_FROM_EXACT_TOTAL_IDENTITY;NOT_GROSS_LEDGER_CLAIM
outer,0.00033700643292719284,0.0,0.0,0.0,NET338_MINUS339_EXTENT_FROM_EXACT_TOTAL_IDENTITY;NOT_GROSS_LEDGER_CLAIM
hybrid,0.00033700643292719284,0.0,2.9103830456733704e-11,2.9103830456733704e-11,NET338_MINUS339_EXTENT_FROM_EXACT_TOTAL_IDENTITY;NOT_GROSS_LEDGER_CLAIM
outer,0.00036543830709572547,-7.275957614183426e-12,0.0,7.275957614183426e-12,NET338_MINUS339_EXTENT_FROM_EXACT_TOTAL_IDENTITY;NOT_GROSS_LEDGER_CLAIM
hybrid,0.00036543830709572547,-7.275957614183426e-12,2.9103830456733704e-11,3.637978807091713e-11,NET338_MINUS339_EXTENT_FROM_EXACT_TOTAL_IDENTITY;NOT_GROSS_LEDGER_CLAIM
outer,0.0003962688638701478,-1.4551915228366852e-11,0.0,1.4551915228366852e-11,NET338_MINUS339_EXTENT_FROM_EXACT_TOTAL_IDENTITY;NOT_GROSS_LEDGER_CLAIM
hybrid,0.0003962688638701478,-1.4551915228366852e-11,2.9103830456733704e-11,4.3655745685100555e-11,NET338_MINUS339_EXTENT_FROM_EXACT_TOTAL_IDENTITY;NOT_GROSS_LEDGER_CLAIM
outer,0.00042970047043208395,-2.9103830456733704e-11,7.275957614183426e-12,3.637978807091713e-11,NET338_MINUS339_EXTENT_FROM_EXACT_TOTAL_IDENTITY;NOT_GROSS_LEDGER_CLAIM
hybrid,0.00042970047043208395,-2.9103830456733704e-11,2.9103830456733704e-11,5.820766091346741e-11,NET338_MINUS339_EXTENT_FROM_EXACT_TOTAL_IDENTITY;NOT_GROSS_LEDGER_CLAIM
outer,0.0004659525668664682,-2.1827872842550278e-11,0.0,2.1827872842550278e-11,NET338_MINUS339_EXTENT_FROM_EXACT_TOTAL_IDENTITY;NOT_GROSS_LEDGER_CLAIM
hybrid,0.0004659525668664682,-2.1827872842550278e-11,2.9103830456733704e-11,5.093170329928398e-11,NET338_MINUS339_EXTENT_FROM_EXACT_TOTAL_IDENTITY;NOT_GROSS_LEDGER_CLAIM
outer,0.0005052631065335679,-2.1827872842550278e-11,0.0,2.1827872842550278e-11,NET338_MINUS339_EXTENT_FROM_EXACT_TOTAL_IDENTITY;NOT_GROSS_LEDGER_CLAIM
hybrid,0.0005052631065335679,-2.1827872842550278e-11,2.1827872842550278e-11,4.3655745685100555e-11,NET338_MINUS339_EXTENT_FROM_EXACT_TOTAL_IDENTITY;NOT_GROSS_LEDGER_CLAIM
outer,0.0005478901179593945,-2.9103830456733704e-11,7.275957614183426e-12,3.637978807091713e-11,NET338_MINUS339_EXTENT_FROM_EXACT_TOTAL_IDENTITY;NOT_GROSS_LEDGER_CLAIM
hybrid,0.0005478901179593945,-2.9103830456733704e-11,2.9103830456733704e-11,5.820766091346741e-11,NET338_MINUS339_EXTENT_FROM_EXACT_TOTAL_IDENTITY;NOT_GROSS_LEDGER_CLAIM
outer,0.0005941133984965033,-2.1827872842550278e-11,0.0,2.1827872842550278e-11,NET338_MINUS339_EXTENT_FROM_EXACT_TOTAL_IDENTITY;NOT_GROSS_LEDGER_CLAIM
hybrid,0.0005941133984965033,-2.1827872842550278e-11,2.9103830456733704e-11,5.093170329928398e-11,NET338_MINUS339_EXTENT_FROM_EXACT_TOTAL_IDENTITY;NOT_GROSS_LEDGER_CLAIM
outer,0.0006442363508721371,-3.637978807091713e-11,7.275957614183426e-12,4.3655745685100555e-11,NET338_MINUS339_EXTENT_FROM_EXACT_TOTAL_IDENTITY;NOT_GROSS_LEDGER_CLAIM
hybrid,0.0006442363508721371,-3.637978807091713e-11,2.9103830456733704e-11,6.548361852765083e-11,NET338_MINUS339_EXTENT_FROM_EXACT_TOTAL_IDENTITY;NOT_GROSS_LEDGER_CLAIM
outer,0.0006985879746785249,-2.9103830456733704e-11,0.0,2.9103830456733704e-11,NET338_MINUS339_EXTENT_FROM_EXACT_TOTAL_IDENTITY;NOT_GROSS_LEDGER_CLAIM
hybrid,0.0006985879746785249,-2.9103830456733704e-11,2.1827872842550278e-11,5.093170329928398e-11,NET338_MINUS339_EXTENT_FROM_EXACT_TOTAL_IDENTITY;NOT_GROSS_LEDGER_CLAIM
outer,0.0007575250258771912,-3.637978807091713e-11,0.0,3.637978807091713e-11,NET338_MINUS339_EXTENT_FROM_EXACT_TOTAL_IDENTITY;NOT_GROSS_LEDGER_CLAIM
hybrid,0.0007575250258771912,-3.637978807091713e-11,2.9103830456733704e-11,6.548361852765083e-11,NET338_MINUS339_EXTENT_FROM_EXACT_TOTAL_IDENTITY;NOT_GROSS_LEDGER_CLAIM
outer,0.0008214343584919422,-3.637978807091713e-11,7.275957614183426e-12,4.3655745685100555e-11,NET338_MINUS339_EXTENT_FROM_EXACT_TOTAL_IDENTITY;NOT_GROSS_LEDGER_CLAIM
hybrid,0.0008214343584919422,-3.637978807091713e-11,2.9103830456733704e-11,6.548361852765083e-11,NET338_MINUS339_EXTENT_FROM_EXACT_TOTAL_IDENTITY;NOT_GROSS_LEDGER_CLAIM
outer,0.000890735463861044,-3.637978807091713e-11,0.0,3.637978807091713e-11,NET338_MINUS339_EXTENT_FROM_EXACT_TOTAL_IDENTITY;NOT_GROSS_LEDGER_CLAIM
hybrid,0.000890735463861044,-3.637978807091713e-11,2.9103830456733704e-11,6.548361852765083e-11,NET338_MINUS339_EXTENT_FROM_EXACT_TOTAL_IDENTITY;NOT_GROSS_LEDGER_CLAIM
outer,0.0009658832241158709,-2.9103830456733704e-11,0.0,2.9103830456733704e-11,NET338_MINUS339_EXTENT_FROM_EXACT_TOTAL_IDENTITY;NOT_GROSS_LEDGER_CLAIM
hybrid,0.0009658832241158709,-2.9103830456733704e-11,2.9103830456733704e-11,5.820766091346741e-11,NET338_MINUS339_EXTENT_FROM_EXACT_TOTAL_IDENTITY;NOT_GROSS_LEDGER_CLAIM
outer,0.0010473708979594498,-3.637978807091713e-11,0.0,3.637978807091713e-11,NET338_MINUS339_EXTENT_FROM_EXACT_TOTAL_IDENTITY;NOT_GROSS_LEDGER_CLAIM
hybrid,0.0010473708979594498,-3.637978807091713e-11,2.1827872842550278e-11,5.820766091346741e-11,NET338_MINUS339_EXTENT_FROM_EXACT_TOTAL_IDENTITY;NOT_GROSS_LEDGER_CLAIM
outer,0.001135733358343105,-2.9103830456733704e-11,0.0,2.9103830456733704e-11,NET338_MINUS339_EXTENT_FROM_EXACT_TOTAL_IDENTITY;NOT_GROSS_LEDGER_CLAIM
hybrid,0.001135733358343105,-2.9103830456733704e-11,2.1827872842550278e-11,5.093170329928398e-11,NET338_MINUS339_EXTENT_FROM_EXACT_TOTAL_IDENTITY;NOT_GROSS_LEDGER_CLAIM
outer,0.0012315506032928262,-2.9103830456733704e-11,-7.275957614183426e-12,2.1827872842550278e-11,NET338_MINUS339_EXTENT_FROM_EXACT_TOTAL_IDENTITY;NOT_GROSS_LEDGER_CLAIM
hybrid,0.0012315506032928262,-2.9103830456733704e-11,2.9103830456733704e-11,5.820766091346741e-11,NET338_MINUS339_EXTENT_FROM_EXACT_TOTAL_IDENTITY;NOT_GROSS_LEDGER_CLAIM
outer,0.0013354515629298987,-2.9103830456733704e-11,0.0,2.9103830456733704e-11,NET338_MINUS339_EXTENT_FROM_EXACT_TOTAL_IDENTITY;NOT_GROSS_LEDGER_CLAIM
hybrid,0.0013354515629298987,-2.9103830456733704e-11,2.9103830456733704e-11,5.820766091346741e-11,NET338_MINUS339_EXTENT_FROM_EXACT_TOTAL_IDENTITY;NOT_GROSS_LEDGER_CLAIM
outer,0.001448118227674533,-2.1827872842550278e-11,0.0,2.1827872842550278e-11,NET338_MINUS339_EXTENT_FROM_EXACT_TOTAL_IDENTITY;NOT_GROSS_LEDGER_CLAIM
hybrid,0.001448118227674533,-2.1827872842550278e-11,2.9103830456733704e-11,5.093170329928398e-11,NET338_MINUS339_EXTENT_FROM_EXACT_TOTAL_IDENTITY;NOT_GROSS_LEDGER_CLAIM
outer,0.0015702901247293774,-2.9103830456733704e-11,-7.275957614183426e-12,2.1827872842550278e-11,NET338_MINUS339_EXTENT_FROM_EXACT_TOTAL_IDENTITY;NOT_GROSS_LEDGER_CLAIM
hybrid,0.0015702901247293774,-2.9103830456733704e-11,2.1827872842550278e-11,5.093170329928398e-11,NET338_MINUS339_EXTENT_FROM_EXACT_TOTAL_IDENTITY;NOT_GROSS_LEDGER_CLAIM
outer,0.0017027691722258996,-3.637978807091713e-11,0.0,3.637978807091713e-11,NET338_MINUS339_EXTENT_FROM_EXACT_TOTAL_IDENTITY;NOT_GROSS_LEDGER_CLAIM
hybrid,0.0017027691722258996,-3.637978807091713e-11,2.9103830456733704e-11,6.548361852765083e-11,NET338_MINUS339_EXTENT_FROM_EXACT_TOTAL_IDENTITY;NOT_GROSS_LEDGER_CLAIM
outer,0.0018464249428955426,-2.9103830456733704e-11,0.0,2.9103830456733704e-11,NET338_MINUS339_EXTENT_FROM_EXACT_TOTAL_IDENTITY;NOT_GROSS_LEDGER_CLAIM
hybrid,0.0018464249428955426,-2.9103830456733704e-11,2.9103830456733704e-11,5.820766091346741e-11,NET338_MINUS339_EXTENT_FROM_EXACT_TOTAL_IDENTITY;NOT_GROSS_LEDGER_CLAIM
outer,0.0020022003718155844,-2.9103830456733704e-11,0.0,2.9103830456733704e-11,NET338_MINUS339_EXTENT_FROM_EXACT_TOTAL_IDENTITY;NOT_GROSS_LEDGER_CLAIM
hybrid,0.0020022003718155844,-2.9103830456733704e-11,2.9103830456733704e-11,5.820766091346741e-11,NET338_MINUS339_EXTENT_FROM_EXACT_TOTAL_IDENTITY;NOT_GROSS_LEDGER_CLAIM
outer,0.002171117945694505,-3.637978807091713e-11,0.0,3.637978807091713e-11,NET338_MINUS339_EXTENT_FROM_EXACT_TOTAL_IDENTITY;NOT_GROSS_LEDGER_CLAIM
hybrid,0.002171117945694505,-3.637978807091713e-11,2.1827872842550278e-11,5.820766091346741e-11,NET338_MINUS339_EXTENT_FROM_EXACT_TOTAL_IDENTITY;NOT_GROSS_LEDGER_CLAIM
outer,0.0023542864143224177,-2.1827872842550278e-11,0.0,2.1827872842550278e-11,NET338_MINUS339_EXTENT_FROM_EXACT_TOTAL_IDENTITY;NOT_GROSS_LEDGER_CLAIM
hybrid,0.0023542864143224177,-2.1827872842550278e-11,2.1827872842550278e-11,4.3655745685100555e-11,NET338_MINUS339_EXTENT_FROM_EXACT_TOTAL_IDENTITY;NOT_GROSS_LEDGER_CLAIM
outer,0.0025529080682395165,-2.9103830456733704e-11,0.0,2.9103830456733704e-11,NET338_MINUS339_EXTENT_FROM_EXACT_TOTAL_IDENTITY;NOT_GROSS_LEDGER_CLAIM
hybrid,0.0025529080682395165,-2.9103830456733704e-11,2.9103830456733704e-11,5.820766091346741e-11,NET338_MINUS339_EXTENT_FROM_EXACT_TOTAL_IDENTITY;NOT_GROSS_LEDGER_CLAIM
outer,0.0027682866303920667,-1.4551915228366852e-11,7.275957614183426e-12,2.1827872842550278e-11,NET338_MINUS339_EXTENT_FROM_EXACT_TOTAL_IDENTITY;NOT_GROSS_LEDGER_CLAIM
hybrid,0.0027682866303920667,-1.4551915228366852e-11,4.3655745685100555e-11,5.820766091346741e-11,NET338_MINUS339_EXTENT_FROM_EXACT_TOTAL_IDENTITY;NOT_GROSS_LEDGER_CLAIM
outer,0.003001835813575589,-7.275957614183426e-12,1.4551915228366852e-11,2.1827872842550278e-11,NET338_MINUS339_EXTENT_FROM_EXACT_TOTAL_IDENTITY;NOT_GROSS_LEDGER_CLAIM
hybrid,0.003001835813575589,-7.275957614183426e-12,3.637978807091713e-11,4.3655745685100555e-11,NET338_MINUS339_EXTENT_FROM_EXACT_TOTAL_IDENTITY;NOT_GROSS_LEDGER_CLAIM
outer,0.0032550885998350564,1.4551915228366852e-11,3.637978807091713e-11,2.1827872842550278e-11,NET338_MINUS339_EXTENT_FROM_EXACT_TOTAL_IDENTITY;NOT_GROSS_LEDGER_CLAIM
hybrid,0.0032550885998350564,1.4551915228366852e-11,7.275957614183426e-11,5.820766091346741e-11,NET338_MINUS339_EXTENT_FROM_EXACT_TOTAL_IDENTITY;NOT_GROSS_LEDGER_CLAIM
outer,0.00352970730273065,2.9103830456733704e-11,6.548361852765083e-11,3.637978807091713e-11,NET338_MINUS339_EXTENT_FROM_EXACT_TOTAL_IDENTITY;NOT_GROSS_LEDGER_CLAIM
hybrid,0.00352970730273065,2.9103830456733704e-11,8.731149137020111e-11,5.820766091346741e-11,NET338_MINUS339_EXTENT_FROM_EXACT_TOTAL_IDENTITY;NOT_GROSS_LEDGER_CLAIM
outer,0.003827494478516315,1.0186340659856796e-10,1.4551915228366852e-10,4.3655745685100555e-11,NET338_MINUS339_EXTENT_FROM_EXACT_TOTAL_IDENTITY;NOT_GROSS_LEDGER_CLAIM
hybrid,0.003827494478516315,1.0186340659856796e-10,1.673470251262188e-10,6.548361852765083e-11,NET338_MINUS339_EXTENT_FROM_EXACT_TOTAL_IDENTITY;NOT_GROSS_LEDGER_CLAIM
outer,0.004150404757850472,2.4010660126805305e-10,2.764863893389702e-10,3.637978807091713e-11,NET338_MINUS339_EXTENT_FROM_EXACT_TOTAL_IDENTITY;NOT_GROSS_LEDGER_CLAIM
hybrid,0.004150404757850472,2.4010660126805305e-10,2.9831426218152046e-10,5.820766091346741e-11,NET338_MINUS339_EXTENT_FROM_EXACT_TOTAL_IDENTITY;NOT_GROSS_LEDGER_CLAIM
outer,0.004500557675700498,4.874891601502895e-10,5.238689482212067e-10,3.637978807091713e-11,NET338_MINUS339_EXTENT_FROM_EXACT_TOTAL_IDENTITY;NOT_GROSS_LEDGER_CLAIM
hybrid,0.004500557675700498,4.874891601502895e-10,5.456968210637569e-10,5.820766091346741e-11,NET338_MINUS339_EXTENT_FROM_EXACT_TOTAL_IDENTITY;NOT_GROSS_LEDGER_CLAIM
outer,0.004880251583654433,9.458744898438454e-10,9.89530235528946e-10,4.3655745685100555e-11,NET338_MINUS339_EXTENT_FROM_EXACT_TOTAL_IDENTITY;NOT_GROSS_LEDGER_CLAIM
hybrid,0.004880251583654433,9.458744898438454e-10,1.0113581083714962e-09,6.548361852765083e-11,NET338_MINUS339_EXTENT_FROM_EXACT_TOTAL_IDENTITY;NOT_GROSS_LEDGER_CLAIM
outer,0.005291978735958442,1.7898855730891228e-09,1.8480932340025902e-09,5.820766091346741e-11,NET338_MINUS339_EXTENT_FROM_EXACT_TOTAL_IDENTITY;NOT_GROSS_LEDGER_CLAIM
hybrid,0.005291978735958442,1.7898855730891228e-09,1.862645149230957e-09,7.275957614183426e-11,NET338_MINUS339_EXTENT_FROM_EXACT_TOTAL_IDENTITY;NOT_GROSS_LEDGER_CLAIM
outer,0.005738441648302393,3.346940502524376e-09,3.39787220582366e-09,5.093170329928398e-11,NET338_MINUS339_EXTENT_FROM_EXACT_TOTAL_IDENTITY;NOT_GROSS_LEDGER_CLAIM
hybrid,0.005738441648302393,3.346940502524376e-09,3.434251993894577e-09,8.731149137020111e-11,NET338_MINUS339_EXTENT_FROM_EXACT_TOTAL_IDENTITY;NOT_GROSS_LEDGER_CLAIM
outer,0.006222570836730231,6.119080353528261e-09,6.170012056827545e-09,5.093170329928398e-11,NET338_MINUS339_EXTENT_FROM_EXACT_TOTAL_IDENTITY;NOT_GROSS_LEDGER_CLAIM
hybrid,0.006222570836730231,6.119080353528261e-09,6.206391844898462e-09,8.731149137020111e-11,NET338_MINUS339_EXTENT_FROM_EXACT_TOTAL_IDENTITY;NOT_GROSS_LEDGER_CLAIM
outer,0.006747544053110693,1.0993971955031157e-08,1.106673153117299e-08,7.275957614183426e-11,NET338_MINUS339_EXTENT_FROM_EXACT_TOTAL_IDENTITY;NOT_GROSS_LEDGER_CLAIM
hybrid,0.006747544053110693,1.0993971955031157e-08,1.1081283446401358e-08,8.731149137020111e-11,NET338_MINUS339_EXTENT_FROM_EXACT_TOTAL_IDENTITY;NOT_GROSS_LEDGER_CLAIM
outer,0.007316807143427192,1.9448634702712297e-08,1.9506842363625765e-08,5.820766091346741e-11,NET338_MINUS339_EXTENT_FROM_EXACT_TOTAL_IDENTITY;NOT_GROSS_LEDGER_CLAIM
hybrid,0.007316807143427192,1.9448634702712297e-08,1.95359461940825e-08,8.731149137020111e-11,NET338_MINUS339_EXTENT_FROM_EXACT_TOTAL_IDENTITY;NOT_GROSS_LEDGER_CLAIM
outer,0.007934096665797492,3.382592694833875e-08,3.3905962482094765e-08,8.003553375601768e-11,NET338_MINUS339_EXTENT_FROM_EXACT_TOTAL_IDENTITY;NOT_GROSS_LEDGER_CLAIM
hybrid,0.007934096665797492,3.382592694833875e-08,3.39350663125515e-08,1.0913936421275139e-10,NET338_MINUS339_EXTENT_FROM_EXACT_TOTAL_IDENTITY;NOT_GROSS_LEDGER_CLAIM
outer,0.00860346441668451,5.7989382185041904e-08,5.806941771879792e-08,8.003553375601768e-11,NET338_MINUS339_EXTENT_FROM_EXACT_TOTAL_IDENTITY;NOT_GROSS_LEDGER_CLAIM
hybrid,0.00860346441668451,5.7989382185041904e-08,5.8098521549254656e-08,1.0913936421275139e-10,NET338_MINUS339_EXTENT_FROM_EXACT_TOTAL_IDENTITY;NOT_GROSS_LEDGER_CLAIM
outer,0.009329304026284686,9.794894140213728e-08,9.800714906305075e-08,5.820766091346741e-11,NET338_MINUS339_EXTENT_FROM_EXACT_TOTAL_IDENTITY;NOT_GROSS_LEDGER_CLAIM
hybrid,0.009329304026284686,9.794894140213728e-08,9.80289769358933e-08,8.003553375601768e-11,NET338_MINUS339_EXTENT_FROM_EXACT_TOTAL_IDENTITY;NOT_GROSS_LEDGER_CLAIM
outer,0.01011637979766207,1.6294507076963782e-07,1.6301055438816547e-07,6.548361852765083e-11,NET338_MINUS339_EXTENT_FROM_EXACT_TOTAL_IDENTITY;NOT_GROSS_LEDGER_CLAIM
hybrid,0.01011637979766207,1.6294507076963782e-07,1.630396582186222e-07,9.458744898438454e-11,NET338_MINUS339_EXTENT_FROM_EXACT_TOTAL_IDENTITY;NOT_GROSS_LEDGER_CLAIM
outer,0.01096985797892384,2.672168193385005e-07,2.6728957891464233e-07,7.275957614183426e-11,NET338_MINUS339_EXTENT_FROM_EXACT_TOTAL_IDENTITY;NOT_GROSS_LEDGER_CLAIM
hybrid,0.01096985797892384,2.672168193385005e-07,2.673114067874849e-07,9.458744898438454e-11,NET338_MINUS339_EXTENT_FROM_EXACT_TOTAL_IDENTITY;NOT_GROSS_LEDGER_CLAIM
outer,0.011895340673703195,4.320681910030544e-07,4.3213367462158203e-07,6.548361852765083e-11,NET338_MINUS339_EXTENT_FROM_EXACT_TOTAL_IDENTITY;NOT_GROSS_LEDGER_CLAIM
hybrid,0.011895340673703195,4.320681910030544e-07,4.3217005440965295e-07,1.0186340659856796e-10,NET338_MINUS339_EXTENT_FROM_EXACT_TOTAL_IDENTITY;NOT_GROSS_LEDGER_CLAIM
outer,0.01289890261253308,6.891132215969265e-07,6.891787052154541e-07,6.548361852765083e-11,NET338_MINUS339_EXTENT_FROM_EXACT_TOTAL_IDENTITY;NOT_GROSS_LEDGER_CLAIM
hybrid,0.01289890261253308,6.891132215969265e-07,6.892078090459108e-07,9.458744898438454e-11,NET338_MINUS339_EXTENT_FROM_EXACT_TOTAL_IDENTITY;NOT_GROSS_LEDGER_CLAIM
outer,0.013987131026472387,1.0845687938854098e-06,1.0846342775039375e-06,6.548361852765083e-11,NET338_MINUS339_EXTENT_FROM_EXACT_TOTAL_IDENTITY;NOT_GROSS_LEDGER_CLAIM
hybrid,0.013987131026472387,1.0845687938854098e-06,1.0846633813343942e-06,9.458744898438454e-11,NET338_MINUS339_EXTENT_FROM_EXACT_TOTAL_IDENTITY;NOT_GROSS_LEDGER_CLAIM
outer,0.015167168884709226,1.6852209228090942e-06,1.6852791304700077e-06,5.820766091346741e-11,NET338_MINUS339_EXTENT_FROM_EXACT_TOTAL_IDENTITY;NOT_GROSS_LEDGER_CLAIM
hybrid,0.015167168884709226,1.6852209228090942e-06,1.6853082343004644e-06,8.731149137020111e-11,NET338_MINUS339_EXTENT_FROM_EXACT_TOTAL_IDENTITY;NOT_GROSS_LEDGER_CLAIM
outer,0.016446761779946643,2.586413756944239e-06,2.5864574126899242e-06,4.3655745685100555e-11,NET338_MINUS339_EXTENT_FROM_EXACT_TOTAL_IDENTITY;NOT_GROSS_LEDGER_CLAIM
hybrid,0.016446761779946643,2.586413756944239e-06,2.5865083443932235e-06,9.458744898438454e-11,NET338_MINUS339_EXTENT_FROM_EXACT_TOTAL_IDENTITY;NOT_GROSS_LEDGER_CLAIM
outer,0.017834308769319095,3.922948963008821e-06,3.922985342796892e-06,3.637978807091713e-11,NET338_MINUS339_EXTENT_FROM_EXACT_TOTAL_IDENTITY;NOT_GROSS_LEDGER_CLAIM
hybrid,0.017834308769319095,3.922948963008821e-06,3.923028998542577e-06,8.003553375601768e-11,NET338_MINUS339_EXTENT_FROM_EXACT_TOTAL_IDENTITY;NOT_GROSS_LEDGER_CLAIM
outer,0.0193389175045523,5.883419362362474e-06,5.883441190235317e-06,2.1827872842550278e-11,NET338_MINUS339_EXTENT_FROM_EXACT_TOTAL_IDENTITY;NOT_GROSS_LEDGER_CLAIM
hybrid,0.0193389175045523,5.883419362362474e-06,5.883506673853844e-06,8.731149137020111e-11,NET338_MINUS339_EXTENT_FROM_EXACT_TOTAL_IDENTITY;NOT_GROSS_LEDGER_CLAIM
outer,0.02097046401323233,8.729410183150321e-06,8.72942473506555e-06,1.4551915228366852e-11,NET338_MINUS339_EXTENT_FROM_EXACT_TOTAL_IDENTITY;NOT_GROSS_LEDGER_CLAIM
hybrid,0.02097046401323233,8.729410183150321e-06,8.729490218684077e-06,8.003553375601768e-11,NET338_MINUS339_EXTENT_FROM_EXACT_TOTAL_IDENTITY;NOT_GROSS_LEDGER_CLAIM
outer,0.022739657523579274,1.2820586562156677e-05,1.2820593838114291e-05,7.275957614183426e-12,NET338_MINUS339_EXTENT_FROM_EXACT_TOTAL_IDENTITY;NOT_GROSS_LEDGER_CLAIM
hybrid,0.022739657523579274,1.2820586562156677e-05,1.2820681149605662e-05,9.458744898438454e-11,NET338_MINUS339_EXTENT_FROM_EXACT_TOTAL_IDENTITY;NOT_GROSS_LEDGER_CLAIM
outer,0.024658110758226038,1.8647726392373443e-05,1.8647733668331057e-05,7.275957614183426e-12,NET338_MINUS339_EXTENT_FROM_EXACT_TOTAL_IDENTITY;NOT_GROSS_LEDGER_CLAIM
hybrid,0.024658110758226038,1.8647726392373443e-05,1.864782825578004e-05,1.0186340659856796e-10,NET338_MINUS339_EXTENT_FROM_EXACT_TOTAL_IDENTITY;NOT_GROSS_LEDGER_CLAIM
outer,0.026738416158399468,2.687546657398343e-05,2.6875437470152974e-05,2.9103830456733704e-11,NET338_MINUS339_EXTENT_FROM_EXACT_TOTAL_IDENTITY;NOT_GROSS_LEDGER_CLAIM
hybrid,0.026738416158399468,2.687546657398343e-05,2.6875561161432415e-05,9.458744898438454e-11,NET338_MINUS339_EXTENT_FROM_EXACT_TOTAL_IDENTITY;NOT_GROSS_LEDGER_CLAIM
outer,0.028994228538828753,3.839770215563476e-05,3.839765122393146e-05,5.093170329928398e-11,NET338_MINUS339_EXTENT_FROM_EXACT_TOTAL_IDENTITY;NOT_GROSS_LEDGER_CLAIM
hybrid,0.028994228538828753,3.839770215563476e-05,3.8397796743083745e-05,9.458744898438454e-11,NET338_MINUS339_EXTENT_FROM_EXACT_TOTAL_IDENTITY;NOT_GROSS_LEDGER_CLAIM
outer,0.031440354715915,5.440867244033143e-05,5.440859240479767e-05,8.003553375601768e-11,NET338_MINUS339_EXTENT_FROM_EXACT_TOTAL_IDENTITY;NOT_GROSS_LEDGER_CLAIM
hybrid,0.031440354715915,5.440867244033143e-05,5.440877430373803e-05,1.0186340659856796e-10,NET338_MINUS339_EXTENT_FROM_EXACT_TOTAL_IDENTITY;NOT_GROSS_LEDGER_CLAIM
outer,0.03409285069746811,7.6493808592204e-05,7.649366307305172e-05,1.4551915228366852e-10,NET338_MINUS339_EXTENT_FROM_EXACT_TOTAL_IDENTITY;NOT_GROSS_LEDGER_CLAIM
hybrid,0.03409285069746811,7.6493808592204e-05,7.64939104556106e-05,1.0186340659856796e-10,NET338_MINUS339_EXTENT_FROM_EXACT_TOTAL_IDENTITY;NOT_GROSS_LEDGER_CLAIM
outer,0.036969127071950283,0.00010674486111383885,0.00010674465011106804,2.1100277081131935e-10,NET338_MINUS339_EXTENT_FROM_EXACT_TOTAL_IDENTITY;NOT_GROSS_LEDGER_CLAIM
hybrid,0.036969127071950283,0.00010674486111383885,0.00010674496297724545,1.0186340659856796e-10,NET338_MINUS339_EXTENT_FROM_EXACT_TOTAL_IDENTITY;NOT_GROSS_LEDGER_CLAIM
outer,0.04008806328898465,0.00014790532441111282,0.0001479050552006811,2.6921043172478676e-10,NET338_MINUS339_EXTENT_FROM_EXACT_TOTAL_IDENTITY;NOT_GROSS_LEDGER_CLAIM
hybrid,0.04008806328898465,0.00014790532441111282,0.00014790544082643464,1.1641532182693481e-10,NET338_MINUS339_EXTENT_FROM_EXACT_TOTAL_IDENTITY;NOT_GROSS_LEDGER_CLAIM
outer,0.04347013158125022,0.00020355264859972522,0.00020355229207780212,3.5652192309498787e-10,NET338_MINUS339_EXTENT_FROM_EXACT_TOTAL_IDENTITY;NOT_GROSS_LEDGER_CLAIM
hybrid,0.04347013158125022,0.00020355264859972522,0.00020355277956696227,1.3096723705530167e-10,NET338_MINUS339_EXTENT_FROM_EXACT_TOTAL_IDENTITY;NOT_GROSS_LEDGER_CLAIM
outer,0.047137531341167244,0.0002783253730740398,0.0002783249001367949,4.729372449219227e-10,NET338_MINUS339_EXTENT_FROM_EXACT_TOTAL_IDENTITY;NOT_GROSS_LEDGER_CLAIM
hybrid,0.047137531341167244,0.0002783253730740398,0.00027832554042106494,1.673470251262188e-10,NET338_MINUS339_EXTENT_FROM_EXACT_TOTAL_IDENTITY;NOT_GROSS_LEDGER_CLAIM
outer,0.051114334834401656,0.0003782045459956862,0.0003782039202633314,6.257323548197746e-10,NET338_MINUS339_EXTENT_FROM_EXACT_TOTAL_IDENTITY;NOT_GROSS_LEDGER_CLAIM
hybrid,0.051114334834401656,0.0003782045459956862,0.00037820473517058417,1.8917489796876907e-10,NET338_MINUS339_EXTENT_FROM_EXACT_TOTAL_IDENTITY;NOT_GROSS_LEDGER_CLAIM
outer,0.05542664520663107,0.0005108601471874863,0.0005108593177283183,8.294591680169106e-10,NET338_MINUS339_EXTENT_FROM_EXACT_TOTAL_IDENTITY;NOT_GROSS_LEDGER_CLAIM
hybrid,0.05542664520663107,0.0005108601471874863,0.0005108603581902571,2.1100277081131935e-10,NET338_MINUS339_EXTENT_FROM_EXACT_TOTAL_IDENTITY;NOT_GROSS_LEDGER_CLAIM
outer,0.06010276782070382,0.0006860750654595904,0.000686074017721694,1.0477378964424133e-09,NET338_MINUS339_EXTENT_FROM_EXACT_TOTAL_IDENTITY;NOT_GROSS_LEDGER_CLAIM
hybrid,0.06010276782070382,0.0006860750654595904,0.0006860753346700221,2.6921043172478676e-10,NET338_MINUS339_EXTENT_FROM_EXACT_TOTAL_IDENTITY;NOT_GROSS_LEDGER_CLAIM
outer,0.0651733960488242,0.0009162606074823998,0.0009162592759821564,1.331500243395567e-09,NET338_MINUS339_EXTENT_FROM_EXACT_TOTAL_IDENTITY;NOT_GROSS_LEDGER_CLAIM
hybrid,0.0651733960488242,0.0009162606074823998,0.0009162609567283653,3.4924596548080444e-10,NET338_MINUS339_EXTENT_FROM_EXACT_TOTAL_IDENTITY;NOT_GROSS_LEDGER_CLAIM
outer,0.07067181273927492,0.0012170789050287567,0.0012170772461104207,1.6589183360338211e-09,NET338_MINUS339_EXTENT_FROM_EXACT_TOTAL_IDENTITY;NOT_GROSS_LEDGER_CLAIM
hybrid,0.07067181273927492,0.0012170789050287567,0.0012170793634140864,4.5838532969355583e-10,NET338_MINUS339_EXTENT_FROM_EXACT_TOTAL_IDENTITY;NOT_GROSS_LEDGER_CLAIM
outer,0.07663410868007454,0.0016081893627415411,0.001608187289093621,2.0736479200422764e-09,NET338_MINUS339_EXTENT_FROM_EXACT_TOTAL_IDENTITY;NOT_GROSS_LEDGER_CLAIM
hybrid,0.07663410868007454,0.0016081893627415411,0.001608189930266235,5.675246939063072e-10,NET338_MINUS339_EXTENT_FROM_EXACT_TOTAL_IDENTITY;NOT_GROSS_LEDGER_CLAIM
outer,0.08309941949353396,0.0021141368633834645,0.002114134309522342,2.5538611225783825e-09,NET338_MINUS339_EXTENT_FROM_EXACT_TOTAL_IDENTITY;NOT_GROSS_LEDGER_CLAIM
hybrid,0.08309941949353396,0.0021141368633834645,0.002114137605531141,7.421476766467094e-10,NET338_MINUS339_EXTENT_FROM_EXACT_TOTAL_IDENTITY;NOT_GROSS_LEDGER_CLAIM
outer,0.09011018251665019,0.002765400509815663,0.002765397402981762,3.106833901256323e-09,NET338_MINUS339_EXTENT_FROM_EXACT_TOTAL_IDENTITY;NOT_GROSS_LEDGER_CLAIM
hybrid,0.09011018251665019,0.002765400509815663,0.0027654015066218562,9.968061931431293e-10,NET338_MINUS339_EXTENT_FROM_EXACT_TOTAL_IDENTITY;NOT_GROSS_LEDGER_CLAIM
outer,0.09771241535346502,0.0035996208316646516,0.003599617069994565,3.761670086532831e-09,NET338_MINUS339_EXTENT_FROM_EXACT_TOTAL_IDENTITY;NOT_GROSS_LEDGER_CLAIM
hybrid,0.09771241535346502,0.0035996208316646516,0.0035996221558889374,1.3242242857813835e-09,NET338_MINUS339_EXTENT_FROM_EXACT_TOTAL_IDENTITY;NOT_GROSS_LEDGER_CLAIM
outer,0.10595601792776159,0.004663022788008675,0.004663018291466869,4.496541805565357e-09,NET338_MINUS339_EXTENT_FROM_EXACT_TOTAL_IDENTITY;NOT_GROSS_LEDGER_CLAIM
hybrid,0.10595601792776159,0.004663022788008675,0.0046630245706182905,1.7826096154749393e-09,NET338_MINUS339_EXTENT_FROM_EXACT_TOTAL_IDENTITY;NOT_GROSS_LEDGER_CLAIM
outer,0.11489510001873086,0.006012049336277414,0.0060120440102764405,5.326000973582268e-09,NET338_MINUS339_EXTENT_FROM_EXACT_TOTAL_IDENTITY;NOT_GROSS_LEDGER_CLAIM
hybrid,0.11489510001873086,0.006012049336277414,0.006012051700963639,2.3646862246096134e-09,NET338_MINUS339_EXTENT_FROM_EXACT_TOTAL_IDENTITY;NOT_GROSS_LEDGER_CLAIM
outer,0.12458833642950082,0.007715216663200408,0.007715210442256648,6.220943760126829e-09,NET338_MINUS339_EXTENT_FROM_EXACT_TOTAL_IDENTITY;NOT_GROSS_LEDGER_CLAIM
hybrid,0.12458833642950082,0.007715216663200408,0.007715219835517928,3.1723175197839737e-09,NET338_MINUS339_EXTENT_FROM_EXACT_TOTAL_IDENTITY;NOT_GROSS_LEDGER_CLAIM
outer,0.13509935211980265,0.009855197640717961,0.009855190481175669,7.159542292356491e-09,NET338_MINUS339_EXTENT_FROM_EXACT_TOTAL_IDENTITY;NOT_GROSS_LEDGER_CLAIM
hybrid,0.13509935211980265,0.009855197640717961,0.00985520188260125,4.241883289068937e-09,NET338_MINUS339_EXTENT_FROM_EXACT_TOTAL_IDENTITY;NOT_GROSS_LEDGER_CLAIM
outer,0.14649713983072862,0.01253113360144198,0.012531125503301155,8.098140824586153e-09,NET338_MINUS339_EXTENT_FROM_EXACT_TOTAL_IDENTITY;NOT_GROSS_LEDGER_CLAIM
hybrid,0.14649713983072862,0.01253113360144198,0.01253113926941296,5.667970981448889e-09,NET338_MINUS339_EXTENT_FROM_EXACT_TOTAL_IDENTITY;NOT_GROSS_LEDGER_CLAIM
outer,0.15885651294280528,0.01586116823455086,0.01586115927057108,8.96397978067398e-09,NET338_MINUS339_EXTENT_FROM_EXACT_TOTAL_IDENTITY;NOT_GROSS_LEDGER_CLAIM
hybrid,0.15885651294280528,0.01586116823455086,0.015861175816098694,7.58154783397913e-09,NET338_MINUS339_EXTENT_FROM_EXACT_TOTAL_IDENTITY;NOT_GROSS_LEDGER_CLAIM
outer,0.17225859653987857,0.01998519057087833,0.01998518090113066,9.669747669249773e-09,NET338_MINUS339_EXTENT_FROM_EXACT_TOTAL_IDENTITY;NOT_GROSS_LEDGER_CLAIM
hybrid,0.17225859653987857,0.01998519057087833,0.019985200677183457,1.0106305126100779e-08,NET338_MINUS339_EXTENT_FROM_EXACT_TOTAL_IDENTITY;NOT_GROSS_LEDGER_CLAIM
outer,0.1867913599020783,0.025067768663575407,0.02506775855727028,1.0106305126100779e-08,NET338_MINUS339_EXTENT_FROM_EXACT_TOTAL_IDENTITY;NOT_GROSS_LEDGER_CLAIM
hybrid,0.1867913599020783,0.025067768663575407,0.025067782087717205,1.342414179816842e-08,NET338_MINUS339_EXTENT_FROM_EXACT_TOTAL_IDENTITY;NOT_GROSS_LEDGER_CLAIM
outer,0.20255019392306664,0.031301252740377095,0.03130124269955559,1.0040821507573128e-08,NET338_MINUS339_EXTENT_FROM_EXACT_TOTAL_IDENTITY;NOT_GROSS_LEDGER_CLAIM
hybrid,0.20255019392306664,0.031301252740377095,0.031301270522817504,1.7782440409064293e-08,NET338_MINUS339_EXTENT_FROM_EXACT_TOTAL_IDENTITY;NOT_GROSS_LEDGER_CLAIM
outer,0.2196385372416547,0.03890902861894574,0.03890901934209978,9.276845958083868e-09,NET338_MINUS339_EXTENT_FROM_EXACT_TOTAL_IDENTITY;NOT_GROSS_LEDGER_CLAIM
hybrid,0.2196385372416547,0.03890902861894574,0.03890905209846096,2.3479515220969915e-08,NET338_MINUS339_EXTENT_FROM_EXACT_TOTAL_IDENTITY;NOT_GROSS_LEDGER_CLAIM
outer,0.23816855519761582,0.048148910311283544,0.048148902831599116,7.479684427380562e-09,NET338_MINUS339_EXTENT_FROM_EXACT_TOTAL_IDENTITY;NOT_GROSS_LEDGER_CLAIM
hybrid,0.23816855519761582,0.048148910311283544,0.04814894117589574,3.086461219936609e-08,NET338_MINUS339_EXTENT_FROM_EXACT_TOTAL_IDENTITY;NOT_GROSS_LEDGER_CLAIM
outer,0.2582618760682675,0.05931667771801585,0.059316673476132564,4.241883289068937e-09,NET338_MINUS339_EXTENT_FROM_EXACT_TOTAL_IDENTITY;NOT_GROSS_LEDGER_CLAIM
hybrid,0.2582618760682675,0.05931667771801585,0.05931671809958061,4.0381564758718014e-08,NET338_MINUS339_EXTENT_FROM_EXACT_TOTAL_IDENTITY;NOT_GROSS_LEDGER_CLAIM
outer,0.2800503894183631,0.07274979199428344,0.07274979288195027,8.87666828930378e-10,NET338_MINUS339_EXTENT_FROM_EXACT_TOTAL_IDENTITY;NOT_GROSS_LEDGER_CLAIM
hybrid,0.2800503894183631,0.07274979199428344,0.07274984457035316,5.2576069720089436e-08,NET338_MINUS339_EXTENT_FROM_EXACT_TOTAL_IDENTITY;NOT_GROSS_LEDGER_CLAIM
outer,0.30367711180354573,0.08883135791984387,0.08883136649092194,8.571078069508076e-09,NET338_MINUS339_EXTENT_FROM_EXACT_TOTAL_IDENTITY;NOT_GROSS_LEDGER_CLAIM
hybrid,0.30367711180354573,0.08883135791984387,0.08883142602280714,6.810296326875687e-08,NET338_MINUS339_EXTENT_FROM_EXACT_TOTAL_IDENTITY;NOT_GROSS_LEDGER_CLAIM
outer,0.3292971255097151,0.10799444883741671,0.10799446838063886,1.9543222151696682e-08,NET338_MINUS339_EXTENT_FROM_EXACT_TOTAL_IDENTITY;NOT_GROSS_LEDGER_CLAIM
hybrid,0.3292971255097151,0.10799444883741671,0.10799453660729341,8.776987669989467e-08,NET338_MINUS339_EXTENT_FROM_EXACT_TOTAL_IDENTITY;NOT_GROSS_LEDGER_CLAIM
outer,0.35707859649004625,0.13072696109884419,0.1307269957542303,3.465538611635566e-08,NET338_MINUS339_EXTENT_FROM_EXACT_TOTAL_IDENTITY;NOT_GROSS_LEDGER_CLAIM
hybrid,0.35707859649004625,0.13072696109884419,0.1307270735487691,1.1244992492720485e-07,NET338_MINUS339_EXTENT_FROM_EXACT_TOTAL_IDENTITY;NOT_GROSS_LEDGER_CLAIM
outer,0.3872038781812553,0.15757721691625193,0.15757727192976745,5.501351552084088e-08,NET338_MINUS339_EXTENT_FROM_EXACT_TOTAL_IDENTITY;NOT_GROSS_LEDGER_CLAIM
hybrid,0.3872038781812553,0.15757721691625193,0.15757736014347756,1.4322722563520074e-07,NET338_MINUS339_EXTENT_FROM_EXACT_TOTAL_IDENTITY;NOT_GROSS_LEDGER_CLAIM
outer,0.419870708444391,0.18916057879687287,0.18916066060774028,8.181086741387844e-08,NET338_MINUS339_EXTENT_FROM_EXACT_TOTAL_IDENTITY;NOT_GROSS_LEDGER_CLAIM
hybrid,0.419870708444391,0.18916057879687287,0.18916076017194428,1.8137507140636444e-07,NET338_MINUS339_EXTENT_FROM_EXACT_TOTAL_IDENTITY;NOT_GROSS_LEDGER_CLAIM
outer,0.4552935074866948,0.22616736641066382,0.22616748287691735,1.164662535302341e-07,NET338_MINUS339_EXTENT_FROM_EXACT_TOTAL_IDENTITY;NOT_GROSS_LEDGER_CLAIM
hybrid,0.4552935074866948,0.22616736641066382,0.22616759470838588,2.2829772206023335e-07,NET338_MINUS339_EXTENT_FROM_EXACT_TOTAL_IDENTITY;NOT_GROSS_LEDGER_CLAIM
outer,0.4937047852839004,0.26937236925732577,0.26937252990319394,1.6064586816355586e-07,NET338_MINUS339_EXTENT_FROM_EXACT_TOTAL_IDENTITY;NOT_GROSS_LEDGER_CLAIM
hybrid,0.4937047852839004,0.26937236925732577,0.26937265488959383,2.8563226805999875e-07,NET338_MINUS339_EXTENT_FROM_EXACT_TOTAL_IDENTITY;NOT_GROSS_LEDGER_CLAIM
outer,0.5353566677410724,0.3196462198829977,0.3196464361026301,2.1621963242068887e-07,NET338_MINUS339_EXTENT_FROM_EXACT_TOTAL_IDENTITY;NOT_GROSS_LEDGER_CLAIM
hybrid,0.5353566677410724,0.3196462198829977,0.3196465751825599,3.5529956221580505e-07,NET338_MINUS339_EXTENT_FROM_EXACT_TOTAL_IDENTITY;NOT_GROSS_LEDGER_CLAIM
outer,0.5805225516094895,0.37796883231931133,0.37796911763143726,2.853121259249747e-07,NET338_MINUS339_EXTENT_FROM_EXACT_TOTAL_IDENTITY;NOT_GROSS_LEDGER_CLAIM
hybrid,0.5805225516094895,0.37796883231931133,0.3779692717071157,4.393878043629229e-07,NET338_MINUS339_EXTENT_FROM_EXACT_TOTAL_IDENTITY;NOT_GROSS_LEDGER_CLAIM
outer,0.6294988990221888,0.44544502592179924,0.4454453963189735,3.7039717426523566e-07,NET338_MINUS339_EXTENT_FROM_EXACT_TOTAL_IDENTITY;NOT_GROSS_LEDGER_CLAIM
hybrid,0.6294988990221888,0.44544502592179924,0.44544556627079146,5.403489922173321e-07,NET338_MINUS339_EXTENT_FROM_EXACT_TOTAL_IDENTITY;NOT_GROSS_LEDGER_CLAIM
outer,0.6826071834272386,0.5233223647228442,0.5233228389406577,4.7421781346201897e-07,NET338_MINUS339_EXTENT_FROM_EXACT_TOTAL_IDENTITY;NOT_GROSS_LEDGER_CLAIM
hybrid,0.6826071834272386,0.5233223647228442,0.5233230256344541,6.609116098843515e-07,NET338_MINUS339_EXTENT_FROM_EXACT_TOTAL_IDENTITY;NOT_GROSS_LEDGER_CLAIM
outer,0.7401959996915645,0.6130111714737723,0.6130117713619256,5.998881533741951e-07,NET338_MINUS339_EXTENT_FROM_EXACT_TOTAL_IDENTITY;NOT_GROSS_LEDGER_CLAIM
hybrid,0.7401959996915645,0.6130111714737723,0.6130119756562635,8.041824912652373e-07,NET338_MINUS339_EXTENT_FROM_EXACT_TOTAL_IDENTITY;NOT_GROSS_LEDGER_CLAIM
outer,0.8026433522257174,0.7161066601620405,0.7161074111281778,7.509661372750998e-07,NET338_MINUS339_EXTENT_FROM_EXACT_TOTAL_IDENTITY;NOT_GROSS_LEDGER_CLAIM
hybrid,0.8026433522257174,0.7161066601620405,0.7161076338597923,9.736977517604828e-07,NET338_MINUS339_EXTENT_FROM_EXACT_TOTAL_IDENTITY;NOT_GROSS_LEDGER_CLAIM
outer,0.8703591361485166,0.834413206714089,0.8344141380366636,9.313225746154785e-07,NET338_MINUS339_EXTENT_FROM_EXACT_TOTAL_IDENTITY;NOT_GROSS_LEDGER_CLAIM
hybrid,0.8703591361485166,0.834413206714089,0.8344143800277379,1.173313648905605e-06,NET338_MINUS339_EXTENT_FROM_EXACT_TOTAL_IDENTITY;NOT_GROSS_LEDGER_CLAIM
outer,0.9437878277775381,0.9699709820415592,0.9699721274591866,1.1454176274128258e-06,NET338_MINUS339_EXTENT_FROM_EXACT_TOTAL_IDENTITY;NOT_GROSS_LEDGER_CLAIM
hybrid,0.9437878277775381,0.9699709820415592,0.9699723894955241,1.4074539649300277e-06,NET338_MINUS339_EXTENT_FROM_EXACT_TOTAL_IDENTITY;NOT_GROSS_LEDGER_CLAIM
outer,1.0234114021054528,1.1250855426696944,1.125086940723122,1.3980534276925027e-06,NET338_MINUS339_EXTENT_FROM_EXACT_TOTAL_IDENTITY;NOT_GROSS_LEDGER_CLAIM
hybrid,1.0234114021054528,1.1250855426696944,1.12508722361963,1.6809499356895685e-06,NET338_MINUS339_EXTENT_FROM_EXACT_TOTAL_IDENTITY;NOT_GROSS_LEDGER_CLAIM
outer,1.1097524964120722,1.3023615533384145,1.3023632479817024,1.6946432879194617e-06,NET338_MINUS339_EXTENT_FROM_EXACT_TOTAL_IDENTITY;NOT_GROSS_LEDGER_CLAIM
hybrid,1.1097524964120722,1.3023615533384145,1.302363552596944,1.999258529394865e-06,NET338_MINUS339_EXTENT_FROM_EXACT_TOTAL_IDENTITY;NOT_GROSS_LEDGER_CLAIM
outer,1.2033778407775906,1.5047426800592802,1.5047447211691178,2.041109837591648e-06,NET338_MINUS339_EXTENT_FROM_EXACT_TOTAL_IDENTITY;NOT_GROSS_LEDGER_CLAIM
hybrid,1.2033778407775906,1.5047426800592802,1.504745048339828,2.36828054767102e-06,NET338_MINUS339_EXTENT_FROM_EXACT_TOTAL_IDENTITY;NOT_GROSS_LEDGER_CLAIM
outer,1.3049019780144016,1.7355609790756716,1.7355634229897987,2.4439141270704567e-06,NET338_MINUS339_EXTENT_FROM_EXACT_TOTAL_IDENTITY;NOT_GROSS_LEDGER_CLAIM
hybrid,1.3049019780144016,1.7355609790756716,1.735563773640024,2.7945643523707986e-06,NET338_MINUS339_EXTENT_FROM_EXACT_TOTAL_IDENTITY;NOT_GROSS_LEDGER_CLAIM
outer,1.414991297434576,1.9986011030050577,1.9986040131843765,2.9101793188601732e-06,NET338_MINUS339_EXTENT_FROM_EXACT_TOTAL_IDENTITY;NOT_GROSS_LEDGER_CLAIM
hybrid,1.414991297434576,1.9986011030050577,1.9986043883836828,3.28537862515077e-06,NET338_MINUS339_EXTENT_FROM_EXACT_TOTAL_IDENTITY;NOT_GROSS_LEDGER_CLAIM
outer,1.5343684089300131,2.2981878912469256,2.298191339126788,3.4478798625059426e-06,NET338_MINUS339_EXTENT_FROM_EXACT_TOTAL_IDENTITY;NOT_GROSS_LEDGER_CLAIM
hybrid,1.5343684089300131,2.2981878912469256,2.298191740133916,3.848886990454048e-06,NET338_MINUS339_EXTENT_FROM_EXACT_TOTAL_IDENTITY;NOT_GROSS_LEDGER_CLAIM
outer,1.6638168860761273,2.639311419457954,2.63931548572873,4.066270776093006e-06,NET338_MINUS339_EXTENT_FROM_EXACT_TOTAL_IDENTITY;NOT_GROSS_LEDGER_CLAIM
hybrid,1.6638168860761273,2.639311419457954,2.639315914151666,4.494693712331355e-06,NET338_MINUS339_EXTENT_FROM_EXACT_TOTAL_IDENTITY;NOT_GROSS_LEDGER_CLAIM
outer,1.8041864093920719,3.02781309679267,3.0278178733569803,4.7765643103048205e-06,NET338_MINUS339_EXTENT_FROM_EXACT_TOTAL_IDENTITY;NOT_GROSS_LEDGER_CLAIM
hybrid,1.8041864093920719,3.02781309679267,3.0278183313130285,5.2345203584991395e-06,NET338_MINUS339_EXTENT_FROM_EXACT_TOTAL_IDENTITY;NOT_GROSS_LEDGER_CLAIM
outer,1.9563983435170649,3.4706720905014663,3.470677683792019,5.59329055249691e-06,NET338_MINUS339_EXTENT_FROM_EXACT_TOTAL_IDENTITY;NOT_GROSS_LEDGER_CLAIM
hybrid,1.9563983435170649,3.4706720905014663,3.4706781742424937,6.083741027396172e-06,NET338_MINUS339_EXTENT_FROM_EXACT_TOTAL_IDENTITY;NOT_GROSS_LEDGER_CLAIM
outer,2.1214517849106276,3.9764494783667033,3.976456015225267,6.536858563777059e-06,NET338_MINUS339_EXTENT_FROM_EXACT_TOTAL_IDENTITY;NOT_GROSS_LEDGER_CLAIM
hybrid,2.1214517849106276,3.9764494783667033,3.9764565423392924,7.063972589094192e-06,NET338_MINUS339_EXTENT_FROM_EXACT_TOTAL_IDENTITY;NOT_GROSS_LEDGER_CLAIM
outer,2.300430119772917,4.555902074265759,4.555909711656568,7.637390808667988e-06,NET338_MINUS339_EXTENT_FROM_EXACT_TOTAL_IDENTITY;NOT_GROSS_LEDGER_CLAIM
hybrid,2.300430119772917,4.555902074265759,4.5559102811603225,8.206894563045353e-06,NET338_MINUS339_EXTENT_FROM_EXACT_TOTAL_IDENTITY;NOT_GROSS_LEDGER_CLAIM
outer,2.4945081352303164,5.222067107541079,5.222076044272399,8.936731319408864e-06,NET338_MINUS339_EXTENT_FROM_EXACT_TOTAL_IDENTITY;NOT_GROSS_LEDGER_CLAIM
hybrid,2.4945081352303164,5.222067107541079,5.222076661193569,9.553652489557862e-06,NET338_MINUS339_EXTENT_FROM_EXACT_TOTAL_IDENTITY;NOT_GROSS_LEDGER_CLAIM
outer,2.704959730463137,5.98369627718057,5.983706721715862,1.044453529175371e-05,NET338_MINUS339_EXTENT_FROM_EXACT_TOTAL_IDENTITY;NOT_GROSS_LEDGER_CLAIM
hybrid,2.704959730463137,5.98369627718057,5.983707371335186,1.1094154615420848e-05,NET338_MINUS339_EXTENT_FROM_EXACT_TOTAL_IDENTITY;NOT_GROSS_LEDGER_CLAIM
outer,2.9331662783900425,6.816722423463943,6.816734332642227,1.1909178283531219e-05,NET338_MINUS339_EXTENT_FROM_EXACT_TOTAL_IDENTITY;NOT_GROSS_LEDGER_CLAIM
hybrid,2.9331662783900425,6.816722423463943,6.816734948552039,1.2525088095571846e-05,NET338_MINUS339_EXTENT_FROM_EXACT_TOTAL_IDENTITY;NOT_GROSS_LEDGER_CLAIM
outer,3.180625692794119,7.661337785619253,7.6613505949644605,1.2809345207642764e-05,NET338_MINUS339_EXTENT_FROM_EXACT_TOTAL_IDENTITY;NOT_GROSS_LEDGER_CLAIM
hybrid,3.180625692794119,7.661337785619253,7.66135111823678,1.3332617527339607e-05,NET338_MINUS339_EXTENT_FROM_EXACT_TOTAL_IDENTITY;NOT_GROSS_LEDGER_CLAIM
outer,3.44896226040576,8.479929699533386,8.479942638950888,1.2939417501911521e-05,NET338_MINUS339_EXTENT_FROM_EXACT_TOTAL_IDENTITY;NOT_GROSS_LEDGER_CLAIM
hybrid,3.44896226040576,8.479929699533386,8.479943059704965,1.336017157882452e-05,NET338_MINUS339_EXTENT_FROM_EXACT_TOTAL_IDENTITY;NOT_GROSS_LEDGER_CLAIM
outer,3.739937302478794,9.264337669075758,9.26435009285342,1.2423777661751956e-05,NET338_MINUS339_EXTENT_FROM_EXACT_TOTAL_IDENTITY;NOT_GROSS_LEDGER_CLAIM
hybrid,3.739937302478794,9.264337669075758,9.264350421195559,1.2752119801007211e-05,NET338_MINUS339_EXTENT_FROM_EXACT_TOTAL_IDENTITY;NOT_GROSS_LEDGER_CLAIM
outer,4.0554607358408274,10.017276585153013,10.01728805246239,1.146730937762186e-05,NET338_MINUS339_EXTENT_FROM_EXACT_TOTAL_IDENTITY;NOT_GROSS_LEDGER_CLAIM
hybrid,4.0554607358408274,10.017276585153013,10.017288302260567,1.1717107554432005e-05,NET338_MINUS339_EXTENT_FROM_EXACT_TOTAL_IDENTITY;NOT_GROSS_LEDGER_CLAIM
outer,4.397603609302721,10.74468995352072,10.744700214432669,1.0260911949444562e-05,NET338_MINUS339_EXTENT_FROM_EXACT_TOTAL_IDENTITY;NOT_GROSS_LEDGER_CLAIM
hybrid,4.397603609302721,10.74468995352072,10.744700399445719,1.0445924999658018e-05,NET338_MINUS339_EXTENT_FROM_EXACT_TOTAL_IDENTITY;NOT_GROSS_LEDGER_CLAIM
outer,4.768611697714475,11.453675477896468,11.453684437430638,8.959534170571715e-06,NET338_MINUS339_EXTENT_FROM_EXACT_TOTAL_IDENTITY;NOT_GROSS_LEDGER_CLAIM
hybrid,4.768611697714475,11.453675477896468,11.453684570435144,9.092538675758988e-06,NET338_MINUS339_EXTENT_FROM_EXACT_TOTAL_IDENTITY;NOT_GROSS_LEDGER_CLAIM
outer,5.170920242896756,12.151395894863526,12.151403572126583,7.677263056393713e-06,NET338_MINUS339_EXTENT_FROM_EXACT_TOTAL_IDENTITY;NOT_GROSS_LEDGER_CLAIM
hybrid,5.170920242896756,12.151395894863526,12.151403664560348,7.769696821924299e-06,NET338_MINUS339_EXTENT_FROM_EXACT_TOTAL_IDENTITY;NOT_GROSS_LEDGER_CLAIM
outer,5.607169938205458,12.843867559407954,12.843874047066492,6.487658538389951e-06,NET338_MINUS339_EXTENT_FROM_EXACT_TOTAL_IDENTITY;NOT_GROSS_LEDGER_CLAIM
hybrid,5.607169938205458,12.843867559407954,12.843874108817545,6.549409590661526e-06,NET338_MINUS339_EXTENT_FROM_EXACT_TOTAL_IDENTITY;NOT_GROSS_LEDGER_CLAIM
outer,6.080224261649427,13.5345082560234,13.534513683189289,5.427165888249874e-06,NET338_MINUS339_EXTENT_FROM_EXACT_TOTAL_IDENTITY;NOT_GROSS_LEDGER_CLAIM
hybrid,6.080224261649427,13.5345082560234,13.53451372267591,5.4666525102220476e-06,NET338_MINUS339_EXTENT_FROM_EXACT_TOTAL_IDENTITY;NOT_GROSS_LEDGER_CLAIM
outer,6.593188271333542,14.222801727431943,14.222806230071,4.502639058046043e-06,NET338_MINUS339_EXTENT_FROM_EXACT_TOTAL_IDENTITY;NOT_GROSS_LEDGER_CLAIM
hybrid,6.593188271333542,14.222801727431943,14.222806254045281,4.526613338384777e-06,NET338_MINUS339_EXTENT_FROM_EXACT_TOTAL_IDENTITY;NOT_GROSS_LEDGER_CLAIM
outer,7.149428986597577,14.904229769796075,14.904233472567284,3.7027712096460164e-06,NET338_MINUS339_EXTENT_FROM_EXACT_TOTAL_IDENTITY;NOT_GROSS_LEDGER_CLAIM
hybrid,7.149428986597577,14.904229769796075,14.904233486333396,3.7165373214520514e-06,NET338_MINUS339_EXTENT_FROM_EXACT_TOTAL_IDENTITY;NOT_GROSS_LEDGER_CLAIM
outer,7.752597488629465,15.573405401577475,15.573408416945313,3.015367838088423e-06,NET338_MINUS339_EXTENT_FROM_EXACT_TOTAL_IDENTITY;NOT_GROSS_LEDGER_CLAIM
hybrid,7.752597488629465,15.573405401577475,15.573408424424997,3.0228475225158036e-06,NET338_MINUS339_EXTENT_FROM_EXACT_TOTAL_IDENTITY;NOT_GROSS_LEDGER_CLAIM
outer,8.406652885618316,16.230964222646435,16.230966664894368,2.4422479327768087e-06,NET338_MINUS339_EXTENT_FROM_EXACT_TOTAL_IDENTITY;NOT_GROSS_LEDGER_CLAIM
hybrid,8.406652885618316,16.230964222646435,16.23096666874335,2.4460969143547118e-06,NET338_MINUS339_EXTENT_FROM_EXACT_TOTAL_IDENTITY;NOT_GROSS_LEDGER_CLAIM
outer,9.115888299750818,16.890095567068784,16.890097566072654,1.9990038708783686e-06,NET338_MINUS339_EXTENT_FROM_EXACT_TOTAL_IDENTITY;NOT_GROSS_LEDGER_CLAIM
hybrid,9.115888299750818,16.890095567068784,16.890097567942576,2.0008737919852138e-06,NET338_MINUS339_EXTENT_FROM_EXACT_TOTAL_IDENTITY;NOT_GROSS_LEDGER_CLAIM
outer,9.884959046625585,17.57681337113172,17.576815071581223,1.70044950209558e-06,NET338_MINUS339_EXTENT_FROM_EXACT_TOTAL_IDENTITY;NOT_GROSS_LEDGER_CLAIM
hybrid,9.884959046625585,17.57681337113172,17.576815072417958,1.7012862372212112e-06,NET338_MINUS339_EXTENT_FROM_EXACT_TOTAL_IDENTITY;NOT_GROSS_LEDGER_CLAIM
outer,10.718913192051286,18.324309681513114,18.324311229778687,1.5482655726373196e-06,NET338_MINUS339_EXTENT_FROM_EXACT_TOTAL_IDENTITY;NOT_GROSS_LEDGER_CLAIM
hybrid,10.718913192051286,18.324309681513114,18.324311230091553,1.5485784388147295e-06,NET338_MINUS339_EXTENT_FROM_EXACT_TOTAL_IDENTITY;NOT_GROSS_LEDGER_CLAIM
outer,11.623224686798519,19.167093661737454,19.16709519178403,1.5300465747714043e-06,NET338_MINUS339_EXTENT_FROM_EXACT_TOTAL_IDENTITY;NOT_GROSS_LEDGER_CLAIM
hybrid,11.623224686798519,19.167093661737454,19.167095191842236,1.5301047824323177e-06,NET338_MINUS339_EXTENT_FROM_EXACT_TOTAL_IDENTITY;NOT_GROSS_LEDGER_CLAIM
outer,12.603829296797274,20.138422311698378,20.138423937860352,1.6261619748547673e-06,NET338_MINUS339_EXTENT_FROM_EXACT_TOTAL_IDENTITY;NOT_GROSS_LEDGER_CLAIM
hybrid,12.603829296797274,20.138422311698378,20.13842393780942,1.626111043151468e-06,NET338_MINUS339_EXTENT_FROM_EXACT_TOTAL_IDENTITY;NOT_GROSS_LEDGER_CLAIM
outer,13.667163564620074,21.2706117135167,21.270613530563423,1.8170467228628695e-06,NET338_MINUS339_EXTENT_FROM_EXACT_TOTAL_IDENTITY;NOT_GROSS_LEDGER_CLAIM
hybrid,13.667163564620074,21.2706117135167,21.270613530447008,1.8169303075410426e-06,NET338_MINUS339_EXTENT_FROM_EXACT_TOTAL_IDENTITY;NOT_GROSS_LEDGER_CLAIM
outer,14.82020705798857,22.596642399264965,22.59664448724652,2.0879815565422177e-06,NET338_MINUS339_EXTENT_FROM_EXACT_TOTAL_IDENTITY;NOT_GROSS_LEDGER_CLAIM
hybrid,14.82020705798857,22.596642399264965,22.596644487101003,2.087836037389934e-06,NET338_MINUS339_EXTENT_FROM_EXACT_TOTAL_IDENTITY;NOT_GROSS_LEDGER_CLAIM
outer,16.070528182616385,24.151993537248927,24.151995968233678,2.430984750390053e-06,NET338_MINUS339_EXTENT_FROM_EXACT_TOTAL_IDENTITY;NOT_GROSS_LEDGER_CLAIM
hybrid,16.070528182616385,24.151993537248927,24.151995968095434,2.4308465071953833e-06,NET338_MINUS339_EXTENT_FROM_EXACT_TOTAL_IDENTITY;NOT_GROSS_LEDGER_CLAIM
outer,17.42633386009651,25.976299329908215,25.976302174771263,2.8448630473576486e-06,NET338_MINUS339_EXTENT_FROM_EXACT_TOTAL_IDENTITY;NOT_GROSS_LEDGER_CLAIM
hybrid,17.42633386009651,25.976299329908215,25.976302174618468,2.8447102522477508e-06,NET338_MINUS339_EXTENT_FROM_EXACT_TOTAL_IDENTITY;NOT_GROSS_LEDGER_CLAIM
outer,18.896523396912077,28.114783775767137,28.114787109610916,3.3338437788188457e-06,NET338_MINUS339_EXTENT_FROM_EXACT_TOTAL_IDENTITY;NOT_GROSS_LEDGER_CLAIM
hybrid,18.896523396912077,28.114783775767137,28.114787109450845,3.3336837077513337e-06,NET338_MINUS339_EXTENT_FROM_EXACT_TOTAL_IDENTITY;NOT_GROSS_LEDGER_CLAIM
outer,20.49074689815846,30.619562210784352,30.619566117413342,3.906628990080208e-06,NET338_MINUS339_EXTENT_FROM_EXACT_TOTAL_IDENTITY;NOT_GROSS_LEDGER_CLAIM
hybrid,20.49074689815846,30.619562210784352,30.61956611725327,3.9064689190126956e-06,NET338_MINUS339_EXTENT_FROM_EXACT_TOTAL_IDENTITY;NOT_GROSS_LEDGER_CLAIM
outer,22.21946860939524,33.550918124259624,33.55092269989109,4.575631464831531e-06,NET338_MINUS339_EXTENT_FROM_EXACT_TOTAL_IDENTITY;NOT_GROSS_LEDGER_CLAIM
hybrid,22.21946860939524,33.550918124259624,33.55092269969464,4.575435013975948e-06,NET338_MINUS339_EXTENT_FROM_EXACT_TOTAL_IDENTITY;NOT_GROSS_LEDGER_CLAIM
outer,24.09403560239527,36.978644158967654,36.97864951486554,5.3558978834189475e-06,NET338_MINUS339_EXTENT_FROM_EXACT_TOTAL_IDENTITY;NOT_GROSS_LEDGER_CLAIM
hybrid,24.09403560239527,36.978644158967654,36.97864951466181,5.35569415660575e-06,NET338_MINUS339_EXTENT_FROM_EXACT_TOTAL_IDENTITY;NOT_GROSS_LEDGER_CLAIM
outer,26.126752255633264,40.9835101452627,40.98351641082991,6.265567208174616e-06,NET338_MINUS339_EXTENT_FROM_EXACT_TOTAL_IDENTITY;NOT_GROSS_LEDGER_CLAIM
hybrid,26.126752255633264,40.9835101452627,40.98351641061163,6.265348929446191e-06,NET338_MINUS339_EXTENT_FROM_EXACT_TOTAL_IDENTITY;NOT_GROSS_LEDGER_CLAIM
outer,28.330961018393243,45.65889935291489,45.658906678851054,7.325936167035252e-06,NET338_MINUS339_EXTENT_FROM_EXACT_TOTAL_IDENTITY;NOT_GROSS_LEDGER_CLAIM
hybrid,28.330961018393243,45.65889935291489,45.65890667860367,7.32568878447637e-06,NET338_MINUS339_EXTENT_FROM_EXACT_TOTAL_IDENTITY;NOT_GROSS_LEDGER_CLAIM
outer,30.72112998861759,51.11263679374679,51.11264535552618,8.56177939567715e-06,NET338_MINUS339_EXTENT_FROM_EXACT_TOTAL_IDENTITY;NOT_GROSS_LEDGER_CLAIM
hybrid,30.72112998861759,51.11263679374679,51.1126453552788,8.561532013118267e-06,NET338_MINUS339_EXTENT_FROM_EXACT_TOTAL_IDENTITY;NOT_GROSS_LEDGER_CLAIM
outer,33.3129478793467,57.46901663031167,57.46902663203218,1.0001720511354506e-05,NET338_MINUS339_EXTENT_FROM_EXACT_TOTAL_IDENTITY;NOT_GROSS_LEDGER_CLAIM
hybrid,33.3129478793467,57.46901663031167,57.469026631755696,1.0001444024965167e-05,NET338_MINUS339_EXTENT_FROM_EXACT_TOTAL_IDENTITY;NOT_GROSS_LEDGER_CLAIM
outer,36.123426997094306,64.87101763787359,64.8710293164986,1.1678625014610589e-05,NET338_MINUS339_EXTENT_FROM_EXACT_TOTAL_IDENTITY;NOT_GROSS_LEDGER_CLAIM
hybrid,36.123426997094306,64.87101763787359,64.87102931622212,1.167834852822125e-05,NET338_MINUS339_EXTENT_FROM_EXACT_TOTAL_IDENTITY;NOT_GROSS_LEDGER_CLAIM
outer,39.17101490809261,73.4826794612527,73.48269309123862,1.3629985915031284e-05,NET338_MINUS339_EXTENT_FROM_EXACT_TOTAL_IDENTITY;NOT_GROSS_LEDGER_CLAIM
hybrid,39.17101490809261,73.4826794612527,73.48269309093303,1.3629680324811488e-05,NET338_MINUS339_EXTENT_FROM_EXACT_TOTAL_IDENTITY;NOT_GROSS_LEDGER_CLAIM
outer,42.47571552536894,83.49160520271835,83.49162110094039,1.5898222045507282e-05,NET338_MINUS339_EXTENT_FROM_EXACT_TOTAL_IDENTITY;NOT_GROSS_LEDGER_CLAIM
hybrid,42.47571552536894,83.49160520271835,83.49162110061297,1.5897894627414644e-05,NET338_MINUS339_EXTENT_FROM_EXACT_TOTAL_IDENTITY;NOT_GROSS_LEDGER_CLAIM
outer,46.05922041145104,95.11156225501327,95.11158078534936,1.8530336092226207e-05,NET338_MINUS339_EXTENT_FROM_EXACT_TOTAL_IDENTITY;NOT_GROSS_LEDGER_CLAIM
hybrid,46.05922041145104,95.11156225501327,95.11158078500739,1.852999412221834e-05,NET338_MINUS339_EXTENT_FROM_EXACT_TOTAL_IDENTITY;NOT_GROSS_LEDGER_CLAIM
outer,49.9450511585514,108.5851686314636,108.58519021021493,2.157875132979825e-05,NET338_MINUS339_EXTENT_FROM_EXACT_TOTAL_IDENTITY;NOT_GROSS_LEDGER_CLAIM
hybrid,49.9450511585514,108.5851686314636,108.58519020983658,2.1578372980002314e-05,NET338_MINUS339_EXTENT_FROM_EXACT_TOTAL_IDENTITY;NOT_GROSS_LEDGER_CLAIM
outer,54.15871378079476,124.18666308956745,124.18668819069717,2.5101129722315818e-05,NET338_MINUS339_EXTENT_FROM_EXACT_TOTAL_IDENTITY;NOT_GROSS_LEDGER_CLAIM
hybrid,54.15871378079476,124.18666308956745,124.18668819031154,2.5100744096562266e-05,NET338_MINUS339_EXTENT_FROM_EXACT_TOTAL_IDENTITY;NOT_GROSS_LEDGER_CLAIM
outer,58.72786613189477,142.22475143115298,142.22478059186687,2.916071389336139e-05,NET338_MINUS339_EXTENT_FROM_EXACT_TOTAL_IDENTITY;NOT_GROSS_LEDGER_CLAIM
hybrid,58.72786613189477,142.22475143115298,142.22478059147397,2.9160320991650224e-05,NET338_MINUS339_EXTENT_FROM_EXACT_TOTAL_IDENTITY;NOT_GROSS_LEDGER_CLAIM
outer,63.68249944718586,163.04549640932237,163.04553023574408,3.382642171345651e-05,NET338_MINUS339_EXTENT_FROM_EXACT_TOTAL_IDENTITY;NOT_GROSS_LEDGER_CLAIM
hybrid,63.68249944718586,163.04549640932237,163.04553023508925,3.3825766877271235e-05,NET338_MINUS339_EXTENT_FROM_EXACT_TOTAL_IDENTITY;NOT_GROSS_LEDGER_CLAIM
outer,69.0551352016233,187.03518444723886,187.03522362060176,3.91733628930524e-05,NET338_MINUS339_EXTENT_FROM_EXACT_TOTAL_IDENTITY;NOT_GROSS_LEDGER_CLAIM
hybrid,69.0551352016233,187.03518444723886,187.03522361993964,3.917270078090951e-05,NET338_MINUS339_EXTENT_FROM_EXACT_TOTAL_IDENTITY;NOT_GROSS_LEDGER_CLAIM
outer,74.88103857590015,214.62307260030502,214.62311788194347,4.52816384495236e-05,NET338_MINUS339_EXTENT_FROM_EXACT_TOTAL_IDENTITY;NOT_GROSS_LEDGER_CLAIM
hybrid,74.88103857590015,214.62307260030502,214.62311788149964,4.528119461610913e-05,NET338_MINUS339_EXTENT_FROM_EXACT_TOTAL_IDENTITY;NOT_GROSS_LEDGER_CLAIM
outer,81.19844993184009,246.2839022347689,246.28395447173534,5.22369664395228e-05,NET338_MINUS339_EXTENT_FROM_EXACT_TOTAL_IDENTITY;NOT_GROSS_LEDGER_CLAIM
hybrid,81.19844993184009,246.2839022347689,246.28395447134244,5.223657353781164e-05,NET338_MINUS339_EXTENT_FROM_EXACT_TOTAL_IDENTITY;NOT_GROSS_LEDGER_CLAIM
outer,88.04883581643465,282.5400617390478,282.54012186826003,6.012921221554279e-05,NET338_MINUS339_EXTENT_FROM_EXACT_TOTAL_IDENTITY;NOT_GROSS_LEDGER_CLAIM
hybrid,88.04883581643465,282.5400617390478,282.5401218678089,6.0128761106170714e-05,NET338_MINUS339_EXTENT_FROM_EXACT_TOTAL_IDENTITY;NOT_GROSS_LEDGER_CLAIM
outer,95.47716114208066,323.9632850416456,323.9633540929499,6.905130430823192e-05,NET338_MINUS339_EXTENT_FROM_EXACT_TOTAL_IDENTITY;NOT_GROSS_LEDGER_CLAIM
hybrid,95.47716114208066,323.9632850416456,323.9633540924988,6.905085319885984e-05,NET338_MINUS339_EXTENT_FROM_EXACT_TOTAL_IDENTITY;NOT_GROSS_LEDGER_CLAIM
outer,103.53218432956616,371.1757835038079,371.1758626015435,7.909773557912558e-05,NET338_MINUS339_EXTENT_FROM_EXACT_TOTAL_IDENTITY;NOT_GROSS_LEDGER_CLAIM
hybrid,103.53218432956616,371.1757835038079,371.1758626010778,7.909726991783828e-05,NET338_MINUS339_EXTENT_FROM_EXACT_TOTAL_IDENTITY;NOT_GROSS_LEDGER_CLAIM
outer,112.26677735108136,424.8507277381141,424.8508181017969,9.036368282977492e-05,NET338_MINUS339_EXTENT_FROM_EXACT_TOTAL_IDENTITY;NOT_GROSS_LEDGER_CLAIM
hybrid,112.26677735108136,424.8507277381141,424.8508181013167,9.036320261657238e-05,NET338_MINUS339_EXTENT_FROM_EXACT_TOTAL_IDENTITY;NOT_GROSS_LEDGER_CLAIM
outer,121.7382727739662,485.7120270133455,485.71212995539827,0.00010294205276295543,NET338_MINUS339_EXTENT_FROM_EXACT_TOTAL_IDENTITY;NOT_GROSS_LEDGER_CLAIM
hybrid,121.7382727739662,485.7120270133455,485.71212995492533,0.0001029415798257105,NET338_MINUS339_EXTENT_FROM_EXACT_TOTAL_IDENTITY;NOT_GROSS_LEDGER_CLAIM
outer,132.00884008314168,554.5334002973395,554.5335172196792,0.00011692233965732157,NET338_MINUS339_EXTENT_FROM_EXACT_TOTAL_IDENTITY;NOT_GROSS_LEDGER_CLAIM
hybrid,132.00884008314168,554.5334002973395,554.533517219199,0.00011692185944411904,NET338_MINUS339_EXTENT_FROM_EXACT_TOTAL_IDENTITY;NOT_GROSS_LEDGER_CLAIM
outer,143.14589375234786,632.13679579374,632.1369281827865,0.00013238904648460448,NET338_MINUS339_EXTENT_FROM_EXACT_TOTAL_IDENTITY;NOT_GROSS_LEDGER_CLAIM
hybrid,143.14589375234786,632.13679579374,632.1369281823063,0.00013238856627140194,NET338_MINUS339_EXTENT_FROM_EXACT_TOTAL_IDENTITY;NOT_GROSS_LEDGER_CLAIM
outer,155.2225357427048,719.3902939121544,719.3904433318894,0.00014941973495297134,NET338_MINUS339_EXTENT_FROM_EXACT_TOTAL_IDENTITY;NOT_GROSS_LEDGER_CLAIM
hybrid,155.2225357427048,719.3902939121544,719.3904433313219,0.00014941916742827743,NET338_MINUS339_EXTENT_FROM_EXACT_TOTAL_IDENTITY;NOT_GROSS_LEDGER_CLAIM
outer,168.31803533309548,817.2057186058446,817.2058866934021,0.00016808755754027516,NET338_MINUS339_EXTENT_FROM_EXACT_TOTAL_IDENTITY;NOT_GROSS_LEDGER_CLAIM
hybrid,168.31803533309548,817.2057186058446,817.2058866916414,0.00016808579675853252,NET338_MINUS339_EXTENT_FROM_EXACT_TOTAL_IDENTITY;NOT_GROSS_LEDGER_CLAIM
outer,182.51834943190426,926.536278219115,926.5364666750975,0.00018845598242478445,NET338_MINUS339_EXTENT_FROM_EXACT_TOTAL_IDENTITY;NOT_GROSS_LEDGER_CLAIM
hybrid,182.51834943190426,926.536278219115,926.5364666733367,0.00018845422164304182,NET338_MINUS339_EXTENT_FROM_EXACT_TOTAL_IDENTITY;NOT_GROSS_LEDGER_CLAIM
outer,197.91668678535575,1048.3746512992293,1048.3748618820537,0.00021058282436570153,NET338_MINUS339_EXTENT_FROM_EXACT_TOTAL_IDENTITY;NOT_GROSS_LEDGER_CLAIM
hybrid,197.91668678535575,1048.3746512992293,1048.3748618802856,0.00021058105630800128,NET338_MINUS339_EXTENT_FROM_EXACT_TOTAL_IDENTITY;NOT_GROSS_LEDGER_CLAIM
outer,214.6141197858406,1183.7520148269468,1183.7522493661963,0.0002345392495044507,NET338_MINUS339_EXTENT_FROM_EXACT_TOTAL_IDENTITY;NOT_GROSS_LEDGER_CLAIM
hybrid,214.6141197858406,1183.7520148269468,1183.7522493626893,0.00023453574249288067,NET338_MINUS339_EXTENT_FROM_EXACT_TOTAL_IDENTITY;NOT_GROSS_LEDGER_CLAIM
outer,232.72024789604072,1333.7385693765318,1333.7388297649668,0.00026038843498099595,NET338_MINUS339_EXTENT_FROM_EXACT_TOTAL_IDENTITY;NOT_GROSS_LEDGER_CLAIM
hybrid,232.72024789604072,1333.7385693765318,1333.7388297628568,0.00026038632495328784,NET338_MINUS339_EXTENT_FROM_EXACT_TOTAL_IDENTITY;NOT_GROSS_LEDGER_CLAIM
outer,252.3539170434766,1499.4461329411279,1499.446421143126,0.00028820199804613367,NET338_MINUS339_EXTENT_FROM_EXACT_TOTAL_IDENTITY;NOT_GROSS_LEDGER_CLAIM
hybrid,252.3539170434766,1499.4461329411279,1499.446421136985,0.0002881958571379073,NET338_MINUS339_EXTENT_FROM_EXACT_TOTAL_IDENTITY;NOT_GROSS_LEDGER_CLAIM
outer,273.6439997074672,1682.0333371491433,1682.0336552591252,0.00031810998189030215,NET338_MINUS339_EXTENT_FROM_EXACT_TOTAL_IDENTITY;NOT_GROSS_LEDGER_CLAIM
hybrid,273.6439997074672,1682.0333371491433,1682.033655254687,0.0003181055435561575,NET338_MINUS339_EXTENT_FROM_EXACT_TOTAL_IDENTITY;NOT_GROSS_LEDGER_CLAIM
outer,296.73024081888667,1882.7138534263868,1882.7142036443693,0.00035021798248635605,NET338_MINUS339_EXTENT_FROM_EXACT_TOTAL_IDENTITY;NOT_GROSS_LEDGER_CLAIM
hybrid,296.73024081888667,1882.7138534263868,1882.7142036387595,0.0003502123727230355,NET338_MINUS339_EXTENT_FROM_EXACT_TOTAL_IDENTITY;NOT_GROSS_LEDGER_CLAIM
outer,321.76417502507354,2102.7678957411626,2102.7682805009463,0.0003847597836283967,NET338_MINUS339_EXTENT_FROM_EXACT_TOTAL_IDENTITY;NOT_GROSS_LEDGER_CLAIM
hybrid,321.76417502507354,2102.7678957411626,2102.7682804894357,0.00038474827306345105,NET338_MINUS339_EXTENT_FROM_EXACT_TOTAL_IDENTITY;NOT_GROSS_LEDGER_CLAIM
outer,348.9101213406774,2343.5570008922077,2343.557422812308,0.00042192010005237535,NET338_MINUS339_EXTENT_FROM_EXACT_TOTAL_IDENTITY;NOT_GROSS_LEDGER_CLAIM
hybrid,348.9101213406774,2343.5570008922077,2343.5574228092373,0.00042191702959826216,NET338_MINUS339_EXTENT_FROM_EXACT_TOTAL_IDENTITY;NOT_GROSS_LEDGER_CLAIM
outer,378.3462617131925,2606.541801303858,2606.542263377196,0.00046207333798520267,NET338_MINUS339_EXTENT_FROM_EXACT_TOTAL_IDENTITY;NOT_GROSS_LEDGER_CLAIM
hybrid,378.3462617131925,2606.541801303858,2606.5422633812414,0.00046207738341763616,NET338_MINUS339_EXTENT_FROM_EXACT_TOTAL_IDENTITY;NOT_GROSS_LEDGER_CLAIM
outer,410.26581058271904,2893.302225289088,2893.302730904252,0.000505615164001938,NET338_MINUS339_EXTENT_FROM_EXACT_TOTAL_IDENTITY;NOT_GROSS_LEDGER_CLAIM
hybrid,410.26581058271904,2893.302225289088,2893.302730913274,0.0005056241861893795,NET338_MINUS339_EXTENT_FROM_EXACT_TOTAL_IDENTITY;NOT_GROSS_LEDGER_CLAIM
outer,444.87828311275854,3205.559336825616,3205.5598898130847,0.0005529874688363634,NET338_MINUS339_EXTENT_FROM_EXACT_TOTAL_IDENTITY;NOT_GROSS_LEDGER_CLAIM
hybrid,444.87828311275854,3205.559336825616,3205.5598898078024,0.0005529821864911355,NET338_MINUS339_EXTENT_FROM_EXACT_TOTAL_IDENTITY;NOT_GROSS_LEDGER_CLAIM
outer,482.41087041653736,3545.197912775504,3545.198517576813,0.000604801309236791,NET338_MINUS339_EXTENT_FROM_EXACT_TOTAL_IDENTITY;NOT_GROSS_LEDGER_CLAIM
hybrid,482.41087041653736,3545.197912775504,3545.1985175583177,0.0006047828137525357,NET338_MINUS339_EXTENT_FROM_EXACT_TOTAL_IDENTITY;NOT_GROSS_LEDGER_CLAIM
outer,523.1099308056258,3914.2888828534487,3914.2895446411494,0.0006617877006647177,NET338_MINUS339_EXTENT_FROM_EXACT_TOTAL_IDENTITY;NOT_GROSS_LEDGER_CLAIM
hybrid,523.1099308056258,3914.2888828534487,3914.289544630119,0.0006617766703129746,NET338_MINUS339_EXTENT_FROM_EXACT_TOTAL_IDENTITY;NOT_GROSS_LEDGER_CLAIM
outer,567.2426068491977,4315.110931566356,4315.111656272304,0.0007247059475048445,NET338_MINUS339_EXTENT_FROM_EXACT_TOTAL_IDENTITY;NOT_GROSS_LEDGER_CLAIM
hybrid,567.2426068491977,4315.110931566356,4315.111656270557,0.0007247042012750171,NET338_MINUS339_EXTENT_FROM_EXACT_TOTAL_IDENTITY;NOT_GROSS_LEDGER_CLAIM
outer,615.0985788580505,4750.170858628197,4750.171653240737,0.0007946125406306237,NET338_MINUS339_EXTENT_FROM_EXACT_TOTAL_IDENTITY;NOT_GROSS_LEDGER_CLAIM
hybrid,615.0985788580505,4750.170858628197,4750.171653231402,0.0007946032055770047,NET338_MINUS339_EXTENT_FROM_EXACT_TOTAL_IDENTITY;NOT_GROSS_LEDGER_CLAIM
outer,666.9919663030115,5222.22266344088,5222.223535979356,0.0008725384759600274,NET338_MINUS339_EXTENT_FROM_EXACT_TOTAL_IDENTITY;NOT_GROSS_LEDGER_CLAIM
hybrid,666.9919663030115,5222.22266344088,5222.223535966208,0.0008725253283046186,NET338_MINUS339_EXTENT_FROM_EXACT_TOTAL_IDENTITY;NOT_GROSS_LEDGER_CLAIM
outer,723.2633896483534,5734.285689251796,5734.286649096837,0.0009598450415069237,NET338_MINUS339_EXTENT_FROM_EXACT_TOTAL_IDENTITY;NOT_GROSS_LEDGER_CLAIM
hybrid,723.2633896483534,5734.285689251796,5734.2866490915985,0.0009598398028174415,NET338_MINUS339_EXTENT_FROM_EXACT_TOTAL_IDENTITY;NOT_GROSS_LEDGER_CLAIM
outer,784.2822061337682,6289.662467505179,6289.663525595221,0.0010580900416243821,NET338_MINUS339_EXTENT_FROM_EXACT_TOTAL_IDENTITY;NOT_GROSS_LEDGER_CLAIM
hybrid,784.2822061337682,6289.662467505179,6289.663525589465,0.0010580842863419093,NET338_MINUS339_EXTENT_FROM_EXACT_TOTAL_IDENTITY;NOT_GROSS_LEDGER_CLAIM
outer,850.4489341802686,6891.9570835939085,6891.958252702847,0.001169108938483987,NET338_MINUS339_EXTENT_FROM_EXACT_TOTAL_IDENTITY;NOT_GROSS_LEDGER_CLAIM
hybrid,850.4489341802686,6891.9570835939085,6891.958252694538,0.0011691006293403916,NET338_MINUS339_EXTENT_FROM_EXACT_TOTAL_IDENTITY;NOT_GROSS_LEDGER_CLAIM
outer,922.1978823334322,7545.094922506614,7545.096217640828,0.0012951342141604982,NET338_MINUS339_EXTENT_FROM_EXACT_TOTAL_IDENTITY;NOT_GROSS_LEDGER_CLAIM
hybrid,922.1978823334322,7545.094922506614,7545.096217636863,0.0012951302487635985,NET338_MINUS339_EXTENT_FROM_EXACT_TOTAL_IDENTITY;NOT_GROSS_LEDGER_CLAIM
outer,1000.0,8253.344557256787,8253.345996134907,0.0014388781200977974,NET338_MINUS339_EXTENT_FROM_EXACT_TOTAL_IDENTITY;NOT_GROSS_LEDGER_CLAIM
hybrid,1000.0,8253.344557256787,8253.3459961318,0.001438875013263896,NET338_MINUS339_EXTENT_FROM_EXACT_TOTAL_IDENTITY;NOT_GROSS_LEDGER_CLAIM
