rel_tol,quantity,max_rel_dev_vs_1e-10
0.001,tRNAfMetCAU,1.398783e-03
0.001,GlytRNAGlyGCC,3.628398e-04
0.001,tRNAGlyGCC,2.108563e-03
0.001,AMP,1.366975e-03
0.001,ATP,2.611370e-06
0.001,PPi,6.660285e-04
0.001,Gly,7.598137e-07
0.001,GlyRS,9.354899e-04
0.001,GlyRS_Gly_ATP,3.101513e-04
0.001,GlyRS_Gly,3.076387e-04
0.001,GlyRS_ATP,9.618916e-04
0.001,GlyAMP,1.955323e-03
0.001,GlyRS_GlyAMP_PPi,3.236928e-04
0.001,GlyRS_GlyAMP,5.641490e-04
0.001,GlyRS_degraded,0.000000e+00
0.001,GlyRS_AMP,3.490273e-04
0.001,Met,4.077850e-07
0.001,MetRS,1.144852e-03
0.001,MetRS_Met_ATP,1.498266e-03
0.001,MetRS_Met,1.496381e-03
0.001,MetRS_ATP,1.281253e-03
0.001,MetAMP,8.232029e-05
0.001,MetRS_MetAMP_PPi,1.642434e-03
0.001,MetRS_MetAMP,6.184989e-04
0.001,MetRS_degraded,0.000000e+00
0.001,MetRS_AMP,6.998794e-04
0.001,GlyRS_GlytRNAGlyGCC,2.233011e-03
0.001,GlyRS_AMP_GlytRNAGlyGCC,8.705553e-04
0.001,GlyRS_GlyAMP_tRNAGlyGCC,2.198286e-03
0.001,GlyRS_tRNAGlyGCC,1.039227e-03
0.001,GlyRS_Gly_tRNAGlyGCC,1.046193e-03
0.001,GlyRS_ATP_tRNAGlyGCC,1.038436e-03
0.001,GlyRS_Gly_ATP_tRNAGlyGCC,1.046307e-03
0.001,GlyRS_GlyAMP_PPi_tRNAGlyGCC,7.291991e-04
0.001,MetRS_MettRNAfMetCAU,1.645453e-03
0.001,MetRS_AMP_MettRNAfMetCAU,1.120977e-03
0.001,MettRNAfMetCAU,6.201077e-04
0.001,MetRS_MetAMP_tRNAfMetCAU,1.117369e-03
0.001,MetRS_tRNAfMetCAU,1.778828e-03
0.001,MetRS_Met_tRNAfMetCAU,2.454417e-03
0.001,MetRS_ATP_tRNAfMetCAU,2.452350e-03
0.001,MetRS_Met_ATP_tRNAfMetCAU,2.454670e-03
0.001,MetRS_MetAMP_PPi_tRNAfMetCAU,2.447581e-03
1e-05,tRNAfMetCAU,1.128994e-05
1e-05,GlytRNAGlyGCC,3.826626e-05
1e-05,tRNAGlyGCC,4.442599e-05
1e-05,AMP,1.530179e-05
1e-05,ATP,2.340381e-08
1e-05,PPi,8.528176e-06
1e-05,Gly,4.771223e-08
1e-05,GlyRS,3.404828e-05
1e-05,GlyRS_Gly_ATP,3.424425e-05
1e-05,GlyRS_Gly,3.424172e-05
1e-05,GlyRS_ATP,3.404833e-05
1e-05,GlyAMP,2.448167e-05
1e-05,GlyRS_GlyAMP_PPi,3.417727e-05
1e-05,GlyRS_GlyAMP,2.082546e-05
1e-05,GlyRS_degraded,0.000000e+00
1e-05,GlyRS_AMP,4.387493e-05
1e-05,Met,1.902909e-08
1e-05,MetRS,3.275942e-05
1e-05,MetRS_Met_ATP,3.471581e-05
1e-05,MetRS_Met,3.470737e-05
1e-05,MetRS_ATP,3.361430e-05
1e-05,MetAMP,3.867927e-06
1e-05,MetRS_MetAMP_PPi,3.515997e-05
1e-05,MetRS_MetAMP,1.727543e-05
1e-05,MetRS_degraded,0.000000e+00
1e-05,MetRS_AMP,1.823157e-05
1e-05,GlyRS_GlytRNAGlyGCC,4.424804e-05
1e-05,GlyRS_AMP_GlytRNAGlyGCC,4.387091e-05
1e-05,GlyRS_GlyAMP_tRNAGlyGCC,4.386779e-05
1e-05,GlyRS_tRNAGlyGCC,7.480210e-05
1e-05,GlyRS_Gly_tRNAGlyGCC,7.491763e-05
1e-05,GlyRS_ATP_tRNAGlyGCC,7.478792e-05
1e-05,GlyRS_Gly_ATP_tRNAGlyGCC,7.491761e-05
1e-05,GlyRS_GlyAMP_PPi_tRNAGlyGCC,6.107037e-05
1e-05,MetRS_MettRNAfMetCAU,1.302332e-05
1e-05,MetRS_AMP_MettRNAfMetCAU,1.809089e-05
1e-05,MettRNAfMetCAU,8.954876e-06
1e-05,MetRS_MetAMP_tRNAfMetCAU,1.795481e-05
1e-05,MetRS_tRNAfMetCAU,3.529327e-05
1e-05,MetRS_Met_tRNAfMetCAU,3.541581e-05
1e-05,MetRS_ATP_tRNAfMetCAU,3.529798e-05
1e-05,MetRS_Met_ATP_tRNAfMetCAU,3.541589e-05
1e-05,MetRS_MetAMP_PPi_tRNAfMetCAU,3.554564e-05
1e-08,tRNAfMetCAU,3.428314e-08
1e-08,GlytRNAGlyGCC,6.661930e-08
1e-08,tRNAGlyGCC,1.124516e-07
1e-08,AMP,2.149206e-08
1e-08,ATP,3.572197e-11
1e-08,PPi,1.758224e-08
1e-08,Gly,4.992841e-11
1e-08,GlyRS,6.901200e-08
1e-08,GlyRS_Gly_ATP,6.346046e-08
1e-08,GlyRS_Gly,6.344612e-08
1e-08,GlyRS_ATP,7.154737e-08
1e-08,GlyAMP,3.453764e-08
1e-08,GlyRS_GlyAMP_PPi,6.335877e-08
1e-08,GlyRS_GlyAMP,4.263441e-08
1e-08,GlyRS_degraded,0.000000e+00
1e-08,GlyRS_AMP,7.980625e-08
1e-08,Met,1.020787e-11
1e-08,MetRS,8.172747e-08
1e-08,MetRS_Met_ATP,1.007277e-07
1e-08,MetRS_Met,1.006321e-07
1e-08,MetRS_ATP,8.930936e-08
1e-08,MetAMP,4.021452e-09
1e-08,MetRS_MetAMP_PPi,1.081248e-07
1e-08,MetRS_MetAMP,2.613271e-08
1e-08,MetRS_degraded,0.000000e+00
1e-08,MetRS_AMP,2.748487e-08
1e-08,GlyRS_GlytRNAGlyGCC,1.185108e-07
1e-08,GlyRS_AMP_GlytRNAGlyGCC,7.980666e-08
1e-08,GlyRS_GlyAMP_tRNAGlyGCC,1.166931e-07
1e-08,GlyRS_tRNAGlyGCC,1.493998e-07
1e-08,GlyRS_Gly_tRNAGlyGCC,1.496190e-07
1e-08,GlyRS_ATP_tRNAGlyGCC,1.493739e-07
1e-08,GlyRS_Gly_ATP_tRNAGlyGCC,1.496205e-07
1e-08,GlyRS_GlyAMP_PPi_tRNAGlyGCC,1.212221e-07
1e-08,MetRS_MettRNAfMetCAU,5.764739e-08
1e-08,MetRS_AMP_MettRNAfMetCAU,3.443064e-08
1e-08,MettRNAfMetCAU,1.566275e-08
1e-08,MetRS_MetAMP_tRNAfMetCAU,3.438011e-08
1e-08,MetRS_tRNAfMetCAU,1.135238e-07
1e-08,MetRS_Met_tRNAfMetCAU,1.157915e-07
1e-08,MetRS_ATP_tRNAfMetCAU,1.136105e-07
1e-08,MetRS_Met_ATP_tRNAfMetCAU,1.157933e-07
1e-08,MetRS_MetAMP_PPi_tRNAfMetCAU,1.195116e-07
