candidate,time_s,species,actual,predicted
R4_GLYRS_ONLY,0.0,GlyRS_AMP_GlytRNAGlyGCC,-1.7254227605292712e-25,5.279860509016123e-19
R4_GLYRS_ONLY,0.0,GlyRS_Gly_ATP,-0.0226427731347543,-0.0002838972072696
R4_GLYRS_ONLY,0.0001,GlyRS_AMP_GlytRNAGlyGCC,-2.336458012912765e-09,-6.816417918020159e-08
R4_GLYRS_ONLY,0.0001,GlyRS_Gly_ATP,0.0213058482565547,-0.0002829500923175
R4_GLYRS_ONLY,0.0001084365968689,GlyRS_AMP_GlytRNAGlyGCC,-3.214315256116232e-09,-8.569848229760945e-08
R4_GLYRS_ONLY,0.0001084365968689,GlyRS_Gly_ATP,0.023140321026126,-0.000282946944704
R4_GLYRS_ONLY,0.0001175849554052,GlyRS_AMP_GlytRNAGlyGCC,-4.404085373170229e-09,-1.0731982283939557e-07
R4_GLYRS_ONLY,0.0001175849554052,GlyRS_Gly_ATP,0.0249495213853442,-0.0002829433722679
R4_GLYRS_ONLY,0.0001275051240713,GlyRS_AMP_GlytRNAGlyGCC,-6.0097202059560485e-09,-1.338754979236423e-07
R4_GLYRS_ONLY,0.0001275051240713,GlyRS_Gly_ATP,0.0267411021120594,-0.0002829391895061
R4_GLYRS_ONLY,0.0001382622173764,GlyRS_AMP_GlytRNAGlyGCC,-8.167408091861033e-09,-1.663666647054216e-07
R4_GLYRS_ONLY,0.0001382622173764,GlyRS_Gly_ATP,0.0285226846026805,-0.0002829341989398
R4_GLYRS_ONLY,0.0001499268432786,GlyRS_AMP_GlytRNAGlyGCC,-1.1054798437988641e-08,-2.059722846260285e-07
R4_GLYRS_ONLY,0.0001499268432786,GlyRS_Gly_ATP,0.0303006365604482,-0.0002829281839714
R4_GLYRS_ONLY,0.0001625755666443,GlyRS_AMP_GlytRNAGlyGCC,-1.4902626320446157e-08,-2.540757116334328e-07
R4_GLYRS_ONLY,0.0001625755666443,GlyRS_Gly_ATP,0.0320789665170146,-0.0002829209006883
R4_GLYRS_ONLY,0.0001762914118095,GlyRS_AMP_GlytRNAGlyGCC,-2.0009278315553403e-08,-3.122936909601719e-07
R4_GLYRS_ONLY,0.0001762914118095,GlyRS_Gly_ATP,0.0338584456752348,-0.0002829120688458
R4_GLYRS_ONLY,0.0001911644075385,GlyRS_AMP_GlytRNAGlyGCC,-2.675892675376295e-08,-3.825072516134973e-07
R4_GLYRS_ONLY,0.0001911644075385,GlyRS_Gly_ATP,0.0356360225742304,-0.000282901362186
R4_GLYRS_ONLY,0.0002072921779595,GlyRS_AMP_GlytRNAGlyGCC,-3.5643941273277633e-08,-4.66893603514769e-07
R4_GLYRS_ONLY,0.0002072921779595,GlyRS_Gly_ATP,0.0374045428058792,-0.000282888398163
R4_GLYRS_ONLY,0.0002247805833548,GlyRS_AMP_GlytRNAGlyGCC,-4.729235272545502e-08,-5.679576767384286e-07
R4_GLYRS_ONLY,0.0002247805833548,GlyRS_Gly_ATP,0.0391527381590021,-0.000282872727068
R4_GLYRS_ONLY,0.0002437444150122,GlyRS_AMP_GlytRNAGlyGCC,-6.25011783453848e-08,-6.885613518854632e-07
R4_GLYRS_ONLY,0.0002437444150122,GlyRS_Gly_ATP,0.0408654188114018,-0.0002828538205172
R4_GLYRS_ONLY,0.0002643081486974,GlyRS_AMP_GlytRNAGlyGCC,-8.22763945198146e-08,-8.319477142305052e-07
R4_GLYRS_ONLY,0.0002643081486974,GlyRS_Gly_ATP,0.0425237943599706,-0.0002828310592829
R4_GLYRS_ONLY,0.0002866067616948,GlyRS_AMP_GlytRNAGlyGCC,-1.0788023108183133e-07,-1.001756812181919e-06
R4_GLYRS_ONLY,0.0002866067616948,GlyRS_Gly_ATP,0.0441058628778202,-0.0002828037205153
R4_GLYRS_ONLY,0.0003107866187782,GlyRS_AMP_GlytRNAGlyGCC,-1.4088621432753273e-07,-1.202028417598873e-06
R4_GLYRS_ONLY,0.0003107866187782,GlyRS_Gly_ATP,0.0455868339191978,-0.0002827709645174
R4_GLYRS_ONLY,0.0003370064329271,GlyRS_AMP_GlytRNAGlyGCC,-1.832419478492296e-07,-1.4371861987769057e-06
R4_GLYRS_ONLY,0.0003370064329271,GlyRS_Gly_ATP,0.0469395809782168,-0.0002827318213739
R4_GLYRS_ONLY,0.0003654383070957,GlyRS_AMP_GlytRNAGlyGCC,-2.373389210503441e-07,-1.711996587101579e-06
R4_GLYRS_ONLY,0.0003654383070957,GlyRS_Gly_ATP,0.0481351423654978,-0.0002826851778995
R4_GLYRS_ONLY,0.0003962688638701,GlyRS_AMP_GlytRNAGlyGCC,-3.060875943874877e-07,-2.031494551532315e-06
R4_GLYRS_ONLY,0.0003962688638701,GlyRS_Gly_ATP,0.0491433019966604,-0.0002826297655459
R4_GLYRS_ONLY,0.000429700470432,GlyRS_AMP_GlytRNAGlyGCC,-3.929945424885235e-07,-2.4008676537430152e-06
R4_GLYRS_ONLY,0.000429700470432,GlyRS_Gly_ATP,0.0499332829012647,-0.000282564150087
R4_GLYRS_ONLY,0.0004659525668664,GlyRS_AMP_GlytRNAGlyGCC,-5.022364619475877e-07,-2.825289369620257e-06
R4_GLYRS_ONLY,0.0004659525668664,GlyRS_Gly_ATP,0.0504745789979571,-0.0002824867240683
R4_GLYRS_ONLY,0.0005052631065335,GlyRS_AMP_GlytRNAGlyGCC,-6.387233152751557e-07,-3.309693030149509e-06
R4_GLYRS_ONLY,0.0005052631065335,GlyRS_Gly_ATP,0.0507379381998314,-0.0002823957031405
R4_GLYRS_ONLY,0.0005478901179593,GlyRS_AMP_GlytRNAGlyGCC,-8.081397850310098e-07,-3.858479225639341e-06
R4_GLYRS_ONLY,0.0005478901179593,GlyRS_Gly_ATP,0.050696494717606,-0.0002822891274683
R4_GLYRS_ONLY,0.0005941133984965,GlyRS_AMP_GlytRNAGlyGCC,-1.016950644771718e-06,-4.47515255300013e-06
R4_GLYRS_ONLY,0.0005941133984965,GlyRS_Gly_ATP,0.0503270317254201,-0.0002821648693659
R4_GLYRS_ONLY,0.0006442363508721,GlyRS_AMP_GlytRNAGlyGCC,-1.2723518531822955e-06,-5.161888601263171e-06
R4_GLYRS_ONLY,0.0006442363508721,GlyRS_Gly_ATP,0.0496113376900178,-0.0002820206481069
R4_GLYRS_ONLY,0.0006985879746785,GlyRS_AMP_GlytRNAGlyGCC,-1.582145586884148e-06,-5.9190394460648935e-06
R4_GLYRS_ONLY,0.0006985879746785,GlyRS_Gly_ATP,0.0485376008461724,-0.000281854052429
R4_GLYRS_ONLY,0.0007575250258771,GlyRS_AMP_GlytRNAGlyGCC,-1.954514754449707e-06,-6.744595880869123e-06
R4_GLYRS_ONLY,0.0007575250258771,GlyRS_Gly_ATP,0.0471017671748732,-0.0002816625705268
R4_GLYRS_ONLY,0.0008214343584919,GlyRS_AMP_GlytRNAGlyGCC,-2.39767180055989e-06,-7.6336370697854e-06
R4_GLYRS_ONLY,0.0008214343584919,GlyRS_Gly_ATP,0.0453087691607449,-0.0002814436262497
R4_GLYRS_ONLY,0.000890735463861,GlyRS_AMP_GlytRNAGlyGCC,-2.919359156458638e-06,-8.577812704590981e-06
R4_GLYRS_ONLY,0.000890735463861,GlyRS_Gly_ATP,0.0431735176738591,-0.000281194618747
R4_GLYRS_ONLY,0.0009658832241158,GlyRS_AMP_GlytRNAGlyGCC,-3.526186116190345e-06,-9.564917861321972e-06
R4_GLYRS_ONLY,0.0009658832241158,GlyRS_Gly_ATP,0.0407215402737025,-0.000280912960951
R4_GLYRS_ONLY,0.0010473708979594,GlyRS_AMP_GlytRNAGlyGCC,-4.222800877819261e-06,-1.0578634518102991e-05
R4_GLYRS_ONLY,0.0010473708979594,GlyRS_Gly_ATP,0.037989149121578,-0.0002805961101439
R4_GLYRS_ONLY,0.0011357333583431,GlyRS_AMP_GlytRNAGlyGCC,-5.010918372434279e-06,-1.1598523161794046e-05
R4_GLYRS_ONLY,0.0011357333583431,GlyRS_Gly_ATP,0.0350230336984896,-0.0002802415816259
R4_GLYRS_ONLY,0.0012315506032928,GlyRS_AMP_GlytRNAGlyGCC,-5.8882548624880265e-06,-1.2600349293861384e-05
R4_GLYRS_ONLY,0.0012315506032928,GlyRS_Gly_ATP,0.0318792000301079,-0.0002798469345583
R4_GLYRS_ONLY,0.0013354515629298,GlyRS_AMP_GlytRNAGlyGCC,-6.847458149068908e-06,-1.3556818759961174e-05
R4_GLYRS_ONLY,0.0013354515629298,GlyRS_Gly_ATP,0.0286212206310981,-0.0002794097179422
R4_GLYRS_ONLY,0.0014481182276745,GlyRS_AMP_GlytRNAGlyGCC,-7.875164223590796e-06,-1.443876874918711e-05
R4_GLYRS_ONLY,0.0014481182276745,GlyRS_Gly_ATP,0.0253178171446424,-0.0002789273650961
R4_GLYRS_ONLY,0.0015702901247293,GlyRS_AMP_GlytRNAGlyGCC,-8.951350869815278e-06,-1.5216815551129555e-05
R4_GLYRS_ONLY,0.0015702901247293,GlyRS_Gly_ATP,0.0220398673911465,-0.000278397027802
R4_GLYRS_ONLY,0.0017027691722258,GlyRS_AMP_GlytRNAGlyGCC,-1.0049186185403922e-05,-1.586339608352249e-05
R4_GLYRS_ONLY,0.0017027691722258,GlyRS_Gly_ATP,0.018857003874264,-0.0002778153471891
R4_GLYRS_ONLY,0.0018464249428955,GlyRS_AMP_GlytRNAGlyGCC,-1.113557249066723e-05,-1.6355062538687535e-05
R4_GLYRS_ONLY,0.0018464249428955,GlyRS_Gly_ATP,0.0158340422276893,-0.0002771781679635
R4_GLYRS_ONLY,0.0020022003718155,GlyRS_AMP_GlytRNAGlyGCC,-1.2172549889741148e-05,-1.6674808456554106e-05
R4_GLYRS_ONLY,0.0020022003718155,GlyRS_Gly_ATP,0.0130275338555224,-0.0002764802155532
R4_GLYRS_ONLY,0.0021711179456945,GlyRS_AMP_GlytRNAGlyGCC,-1.3119637675529536e-05,-1.6814135916264312e-05
R4_GLYRS_ONLY,0.0021711179456945,GlyRS_Gly_ATP,0.0104827645970437,-0.0002757147709071
R4_GLYRS_ONLY,0.0023542864143224,GlyRS_AMP_GlytRNAGlyGCC,-1.393705231936092e-05,-1.6774537094087737e-05
R4_GLYRS_ONLY,0.0023542864143224,GlyRS_Gly_ATP,0.0082315098645564,-0.0002748733924939
R4_GLYRS_ONLY,0.0025529080682395,GlyRS_AMP_GlytRNAGlyGCC,-1.458955783251285e-05,-1.656807903065285e-05
R4_GLYRS_ONLY,0.0025529080682395,GlyRS_Gly_ATP,0.0062908001953621,-0.0002739457454926
R4_GLYRS_ONLY,0.002768286630392,GlyRS_AMP_GlytRNAGlyGCC,-1.5050505533371703e-05,-1.6216862173828457e-05
R4_GLYRS_ONLY,0.002768286630392,GlyRS_Gly_ATP,0.004662850749795,-0.0002729195993597
R4_GLYRS_ONLY,0.0030018358135755,GlyRS_AMP_GlytRNAGlyGCC,-1.5305451650838857e-05,-1.5751272549602396e-05
R4_GLYRS_ONLY,0.0030018358135755,GlyRS_Gly_ATP,0.0033361743121147,-0.000271781042164
R4_GLYRS_ONLY,0.003255088599835,GlyRS_AMP_GlytRNAGlyGCC,-1.5354660477947923e-05,-1.5207147421809694e-05
R4_GLYRS_ONLY,0.003255088599835,GlyRS_Gly_ATP,0.0022877489938329,-0.0002705149305819
R4_GLYRS_ONLY,0.0035297073027306,GlyRS_AMP_GlytRNAGlyGCC,-1.5213862657223106e-05,-1.4622188424675892e-05
R4_GLYRS_ONLY,0.0035297073027306,GlyRS_Gly_ATP,0.0014859744116987,-0.0002691055496397
R4_GLYRS_ONLY,0.0038274944785163,GlyRS_AMP_GlytRNAGlyGCC,-1.4912872840177124e-05,-1.4032133274737345e-05
R4_GLYRS_ONLY,0.0038274944785163,GlyRS_Gly_ATP,0.0008940498914909,-0.0002675374033478
R4_GLYRS_ONLY,0.0041504047578504,GlyRS_AMP_GlytRNAGlyGCC,-1.4492062263372914e-05,-1.346728434256593e-05
R4_GLYRS_ONLY,0.0041504047578504,GlyRS_Gly_ATP,0.0004733660536361,-0.0002657960094154
R4_GLYRS_ONLY,0.0045005576757004,GlyRS_AMP_GlytRNAGlyGCC,-1.3997155069009914e-05,-1.294995241773856e-05
R4_GLYRS_ONLY,0.0045005576757004,GlyRS_Gly_ATP,0.0001865263975367,-0.0002638685449347
R4_GLYRS_ONLY,0.0048802515836544,GlyRS_AMP_GlytRNAGlyGCC,-1.3473247502904982e-05,-1.2493202120422366e-05
R4_GLYRS_ONLY,0.0048802515836544,GlyRS_Gly_ATP,-2.970658480837274e-07,-0.000261744200264
R4_GLYRS_ONLY,0.0052919787359584,GlyRS_AMP_GlytRNAGlyGCC,-1.295919473544173e-05,-1.210101709947753e-05
R4_GLYRS_ONLY,0.0052919787359584,GlyRS_Gly_ATP,-0.0001158398037022,-0.0002594141518798
R4_GLYRS_ONLY,0.0057384416483023,GlyRS_AMP_GlytRNAGlyGCC,-1.2483464969807767e-05,-1.1769707743933602e-05
R4_GLYRS_ONLY,0.0057384416483023,GlyRS_Gly_ATP,-0.0001830734447045,-0.0002568711537812
R4_GLYRS_ONLY,0.0062225708367302,GlyRS_AMP_GlytRNAGlyGCC,-1.2062206106694776e-05,-1.1490143669783173e-05
R4_GLYRS_ONLY,0.0062225708367302,GlyRS_Gly_ATP,-0.0002192795041522,-0.0002541088477393
R4_GLYRS_ONLY,0.0067475440531106,GlyRS_AMP_GlytRNAGlyGCC,-1.1699699592290809e-05,-1.1250273735278094e-05
R4_GLYRS_ONLY,0.0067475440531106,GlyRS_Gly_ATP,-0.0002366716339546,-0.0002511209721546
R4_GLYRS_ONLY,0.0073168071434271,GlyRS_AMP_GlytRNAGlyGCC,-1.1390771146025776e-05,-1.1037423383522268e-05
R4_GLYRS_ONLY,0.0073168071434271,GlyRS_Gly_ATP,-0.0002433329820409,-0.0002479006772201
R4_GLYRS_ONLY,0.0079340966657974,GlyRS_AMP_GlytRNAGlyGCC,-1.1124291446611728e-05,-1.084000920220689e-05
R4_GLYRS_ONLY,0.0079340966657974,GlyRS_Gly_ATP,-0.0002442486660696,-0.000244440117139
R4_GLYRS_ONLY,0.0086034644166845,GlyRS_AMP_GlytRNAGlyGCC,-1.0886769212729256e-05,-1.0648522493272908e-05
R4_GLYRS_ONLY,0.0086034644166845,GlyRS_Gly_ATP,-0.0002422639028732,-0.0002407304004811
R4_GLYRS_ONLY,0.0093293040262846,GlyRS_AMP_GlytRNAGlyGCC,-1.066522726037822e-05,-1.0455834498270942e-05
R4_GLYRS_ONLY,0.0093293040262846,GlyRS_Gly_ATP,-0.0002388664105224,-0.0002367618717984
R4_GLYRS_ONLY,0.010116379797662,GlyRS_AMP_GlytRNAGlyGCC,-1.04489465232564e-05,-1.0257009604576906e-05
R4_GLYRS_ONLY,0.010116379797662,GlyRS_Gly_ATP,-0.0002347577396268,-0.0002325246130183
R4_GLYRS_ONLY,0.0109698579789238,GlyRS_AMP_GlytRNAGlyGCC,-1.0230086182473444e-05,-1.0048857708630408e-05
R4_GLYRS_ONLY,0.0109698579789238,GlyRS_Gly_ATP,-0.0002302280015528,-0.0002280090211213
R4_GLYRS_ONLY,0.0118953406737031,GlyRS_AMP_GlytRNAGlyGCC,-1.0003484702683743e-05,-9.82942636783204e-06
R4_GLYRS_ONLY,0.0118953406737031,GlyRS_Gly_ATP,-0.0002253760533112,-0.000223206342751
R4_GLYRS_ONLY,0.012898902612533,GlyRS_AMP_GlytRNAGlyGCC,-9.7660485078429e-06,-9.597562082694914e-06
R4_GLYRS_ONLY,0.012898902612533,GlyRS_Gly_ATP,-0.000220224384512,-0.0002181091055293
R4_GLYRS_ONLY,0.0139871310264723,GlyRS_AMP_GlytRNAGlyGCC,-9.516071243053308e-06,-9.352594743010369e-06
R4_GLYRS_ONLY,0.0139871310264723,GlyRS_Gly_ATP,-0.0002147714438714,-0.0002127114479968
R4_GLYRS_ONLY,0.0151671688847092,GlyRS_AMP_GlytRNAGlyGCC,-9.252682879768776e-06,-9.094144262388517e-06
R4_GLYRS_ONLY,0.0151671688847092,GlyRS_Gly_ATP,-0.0002090117734607,-0.0002070093901111
R4_GLYRS_ONLY,0.0164467617799466,GlyRS_AMP_GlytRNAGlyGCC,-8.97548969240532e-06,-8.82202104314489e-06
R4_GLYRS_ONLY,0.0164467617799466,GlyRS_Gly_ATP,-0.000202942103751,-0.0002010010960617
R4_GLYRS_ONLY,0.017834308769319,GlyRS_AMP_GlytRNAGlyGCC,-8.684380113054978e-06,-8.536186721638608e-06
R4_GLYRS_ONLY,0.017834308769319,GlyRS_Gly_ATP,-0.000196562532396,-0.0001946871684625
R4_GLYRS_ONLY,0.0193389175045523,GlyRS_AMP_GlytRNAGlyGCC,-8.379441315520513e-06,-8.236748305259771e-06
R4_GLYRS_ONLY,0.0193389175045523,GlyRS_Gly_ATP,-0.0001898765449417,-0.0001880709916836
R4_GLYRS_ONLY,0.0209704640132323,GlyRS_AMP_GlytRNAGlyGCC,-8.06093646437317e-06,-7.923968460257129e-06
R4_GLYRS_ONLY,0.0209704640132323,GlyRS_Gly_ATP,-0.0001828910492162,-0.0001811591231994
R4_GLYRS_ONLY,0.0227396575235792,GlyRS_AMP_GlytRNAGlyGCC,-7.729309810307122e-06,-7.59828254604682e-06
R4_GLYRS_ONLY,0.0227396575235792,GlyRS_Gly_ATP,-0.0001756166140781,-0.0001739617195729
R4_GLYRS_ONLY,0.024658110758226,GlyRS_AMP_GlytRNAGlyGCC,-7.385202283718636e-06,-7.2603177700427324e-06
R4_GLYRS_ONLY,0.024658110758226,GlyRS_Gly_ATP,-0.0001680678438115,-0.0001664929771107
R4_GLYRS_ONLY,0.0267384161583994,GlyRS_AMP_GlytRNAGlyGCC,-7.029469685939261e-06,-6.910912151842947e-06
R4_GLYRS_ONLY,0.0267384161583994,GlyRS_Gly_ATP,-0.0001602637999884,-0.0001587715636701
R4_GLYRS_ONLY,0.0289942285388287,GlyRS_AMP_GlytRNAGlyGCC,-6.663199996494531e-06,-6.551131851397324e-06
R4_GLYRS_ONLY,0.0289942285388287,GlyRS_Gly_ATP,-0.0001522284084191,-0.0001508210155949
R4_GLYRS_ONLY,0.031440354715915,GlyRS_AMP_GlytRNAGlyGCC,-6.287727910770291e-06,-6.182285603877519e-06
R4_GLYRS_ONLY,0.031440354715915,GlyRS_Gly_ATP,-0.0001439908073536,-0.0001426700715487
R4_GLYRS_ONLY,0.0340928506974681,GlyRS_AMP_GlytRNAGlyGCC,-5.904645112758179e-06,-5.805934939805812e-06
R4_GLYRS_ONLY,0.0340928506974681,GlyRS_Gly_ATP,-0.0001355856007899,-0.0001343529130579
R4_GLYRS_ONLY,0.0369691270719502,GlyRS_AMP_GlytRNAGlyGCC,-5.515804784021804e-06,-5.423898745026429e-06
R4_GLYRS_ONLY,0.0369691270719502,GlyRS_Gly_ATP,-0.000127052983023,-0.00012590928006
R4_GLYRS_ONLY,0.0400880632889846,GlyRS_AMP_GlytRNAGlyGCC,-5.123318775292782e-06,-5.038250613699471e-06
R4_GLYRS_ONLY,0.0400880632889846,GlyRS_Gly_ATP,-0.0001184387012789,-0.0001173844289073
R4_GLYRS_ONLY,0.0434701315812502,GlyRS_AMP_GlytRNAGlyGCC,-4.7295458377737175e-06,-4.651307412112926e-06
R4_GLYRS_ONLY,0.0434701315812502,GlyRS_Gly_ATP,-0.0001097938241765,-0.0001088289004605
R4_GLYRS_ONLY,0.0471375313411672,GlyRS_AMP_GlytRNAGlyGCC,-4.337069379507547e-06,-4.265607535885807e-06
R4_GLYRS_ONLY,0.0471375313411672,GlyRS_Gly_ATP,-0.0001011742858327,-0.0001002980676418
R4_GLYRS_ONLY,0.0511143348344016,GlyRS_AMP_GlytRNAGlyGCC,-3.948663414804466e-06,-3.883877541106069e-06
R4_GLYRS_ONLY,0.0511143348344016,GlyRS_Gly_ATP,-9.26401795277136e-05,-9.185143583540998e-05
R4_GLYRS_ONLY,0.055426645206631,GlyRS_AMP_GlytRNAGlyGCC,-3.5672457441623256e-06,-3.50898619268383e-06
R4_GLYRS_ONLY,0.055426645206631,GlyRS_Gly_ATP,-8.42547818819192e-05,-8.355167659215731e-05
R4_GLYRS_ONLY,0.0601027678207038,GlyRS_AMP_GlytRNAGlyGCC,-3.195817964735115e-06,-3.143885526826184e-06
R4_GLYRS_ONLY,0.0601027678207038,GlyRS_Gly_ATP,-7.608329926148474e-05,-7.54633859371742e-05
R4_GLYRS_ONLY,0.0651733960488242,GlyRS_AMP_GlytRNAGlyGCC,-2.8373926822970524e-06,-2.7915392841057936e-06
R4_GLYRS_ONLY,0.0651733960488242,GlyRS_Gly_ATP,-6.819134314150696e-05,-6.765157363035686e-05
R4_GLYRS_ONLY,0.0706718127392749,GlyRS_AMP_GlytRNAGlyGCC,-2.494909271115128e-06,-2.454840031530743e-06
R4_GLYRS_ONLY,0.0706718127392749,GlyRS_Gly_ATP,-6.064316049212218e-05,-6.017990904944556e-05
R4_GLYRS_ONLY,0.0766341086800745,GlyRS_AMP_GlytRNAGlyGCC,-2.17114067769576e-06,-2.1365174262971435e-06
R4_GLYRS_ONLY,0.0766341086800745,GlyRS_Gly_ATP,-5.349966840055565e-05,-5.310877243537107e-05
R4_GLYRS_ONLY,0.0830994194935339,GlyRS_AMP_GlytRNAGlyGCC,-1.8685950229739567e-06,-1.8390413162965357e-06
R4_GLYRS_ONLY,0.0830994194935339,GlyRS_Gly_ATP,-4.68163678928879e-05,-4.6493185868750346e-05
R4_GLYRS_ONLY,0.0901101825166501,GlyRS_AMP_GlytRNAGlyGCC,-1.589417019715283e-06,-1.5645246187939614e-06
R4_GLYRS_ONLY,0.0901101825166501,GlyRS_Gly_ATP,-4.064123824746094e-05,-4.038072453605341e-05
R4_GLYRS_ONLY,0.097712415353465,GlyRS_AMP_GlytRNAGlyGCC,-1.3352953408544066e-06,-1.3146320239260517e-06
R4_GLYRS_ONLY,0.097712415353465,GlyRS_Gly_ATP,-3.50127371548728e-05,-3.4809532758542785e-05
R4_GLYRS_ONLY,0.1059560179277615,GlyRS_AMP_GlytRNAGlyGCC,-1.107382868096034e-06,-1.0905013539258946e-06
R4_GLYRS_ONLY,0.1059560179277615,GlyRS_Gly_ATP,-2.9958050237584997e-05,-2.980658729986831e-05
R4_GLYRS_ONLY,0.1148951000187308,GlyRS_AMP_GlytRNAGlyGCC,-9.062370172475792e-07,-8.926846737643885e-07
R4_GLYRS_ONLY,0.1148951000187308,GlyRS_Gly_ATP,-2.549174160214329e-05,-2.5386358550078737e-05
R4_GLYRS_ONLY,0.1245883364295008,GlyRS_AMP_GlytRNAGlyGCC,-7.317868855916424e-07,-7.211158049690793e-07
R4_GLYRS_ONLY,0.1245883364295008,GlyRS_Gly_ATP,-2.1614951133792915e-05,-2.155001422757727e-05
R4_GLYRS_ONLY,0.1350993521198026,GlyRS_AMP_GlytRNAGlyGCC,-5.833326536066642e-07,-5.751096003245514e-07
R4_GLYRS_ONLY,0.1350993521198026,GlyRS_Gly_ATP,-1.831526081680704e-05,-1.828528692510342e-05
R4_GLYRS_ONLY,0.1464971398307286,GlyRS_AMP_GlytRNAGlyGCC,-4.5958044973251285e-07,-4.5339614536120774e-07
R4_GLYRS_ONLY,0.1464971398307286,GlyRS_Gly_ATP,-1.5567309819400355e-05,-1.5567084526627422e-05
R4_GLYRS_ONLY,0.1588565129428052,GlyRS_AMP_GlytRNAGlyGCC,-3.587128432108906e-07,-3.541900527203642e-07
R4_GLYRS_ONLY,0.1588565129428052,GlyRS_Gly_ATP,-1.3334177439667388e-05,-1.3358862278904185e-05
R4_GLYRS_ONLY,0.1722585965398785,GlyRS_AMP_GlytRNAGlyGCC,-2.784915293236852e-07,-2.752914674881729e-07
R4_GLYRS_ONLY,0.1722585965398785,GlyRS_Gly_ATP,-1.1569478823081347e-05,-1.1614701654564771e-05
R4_GLYRS_ONLY,0.1867913599020783,GlyRS_AMP_GlytRNAGlyGCC,-2.1638504682974707e-07,-2.142117328670083e-07
R4_GLYRS_ONLY,0.1867913599020783,GlyRS_Gly_ATP,-1.0220038889754283e-05,-1.0281962302454466e-05
R4_GLYRS_ONLY,0.2025501939230666,GlyRS_AMP_GlytRNAGlyGCC,-1.6971109332729244e-07,-1.6831344149873813e-07
R4_GLYRS_ONLY,0.2025501939230666,GlyRS_Gly_ATP,-9.22893676750039e-06,-9.304300913463009e-06
R4_GLYRS_ONLY,0.2196385372416547,GlyRS_AMP_GlytRNAGlyGCC,-1.3578078945789346e-07,-1.3495241828782834e-07
R4_GLYRS_ONLY,0.2196385372416547,GlyRS_Gly_ATP,-8.538659285715205e-06,-8.624797660163897e-06
R4_GLYRS_ONLY,0.2381685551976158,GlyRS_AMP_GlytRNAGlyGCC,-1.1203163358618728e-07,-1.1160858296670303e-07
R4_GLYRS_ONLY,0.2381685551976158,GlyRS_Gly_ATP,-8.094080322165742e-06,-8.188909438256802e-06
R4_GLYRS_ONLY,0.2582618760682675,GlyRS_AMP_GlytRNAGlyGCC,-9.613717765182689e-08,-9.599390992015715e-08
R4_GLYRS_ONLY,0.2582618760682675,GlyRS_Gly_ATP,-7.845000813078151e-06,-7.946987259395388e-06
R4_GLYRS_ONLY,0.2800503894183631,GlyRS_AMP_GlytRNAGlyGCC,-8.608460571864295e-08,-8.612880761738457e-08
R4_GLYRS_ONLY,0.2800503894183631,GlyRS_Gly_ATP,-7.748043744558453e-06,-7.856154273430333e-06
R4_GLYRS_ONLY,0.3036771118035457,GlyRS_AMP_GlytRNAGlyGCC,-8.021591225602314e-08,-8.038268239584656e-08
R4_GLYRS_ONLY,0.3036771118035457,GlyRS_Gly_ATP,-7.767790601340141e-06,-7.881432399078763e-06
R4_GLYRS_ONLY,0.3292971255097151,GlyRS_AMP_GlytRNAGlyGCC,-7.723353580724873e-08,-7.747952959913246e-08
R4_GLYRS_ONLY,0.3292971255097151,GlyRS_Gly_ATP,-7.877157230148923e-06,-7.996116126663057e-06
R4_GLYRS_ONLY,0.3570785964900462,GlyRS_AMP_GlytRNAGlyGCC,-7.61759681721123e-08,-7.647398383960013e-08
R4_GLYRS_ONLY,0.3570785964900462,GlyRS_Gly_ATP,-8.057113476497846e-06,-8.181497495923626e-06
R4_GLYRS_ONLY,0.3872038781812553,GlyRS_AMP_GlytRNAGlyGCC,-7.637221899857438e-08,-7.670656614333785e-08
R4_GLYRS_ONLY,0.3872038781812553,GlyRS_Gly_ATP,-8.295934447545561e-06,-8.426128988068362e-06
R4_GLYRS_ONLY,0.419870708444391,GlyRS_AMP_GlytRNAGlyGCC,-7.73854097407085e-08,-7.774823777546818e-08
R4_GLYRS_ONLY,0.419870708444391,GlyRS_Gly_ATP,-8.58821563396589e-06,-8.72485504655219e-06
R4_GLYRS_ONLY,0.4552935074866948,GlyRS_AMP_GlytRNAGlyGCC,-7.895513321224888e-08,-7.934374415486843e-08
R4_GLYRS_ONLY,0.4552935074866948,GlyRS_Gly_ATP,-8.933885909979955e-06,-9.077844786703024e-06
R4_GLYRS_ONLY,0.4937047852839004,GlyRS_AMP_GlytRNAGlyGCC,-8.094597691047854e-08,-8.136103170848295e-08
R4_GLYRS_ONLY,0.4937047852839004,GlyRS_Gly_ATP,-9.337419479078096e-06,-9.4898260958293e-06
R4_GLYRS_ONLY,0.5353566677410724,GlyRS_AMP_GlytRNAGlyGCC,-8.330657366728295e-08,-8.375103805799105e-08
R4_GLYRS_ONLY,0.5353566677410724,GlyRS_Gly_ATP,-9.807398061549566e-06,-9.9696724814354e-06
R4_GLYRS_ONLY,0.5805225516094895,GlyRS_AMP_GlytRNAGlyGCC,-8.60405796807278e-08,-8.651924297916901e-08
R4_GLYRS_ONLY,0.5805225516094895,GlyRS_Gly_ATP,-1.0356529602111725e-05,-1.0530450388466764e-05
R4_GLYRS_ONLY,0.6294988990221888,GlyRS_AMP_GlytRNAGlyGCC,-8.918877081570254e-08,-8.970819970622075e-08
R4_GLYRS_ONLY,0.6294988990221888,GlyRS_Gly_ATP,-1.1002210836108528e-05,-1.119001742436606e-05
R4_GLYRS_ONLY,0.6826071834272386,GlyRS_AMP_GlytRNAGlyGCC,-9.282029663881374e-08,-9.338914137527413e-08
R4_GLYRS_ONLY,0.6826071834272386,GlyRS_Gly_ATP,-1.1767745188687869e-05,-1.1972288339855591e-05
R4_GLYRS_ONLY,0.7401959996915645,GlyRS_AMP_GlytRNAGlyGCC,-9.70309824769016e-08,-9.766062477396855e-08
R4_GLYRS_ONLY,0.7401959996915645,GlyRS_Gly_ATP,-1.2684410776207106e-05,-1.2909372309458031e-05
R4_GLYRS_ONLY,0.8026433522257174,GlyRS_AMP_GlytRNAGlyGCC,-1.0194713583587013e-07,-1.0265275567362252e-07
R4_GLYRS_ONLY,0.8026433522257174,GlyRS_Gly_ATP,-1.379473920968058e-05,-1.4044956695047144e-05
R4_GLYRS_ONLY,0.8703591361485166,GlyRS_AMP_GlytRNAGlyGCC,-1.0773427631916804e-07,-1.0853653343964832e-07
R4_GLYRS_ONLY,0.8703591361485166,GlyRS_Gly_ATP,-1.5157662978240031e-05,-1.5439619858908524e-05
R4_GLYRS_ONLY,0.943787827777538,GlyRS_AMP_GlytRNAGlyGCC,-1.1461136874225867e-07,-1.155390828720291e-07
R4_GLYRS_ONLY,0.943787827777538,GlyRS_Gly_ATP,-1.6856722967025645e-05,-1.717930894819719e-05
R4_GLYRS_ONLY,1.0234114021054528,GlyRS_AMP_GlytRNAGlyGCC,-1.228724921956484e-07,-1.2396704759838817e-07
R4_GLYRS_ONLY,1.0234114021054528,GlyRS_Gly_ATP,-1.9013526999556857e-05,-1.9389256565244676e-05
R4_GLYRS_ONLY,1.1097524964120722,GlyRS_AMP_GlytRNAGlyGCC,-1.329196169836018e-07,-1.3424249660557074e-07
R4_GLYRS_ONLY,1.1097524964120722,GlyRS_Gly_ATP,-2.1810618765910617e-05,-2.225765866889236e-05
R4_GLYRS_ONLY,1.2033778407775906,GlyRS_AMP_GlytRNAGlyGCC,-1.4531261720220501e-07,-1.4695892865555645e-07
R4_GLYRS_ONLY,1.2033778407775906,GlyRS_Gly_ATP,-2.553200775250522e-05,-2.607770193305658e-05
R4_GLYRS_ONLY,1.3049019780144016,GlyRS_AMP_GlytRNAGlyGCC,-1.6084604995451285e-07,-1.6297023585912793e-07
R4_GLYRS_ONLY,1.3049019780144016,GlyRS_Gly_ATP,-3.063862512999935e-05,-3.132594663154333e-05
R4_GLYRS_ONLY,1.414991297434576,GlyRS_AMP_GlytRNAGlyGCC,-1.8066555562104745e-07,-1.83533757039576e-07
R4_GLYRS_ONLY,1.414991297434576,GlyRS_Gly_ATP,-3.7917170261643485e-05,-3.881727665113063e-05
R4_GLYRS_ONLY,1.5343684089300131,GlyRS_AMP_GlytRNAGlyGCC,-2.064320265845283e-07,-2.105380474089475e-07
R4_GLYRS_ONLY,1.5343684089300131,GlyRS_Gly_ATP,-4.879457007964105e-05,-5.003310227119874e-05
R4_GLYRS_ONLY,1.663816886076127,GlyRS_AMP_GlytRNAGlyGCC,-2.404864422539746e-07,-2.468370805231433e-07
R4_GLYRS_ONLY,1.663816886076127,GlyRS_Gly_ATP,-6.605891245143464e-05,-6.787625563236777e-05
R4_GLYRS_ONLY,1.804186409392072,GlyRS_AMP_GlytRNAGlyGCC,-2.856395348461299e-07,-2.965562811582529e-07
R4_GLYRS_ONLY,1.804186409392072,GlyRS_Gly_ATP,-9.5680933406124e-05,-9.858631747966777e-05
R4_GLYRS_ONLY,1.9563983435170649,GlyRS_AMP_GlytRNAGlyGCC,-3.4235411719039585e-07,-3.6414949120078603e-07
R4_GLYRS_ONLY,1.9563983435170649,GlyRS_Gly_ATP,-0.0001519563043386,-0.0001571777822588
R4_GLYRS_ONLY,2.121451784910628,GlyRS_AMP_GlytRNAGlyGCC,-3.897706159900188e-07,-4.439015075569972e-07
R4_GLYRS_ONLY,2.121451784910628,GlyRS_Gly_ATP,-0.0002735768590807,-0.0002845781418389
R4_GLYRS_ONLY,2.300430119772917,GlyRS_AMP_GlytRNAGlyGCC,-2.631070939896219e-07,-4.4566865199473153e-07
R4_GLYRS_ONLY,2.300430119772917,GlyRS_Gly_ATP,-0.0005701705940662,-0.0005980208962243
R4_GLYRS_ONLY,2.4945081352303164,GlyRS_AMP_GlytRNAGlyGCC,9.295000597819848e-07,1.6058043196167544e-07
R4_GLYRS_ONLY,2.4945081352303164,GlyRS_Gly_ATP,-0.0011452770118538,-0.0012137648708332
R4_GLYRS_ONLY,2.704959730463137,GlyRS_AMP_GlytRNAGlyGCC,2.7651584869378253e-06,1.620129886175828e-06
R4_GLYRS_ONLY,2.704959730463137,GlyRS_Gly_ATP,-0.0006456583169042,-0.0006735156860484
R4_GLYRS_ONLY,2.9331662783900425,GlyRS_AMP_GlytRNAGlyGCC,7.045834572021474e-07,6.320035580466882e-07
R4_GLYRS_ONLY,2.9331662783900425,GlyRS_Gly_ATP,2.832873532093716e-05,3.125108426432706e-05
R4_GLYRS_ONLY,3.180625692794119,GlyRS_AMP_GlytRNAGlyGCC,4.8024912994285344e-08,4.699826873808573e-08
R4_GLYRS_ONLY,3.180625692794119,GlyRS_Gly_ATP,4.722986100423078e-06,4.495117633058061e-06
R4_GLYRS_ONLY,3.44896226040576,GlyRS_AMP_GlytRNAGlyGCC,2.074481647462952e-09,2.04203798770709e-09
R4_GLYRS_ONLY,3.44896226040576,GlyRS_Gly_ATP,2.2162013703049598e-07,2.0933036285300395e-07
R4_GLYRS_ONLY,3.739937302478794,GlyRS_AMP_GlytRNAGlyGCC,-4.7580743864956266e-11,-4.797742330437301e-11
R4_GLYRS_ONLY,3.739937302478794,GlyRS_Gly_ATP,1.94504787558343e-09,1.8538783942322147e-09
R4_GLYRS_ONLY,4.0554607358408274,GlyRS_AMP_GlytRNAGlyGCC,-1.3741293673355983e-10,-1.3660681624272587e-10
R4_GLYRS_ONLY,4.0554607358408274,GlyRS_Gly_ATP,-6.5308650796375164e-09,-6.146915582727696e-09
R4_GLYRS_ONLY,4.397603609302721,GlyRS_AMP_GlytRNAGlyGCC,-1.5515153391515688e-10,-1.5420697730742052e-10
R4_GLYRS_ONLY,4.397603609302721,GlyRS_Gly_ATP,-7.533507484719718e-09,-7.0919159408505615e-09
R4_GLYRS_ONLY,4.768611697714475,GlyRS_AMP_GlytRNAGlyGCC,-1.6928866401098366e-10,-1.682410722672449e-10
R4_GLYRS_ONLY,4.768611697714475,GlyRS_Gly_ATP,-8.257294004262138e-09,-7.773840376256711e-09
R4_GLYRS_ONLY,5.170920242896756,GlyRS_AMP_GlytRNAGlyGCC,-1.8067634896244287e-10,-1.7954026129042575e-10
R4_GLYRS_ONLY,5.170920242896756,GlyRS_Gly_ATP,-8.843869374786269e-09,-8.32654015362209e-09
R4_GLYRS_ONLY,5.607169938205458,GlyRS_AMP_GlytRNAGlyGCC,-1.8850697735027367e-10,-1.8730270772867915e-10
R4_GLYRS_ONLY,5.607169938205458,GlyRS_Gly_ATP,-9.253131880724089e-09,-8.712244013108295e-09
R4_GLYRS_ONLY,6.080224261649427,GlyRS_AMP_GlytRNAGlyGCC,-1.9229718770421968e-10,-1.9104951885904006e-10
R4_GLYRS_ONLY,6.080224261649427,GlyRS_Gly_ATP,-9.458894935105572e-09,-8.906271928378407e-09
R4_GLYRS_ONLY,6.593188271333542,GlyRS_AMP_GlytRNAGlyGCC,-1.9203022156392263e-10,-1.9076547364694248e-10
R4_GLYRS_ONLY,6.593188271333542,GlyRS_Gly_ATP,-9.458873284347129e-09,-8.906460269212175e-09
R4_GLYRS_ONLY,7.149428986597577,GlyRS_AMP_GlytRNAGlyGCC,-1.8807732787551143e-10,-1.8682060276782855e-10
R4_GLYRS_ONLY,7.149428986597577,GlyRS_Gly_ATP,-9.271383532541597e-09,-8.730062162834354e-09
R4_GLYRS_ONLY,7.752597488629465,GlyRS_AMP_GlytRNAGlyGCC,-1.8111619607575663e-10,-1.798892777607552e-10
R4_GLYRS_ONLY,7.752597488629465,GlyRS_Gly_ATP,-8.930226827658962e-09,-8.408914803960793e-09
R4_GLYRS_ONLY,8.406652885618316,GlyRS_AMP_GlytRNAGlyGCC,-1.7233222425157218e-10,-1.7115021349382386e-10
R4_GLYRS_ONLY,8.406652885618316,GlyRS_Gly_ATP,-8.493133931385122e-09,-7.997369967002987e-09
R4_GLYRS_ONLY,9.115888299750818,GlyRS_AMP_GlytRNAGlyGCC,-1.635548385837381e-10,-1.6242087241799722e-10
R4_GLYRS_ONLY,9.115888299750818,GlyRS_Gly_ATP,-8.050046740423929e-09,-7.580109932899758e-09
R4_GLYRS_ONLY,9.884959046625584,GlyRS_AMP_GlytRNAGlyGCC,-1.5649607634812616e-10,-1.554001656817715e-10
R4_GLYRS_ONLY,9.884959046625584,GlyRS_Gly_ATP,-7.68851421732112e-09,-7.239604149568937e-09
R4_GLYRS_ONLY,10.718913192051286,GlyRS_AMP_GlytRNAGlyGCC,-1.5160110696299848e-10,-1.505279916096417e-10
R4_GLYRS_ONLY,10.718913192051286,GlyRS_Gly_ATP,-7.435078538736359e-09,-7.0008975717234674e-09
R4_GLYRS_ONLY,11.62322468679852,GlyRS_AMP_GlytRNAGlyGCC,-1.4804818312092418e-10,-1.4698721434183506e-10
R4_GLYRS_ONLY,11.62322468679852,GlyRS_Gly_ATP,-7.2510479046886825e-09,-6.827578863643256e-09
R4_GLYRS_ONLY,12.603829296797274,GlyRS_AMP_GlytRNAGlyGCC,-1.4473990347031428e-10,-1.4368833562340712e-10
R4_GLYRS_ONLY,12.603829296797274,GlyRS_Gly_ATP,-7.081363832773732e-09,-6.667792703685815e-09
R4_GLYRS_ONLY,13.667163564620074,GlyRS_AMP_GlytRNAGlyGCC,-1.409759333895342e-10,-1.3993663938452614e-10
R4_GLYRS_ONLY,13.667163564620074,GlyRS_Gly_ATP,-6.890167961138768e-09,-6.487758006217481e-09
R4_GLYRS_ONLY,14.82020705798857,GlyRS_AMP_GlytRNAGlyGCC,-1.3647500723246815e-10,-1.3545347896840375e-10
R4_GLYRS_ONLY,14.82020705798857,GlyRS_Gly_ATP,-6.6629872366025245e-09,-6.273838621903933e-09
R4_GLYRS_ONLY,16.070528182616385,GlyRS_AMP_GlytRNAGlyGCC,-1.3117839610524352e-10,-1.301810490897749e-10
R4_GLYRS_ONLY,16.070528182616385,GlyRS_Gly_ATP,-6.396873407279319e-09,-6.0232565770637675e-09
R4_GLYRS_ONLY,17.42633386009651,GlyRS_AMP_GlytRNAGlyGCC,-1.251177144025799e-10,-1.2415118435612366e-10
R4_GLYRS_ONLY,17.42633386009651,GlyRS_Gly_ATP,-6.093536818142439e-09,-5.737622798296277e-09
R4_GLYRS_ONLY,18.89652339691208,GlyRS_AMP_GlytRNAGlyGCC,-1.183670185479397e-10,-1.17437817154723e-10
R4_GLYRS_ONLY,18.89652339691208,GlyRS_Gly_ATP,-5.756814402133395e-09,-5.420550852856636e-09
R4_GLYRS_ONLY,20.49074689815846,GlyRS_AMP_GlytRNAGlyGCC,-1.1103100274661029e-10,-1.1014524095459616e-10
R4_GLYRS_ONLY,20.49074689815846,GlyRS_Gly_ATP,-5.392033006288571e-09,-5.077057356692432e-09
R4_GLYRS_ONLY,22.21946860939524,GlyRS_AMP_GlytRNAGlyGCC,-1.0324034915132991e-10,-1.0240346405076905e-10
R4_GLYRS_ONLY,22.21946860939524,GlyRS_Gly_ATP,-5.005762140734837e-09,-4.7133287213644725e-09
R4_GLYRS_ONLY,24.09403560239527,GlyRS_AMP_GlytRNAGlyGCC,-9.514575388798826e-11,-9.43622540476748e-11
R4_GLYRS_ONLY,24.09403560239527,GlyRS_Gly_ATP,-4.605507461508118e-09,-4.336432996595482e-09
R4_GLYRS_ONLY,26.126752255633264,GlyRS_AMP_GlytRNAGlyGCC,-8.691047221701391e-11,-8.618372037246632e-11
R4_GLYRS_ONLY,26.126752255633264,GlyRS_Gly_ATP,-4.199334628944215e-09,-3.9539651933993815e-09
R4_GLYRS_ONLY,28.330961018393243,GlyRS_AMP_GlytRNAGlyGCC,-7.870293897100305e-11,-7.803498338864572e-11
R4_GLYRS_ONLY,28.330961018393243,GlyRS_Gly_ATP,-3.79550036387101e-09,-3.573700141809455e-09
R4_GLYRS_ONLY,30.72112998861759,GlyRS_AMP_GlytRNAGlyGCC,-7.068972263523808e-11,-7.008118556785674e-11
R4_GLYRS_ONLY,30.72112998861759,GlyRS_Gly_ATP,-3.4021077933987787e-09,-3.2032678651097252e-09
R4_GLYRS_ONLY,33.3129478793467,GlyRS_AMP_GlytRNAGlyGCC,-6.302691071429406e-11,-6.247695776915597e-11
R4_GLYRS_ONLY,33.3129478793467,GlyRS_Gly_ATP,-3.02669448054918e-09,-2.849765744294918e-09
R4_GLYRS_ONLY,36.12342699709431,GlyRS_AMP_GlytRNAGlyGCC,-5.5847732760405504e-11,-5.5354167101874856e-11
R4_GLYRS_ONLY,36.12342699709431,GlyRS_Gly_ATP,-2.6756450288885347e-09,-2.519205598012652e-09
R4_GLYRS_ONLY,39.17101490809261,GlyRS_AMP_GlytRNAGlyGCC,-4.924756683743803e-11,-4.880708683499831e-11
R4_GLYRS_ONLY,39.17101490809261,GlyRS_Gly_ATP,-2.3534800783556187e-09,-2.215844167316709e-09
R4_GLYRS_ONLY,42.47571552536894,GlyRS_AMP_GlytRNAGlyGCC,-4.3272388768061806e-11,-4.2880987781386627e-11
R4_GLYRS_ONLY,42.47571552536894,GlyRS_Gly_ATP,-2.062311166891456e-09,-1.9416697829248104e-09
R4_GLYRS_ONLY,46.05922041145104,GlyRS_AMP_GlytRNAGlyGCC,-3.7918050810658095e-11,-3.757146832338959e-11
R4_GLYRS_ONLY,46.05922041145104,GlyRS_Gly_ATP,-1.801817486662624e-09,-1.6963802684228135e-09
R4_GLYRS_ONLY,49.9450511585514,GlyRS_AMP_GlytRNAGlyGCC,-3.3142677622278115e-11,-3.2836769387173494e-11
R4_GLYRS_ONLY,49.9450511585514,GlyRS_Gly_ATP,-1.5698547839275432e-09,-1.4779562851619014e-09
R4_GLYRS_ONLY,54.15871378079476,GlyRS_AMP_GlytRNAGlyGCC,-2.888654132770862e-11,-2.861748467506605e-11
R4_GLYRS_ONLY,54.15871378079476,GlyRS_Gly_ATP,-1.3634239943646762e-09,-1.2835732585048855e-09
R4_GLYRS_ONLY,58.72786613189477,GlyRS_AMP_GlytRNAGlyGCC,-2.50899260016772e-11,-2.4854260429236816e-11
R4_GLYRS_ONLY,58.72786613189477,GlyRS_Gly_ATP,-1.1795395153234992e-09,-1.1104192953601483e-09
R4_GLYRS_ONLY,63.68249944718586,GlyRS_AMP_GlytRNAGlyGCC,-2.1702585410889432e-11,-2.149715790468815e-11
R4_GLYRS_ONLY,63.68249944718586,GlyRS_Gly_ATP,-1.0156882977903348e-09,-9.561275320182655e-10
R4_GLYRS_ONLY,69.0551352016233,GlyRS_AMP_GlytRNAGlyGCC,-1.8684834505766935e-11,-1.8506727623175805e-11
R4_GLYRS_ONLY,69.0551352016233,GlyRS_Gly_ATP,-8.698819631194205e-10,-8.188253200180686e-10
R4_GLYRS_ONLY,74.88103857590015,GlyRS_AMP_GlytRNAGlyGCC,-1.6004454267190397e-11,-1.5850933918788876e-11
R4_GLYRS_ONLY,74.88103857590015,GlyRS_Gly_ATP,-7.405054310623964e-10,-6.969916765119978e-10
R4_GLYRS_ONLY,81.19844993184009,GlyRS_AMP_GlytRNAGlyGCC,-1.3633393251782736e-11,-1.3501888880028419e-11
R4_GLYRS_ONLY,81.19844993184009,GlyRS_Gly_ATP,-6.261556076154333e-10,-5.893053557158705e-10
R4_GLYRS_ONLY,88.04883581643465,GlyRS_AMP_GlytRNAGlyGCC,-1.1545841184877192e-11,-1.1433939316994563e-11
R4_GLYRS_ONLY,88.04883581643465,GlyRS_Gly_ATP,-5.255468274109608e-10,-4.945557576447961e-10
R4_GLYRS_ONLY,95.47716114208066,GlyRS_AMP_GlytRNAGlyGCC,-9.717448937193534e-12,-9.622893209331106e-12
R4_GLYRS_ONLY,95.47716114208066,GlyRS_Gly_ATP,-4.3747200610330656e-10,-4.116063788421927e-10
R4_GLYRS_ONLY,103.53218432956616,GlyRS_AMP_GlytRNAGlyGCC,-8.125071097125848e-12,-8.0457647541073e-12
R4_GLYRS_ONLY,103.53218432956616,GlyRS_Gly_ATP,-3.607892851663352e-10,-3.393822330084266e-10
R4_GLYRS_ONLY,112.26677735108136,GlyRS_AMP_GlytRNAGlyGCC,-6.746674078679179e-12,-6.680679910637778e-12
R4_GLYRS_ONLY,112.26677735108136,GlyRS_Gly_ATP,-2.9441684420289377e-10,-2.768648698720543e-10
R4_GLYRS_ONLY,121.7382727739662,GlyRS_AMP_GlytRNAGlyGCC,-5.561295665481908e-12,-5.506837164815797e-12
R4_GLYRS_ONLY,121.7382727739662,GlyRS_Gly_ATP,-2.3733000634185153e-10,-2.2308974597761923e-10
R4_GLYRS_ONLY,132.00884008314168,GlyRS_AMP_GlytRNAGlyGCC,-4.549028843467884e-12,-4.5044883508315865e-12
R4_GLYRS_ONLY,132.00884008314168,GlyRS_Gly_ATP,-1.8855984286990368e-10,-1.7714470828399189e-10
R4_GLYRS_ONLY,143.14589375234786,GlyRS_AMP_GlytRNAGlyGCC,-3.691022763952889e-12,-3.654939426315182e-12
R4_GLYRS_ONLY,143.14589375234786,GlyRS_Gly_ATP,-1.4719206864639844e-10,-1.3816927839262211e-10
R4_GLYRS_ONLY,155.2225357427048,GlyRS_AMP_GlytRNAGlyGCC,-2.9694962038352007e-12,-2.9405632040746804e-12
R4_GLYRS_ONLY,155.2225357427048,GlyRS_Gly_ATP,-1.1236734155997684e-10,-1.0535449944261416e-10
R4_GLYRS_ONLY,168.31803533309548,GlyRS_AMP_GlytRNAGlyGCC,-2.3677640184345365e-12,-2.344820755209878e-12
R4_GLYRS_ONLY,168.31803533309548,GlyRS_Gly_ATP,-8.328146939434733e-11,-7.794342849893228e-11
R4_GLYRS_ONLY,182.51834943190423,GlyRS_AMP_GlytRNAGlyGCC,-1.870272937104403e-12,-1.8523022426158715e-12
R4_GLYRS_ONLY,182.51834943190423,GlyRS_Gly_ATP,-5.918657122565285e-11,-5.523209152899139e-11
R4_GLYRS_ONLY,197.91668678535572,GlyRS_AMP_GlytRNAGlyGCC,-1.4626446145286737e-12,-1.4487623703828169e-12
R4_GLYRS_ONLY,197.91668678535572,GlyRS_Gly_ATP,-3.939244069828263e-11,-3.6570815377112935e-11
R4_GLYRS_ONLY,214.6141197858406,GlyRS_AMP_GlytRNAGlyGCC,-1.1317203549082377e-12,-1.1211669557779705e-12
R4_GLYRS_ONLY,214.6141197858406,GlyRS_Gly_ATP,-2.326829354193372e-11,-2.1365720811659558e-11
R4_GLYRS_ONLY,232.72024789604072,GlyRS_AMP_GlytRNAGlyGCC,-8.655996689007577e-13,-8.577297624802102e-13
R4_GLYRS_ONLY,232.72024789604072,GlyRS_Gly_ATP,-1.024383312550614e-11,-9.08002587303846e-12
R4_GLYRS_ONLY,252.3539170434766,GlyRS_AMP_GlytRNAGlyGCC,-6.536629859621185e-13,-6.479353521576582e-13
R4_GLYRS_ONLY,252.3539170434766,GlyRS_Gly_ATP,1.8954391008130239e-13,7.652797601765374e-13
R4_GLYRS_ONLY,273.6439997074672,GlyRS_AMP_GlytRNAGlyGCC,-4.865697603807567e-13,-4.825341630611769e-13
R4_GLYRS_ONLY,273.6439997074672,GlyRS_Gly_ATP,8.479645154449433e-12,8.591769632942277e-12
R4_GLYRS_ONLY,296.73024081888667,GlyRS_AMP_GlytRNAGlyGCC,-3.562250947914065e-13,-3.535122146459939e-13
R4_GLYRS_ONLY,296.73024081888667,GlyRS_Gly_ATP,1.5014803202845206e-11,1.476525109664892e-11
R4_GLYRS_ONLY,321.76417502507354,GlyRS_AMP_GlytRNAGlyGCC,-2.5571240274985946e-13,-2.5402105535694525e-13
R4_GLYRS_ONLY,321.76417502507354,GlyRS_Gly_ATP,2.0127486266216518e-11,1.9598896946915256e-11
R4_GLYRS_ONLY,348.9101213406774,GlyRS_AMP_GlytRNAGlyGCC,-1.79195573039425e-13,-1.7828384581244253e-13
R4_GLYRS_ONLY,348.9101213406774,GlyRS_Gly_ATP,2.409897997303345e-11,2.335769343906598e-11
R4_GLYRS_ONLY,378.3462617131925,GlyRS_AMP_GlytRNAGlyGCC,-1.2179905860471886e-13,-1.214731251553421e-13
R4_GLYRS_ONLY,378.3462617131925,GlyRS_Gly_ATP,2.716507552756597e-11,2.6263859134470716e-11
R4_GLYRS_ONLY,410.26581058271904,GlyRS_AMP_GlytRNAGlyGCC,-7.94785210680906e-14,-7.958667392025152e-14
R4_GLYRS_ONLY,410.26581058271904,GlyRS_Gly_ATP,2.9522280236768395e-11,2.8502660478264385e-11
R4_GLYRS_ONLY,444.87828311275854,GlyRS_AMP_GlytRNAGlyGCC,-4.8894958245529654e-14,-4.931800288883031e-14
R4_GLYRS_ONLY,444.87828311275854,GlyRS_Gly_ATP,3.133379038004758e-11,3.0228080876597034e-11
R4_GLYRS_ONLY,482.41087041653736,GlyRS_AMP_GlytRNAGlyGCC,-2.7303387076737202e-14,-2.7950361710208272e-14
R4_GLYRS_ONLY,482.41087041653736,GlyRS_Gly_ATP,3.273499483633091e-11,3.1567814279086065e-11
R4_GLYRS_ONLY,523.1099308056258,GlyRS_AMP_GlytRNAGlyGCC,-1.246140303033834e-14,-1.3265045006074551e-14
R4_GLYRS_ONLY,523.1099308056258,GlyRS_Gly_ATP,3.383754778110704e-11,3.262737908499695e-11
R4_GLYRS_ONLY,567.2426068491977,GlyRS_AMP_GlytRNAGlyGCC,-2.557639701156883e-15,-3.4682282744814248e-15
R4_GLYRS_ONLY,567.2426068491977,GlyRS_Gly_ATP,3.4733034157130576e-11,3.34933321518305e-11
R4_GLYRS_ONLY,615.0985788580505,GlyRS_AMP_GlytRNAGlyGCC,3.84464527813759e-15,2.862225331283083e-15
R4_GLYRS_ONLY,615.0985788580505,GlyRS_Gly_ATP,3.5495508008548387e-11,3.423580153236293e-11
R4_GLYRS_ONLY,666.9919663030115,GlyRS_AMP_GlytRNAGlyGCC,7.855536018766887e-15,6.825009261456713e-15
R4_GLYRS_ONLY,666.9919663030115,GlyRS_Gly_ATP,3.6183800096803436e-11,3.491065650116399e-11
R4_GLYRS_ONLY,723.2633896483534,GlyRS_AMP_GlytRNAGlyGCC,1.0303952515441224e-14,9.239785828721605e-15
R4_GLYRS_ONLY,723.2633896483534,GlyRS_Gly_ATP,3.6843862596253045e-11,3.556158206431207e-11
R4_GLYRS_ONLY,784.2822061337682,GlyRS_AMP_GlytRNAGlyGCC,1.1783820718248156e-14,1.0695697450017544e-14
R4_GLYRS_ONLY,784.2822061337682,GlyRS_Gly_ATP,3.7510883505245673e-11,3.6222234360763976e-11
R4_GLYRS_ONLY,850.4489341802686,GlyRS_AMP_GlytRNAGlyGCC,1.2701131989136144e-14,1.1593558843561984e-14
R4_GLYRS_ONLY,850.4489341802686,GlyRS_Gly_ATP,3.821170875377422e-11,3.69184606305818e-11
R4_GLYRS_ONLY,922.1978823334322,GlyRS_AMP_GlytRNAGlyGCC,1.3319660858209652e-14,1.2194369168533576e-14
R4_GLYRS_ONLY,922.1978823334322,GlyRS_Gly_ATP,3.89671951390308e-11,3.767052592163823e-11
R4_GLYRS_ONLY,1000.0,GlyRS_AMP_GlytRNAGlyGCC,1.3802218916392216e-14,1.2660053172263392e-14
R4_GLYRS_ONLY,1000.0,GlyRS_Gly_ATP,3.979436767088951e-11,3.8495187584091117e-11
R4_METRS_ONLY,0.0,MetRS_AMP_MettRNAfMetCAU,-0.001322863972976,-0.000655858966039
R4_METRS_ONLY,0.0,MetRS_Met_ATP,-0.1450243647968479,0.0049869854971854
R4_METRS_ONLY,0.0001,MetRS_AMP_MettRNAfMetCAU,-0.0013228178088447,-0.0006838996093462
R4_METRS_ONLY,0.0001,MetRS_Met_ATP,-0.0906796103671342,0.005025690371516
R4_METRS_ONLY,0.0001084365968689,MetRS_AMP_MettRNAfMetCAU,-0.0013228280854459,-0.0006839150481318
R4_METRS_ONLY,0.0001084365968689,MetRS_Met_ATP,-0.0863264296502169,0.0050256659720705
R4_METRS_ONLY,0.0001175849554052,MetRS_AMP_MettRNAfMetCAU,-0.0013228412950477,-0.0006839227110609
R4_METRS_ONLY,0.0001175849554052,MetRS_Met_ATP,-0.0817536232748921,0.0050256181138799
R4_METRS_ONLY,0.0001275051240713,MetRS_AMP_MettRNAfMetCAU,-0.0013228581992992,-0.0006839240870376
R4_METRS_ONLY,0.0001275051240713,MetRS_Met_ATP,-0.076952404792238,0.0050255454757015
R4_METRS_ONLY,0.0001382622173764,MetRS_AMP_MettRNAfMetCAU,-0.0013228797513371,-0.0006839200850297
R4_METRS_ONLY,0.0001382622173764,MetRS_Met_ATP,-0.0719134575889655,0.0050254450921285
R4_METRS_ONLY,0.0001499268432786,MetRS_AMP_MettRNAfMetCAU,-0.0013229071395326,-0.0006839110895926
R4_METRS_ONLY,0.0001499268432786,MetRS_Met_ATP,-0.0666276372627013,0.005025312232014
R4_METRS_ONLY,0.0001625755666443,MetRS_AMP_MettRNAfMetCAU,-0.001322941840523,-0.0006838970201198
R4_METRS_ONLY,0.0001625755666443,MetRS_Met_ATP,-0.0610868107433368,0.0050251402383329
R4_METRS_ONLY,0.0001762914118095,MetRS_AMP_MettRNAfMetCAU,-0.0013229856831977,-0.0006838773812447
R4_METRS_ONLY,0.0001762914118095,MetRS_Met_ATP,-0.0552847628697706,0.005024920303679
R4_METRS_ONLY,0.0001911644075385,MetRS_AMP_MettRNAfMetCAU,-0.0013230409254232,-0.0006838512948481
R4_METRS_ONLY,0.0001911644075385,MetRS_Met_ATP,-0.0492180971994129,0.0050246411586045
R4_METRS_ONLY,0.0002072921779595,MetRS_AMP_MettRNAfMetCAU,-0.0013231103453445,-0.0006838175079827
R4_METRS_ONLY,0.0002072921779595,MetRS_Met_ATP,-0.0428870677092023,0.0050242886541988
R4_METRS_ONLY,0.0002247805833548,MetRS_AMP_MettRNAfMetCAU,-0.0013231973490569,-0.0006837743746535
R4_METRS_ONLY,0.0002247805833548,MetRS_Met_ATP,-0.0362962991135543,0.0050238452242417
R4_METRS_ONLY,0.0002437444150122,MetRS_AMP_MettRNAfMetCAU,-0.0013233060962391,-0.0006837198120108
R4_METRS_ONLY,0.0002437444150122,MetRS_Met_ATP,-0.0294553797646322,0.0050232892150052
R4_METRS_ONLY,0.0002643081486974,MetRS_AMP_MettRNAfMetCAU,-0.001323441644922,-0.0006836512328274
R4_METRS_ONLY,0.0002643081486974,MetRS_Met_ATP,-0.022379334887172,0.0050225940720422
R4_METRS_ONLY,0.0002866067616948,MetRS_AMP_MettRNAfMetCAU,-0.0013236101158168,-0.0006835654563209
R4_METRS_ONLY,0.0002866067616948,MetRS_Met_ATP,-0.0150890025301585,0.0050217273735197
R4_METRS_ONLY,0.0003107866187782,MetRS_AMP_MettRNAfMetCAU,-0.0013238188754298,-0.0006834585989015
R4_METRS_ONLY,0.0003107866187782,MetRS_Met_ATP,-0.0076113366179797,0.0050206496997024
R4_METRS_ONLY,0.0003370064329271,MetRS_AMP_MettRNAfMetCAU,-0.0013240767353612,-0.0006833259457699
R4_METRS_ONLY,0.0003370064329271,MetRS_Met_ATP,2.034835385619771e-05,0.0050193133290646
R4_METRS_ONLY,0.0003654383070957,MetRS_AMP_MettRNAfMetCAU,-0.0013243941625368,-0.0006831618038333
R4_METRS_ONLY,0.0003654383070957,MetRS_Met_ATP,0.0077661937487593,0.0050176607540871
R4_METRS_ONLY,0.0003962688638701,MetRS_AMP_MettRNAfMetCAU,-0.0013247834913962,-0.0006829593363546
R4_METRS_ONLY,0.0003962688638701,MetRS_Met_ATP,0.0155796960245397,0.0050156230147424
R4_METRS_ONLY,0.000429700470432,MetRS_AMP_MettRNAfMetCAU,-0.0013252591239871,-0.0006827103801662
R4_METRS_ONLY,0.000429700470432,MetRS_Met_ATP,0.0234077258735097,0.0050131178555217
R4_METRS_ONLY,0.0004659525668664,MetRS_AMP_MettRNAfMetCAU,-0.0013258376972065,-0.0006824052471736
R4_METRS_ONLY,0.0004659525668664,MetRS_Met_ATP,0.0311907134874139,0.0050100477229995
R4_METRS_ONLY,0.0005052631065335,MetRS_AMP_MettRNAfMetCAU,-0.0013265381877845,-0.0006820325132262
R4_METRS_ONLY,0.0005052631065335,MetRS_Met_ATP,0.0388630485620618,0.0050062976356169
R4_METRS_ONLY,0.0005478901179593,MetRS_AMP_MettRNAfMetCAU,-0.0013273819147935,-0.0006815787992134
R4_METRS_ONLY,0.0005478901179593,MetRS_Met_ATP,0.0463537403173684,0.0050017329756965
R4_METRS_ONLY,0.0005941133984965,MetRS_AMP_MettRNAfMetCAU,-0.0013283923863525,-0.0006810285513991
R4_METRS_ONLY,0.0005941133984965,MetRS_Met_ATP,0.0535873749233222,0.0049961972753729
R4_METRS_ONLY,0.0006442363508721,MetRS_AMP_MettRNAfMetCAU,-0.0013295949218707,-0.0006803638304428
R4_METRS_ONLY,0.0006442363508721,MetRS_Met_ATP,0.0604853958990656,0.0049895100924157
R4_METRS_ONLY,0.0006985879746785,MetRS_AMP_MettRNAfMetCAU,-0.0013310159640425,-0.0006795641211041
R4_METRS_ONLY,0.0006985879746785,MetRS_Met_ATP,0.066967717230361,0.0049814650973035
R4_METRS_ONLY,0.0007575250258771,MetRS_AMP_MettRNAfMetCAU,-0.0013326819768146,-0.0006786061770432
R4_METRS_ONLY,0.0007575250258771,MetRS_Met_ATP,0.0729546587957364,0.0049718285170578
R4_METRS_ONLY,0.0008214343584919,MetRS_AMP_MettRNAfMetCAU,-0.0013346178082957,-0.0006774639170655
R4_METRS_ONLY,0.0008214343584919,MetRS_Met_ATP,0.0783691691167368,0.004960338100837
R4_METRS_ONLY,0.000890735463861,MetRS_AMP_MettRNAfMetCAU,-0.001336844383643,-0.0006761083901721
R4_METRS_ONLY,0.000890735463861,MetRS_Met_ATP,0.0831392720373455,0.0049467027826293
R4_METRS_ONLY,0.0009658832241158,MetRS_AMP_MettRNAfMetCAU,-0.001339375585984,-0.0006745078263207
R4_METRS_ONLY,0.0009658832241158,MetRS_Met_ATP,0.0872006432088371,0.0049306032121212
R4_METRS_ONLY,0.0010473708979594,MetRS_AMP_MettRNAfMetCAU,-0.0013422141883522,-0.0006726277872824
R4_METRS_ONLY,0.0010473708979594,MetRS_Met_ATP,0.0904991917219796,0.0049116932999119
R4_METRS_ONLY,0.0011357333583431,MetRS_AMP_MettRNAfMetCAU,-0.0013453467225872,-0.0006704314268145
R4_METRS_ONLY,0.0011357333583431,MetRS_Met_ATP,0.0929934954958027,0.0048896028717664
R4_METRS_ONLY,0.0012315506032928,MetRS_AMP_MettRNAfMetCAU,-0.0013487372192982,-0.0006678798610992
R4_METRS_ONLY,0.0012315506032928,MetRS_Met_ATP,0.0946569203318252,0.0048639414440377
R4_METRS_ONLY,0.0013354515629298,MetRS_AMP_MettRNAfMetCAU,-0.0013523198337744,-0.0006649326388475
R4_METRS_ONLY,0.0013354515629298,MetRS_Met_ATP,0.0954792467151935,0.0048343030168689
R4_METRS_ONLY,0.0014481182276745,MetRS_AMP_MettRNAfMetCAU,-0.0013559904927496,-0.0006615482859256
R4_METRS_ONLY,0.0014481182276745,MetRS_Met_ATP,0.0954676398372759,0.0048002716363163
R4_METRS_ONLY,0.0015702901247293,MetRS_AMP_MettRNAfMetCAU,-0.0013595978601,-0.0006576848827609
R4_METRS_ONLY,0.0015702901247293,MetRS_Met_ATP,0.0946468301225791,0.0047614273105489
R4_METRS_ONLY,0.0017027691722258,MetRS_AMP_MettRNAfMetCAU,-0.0013629341249865,-0.0006533006158795
R4_METRS_ONLY,0.0017027691722258,MetRS_Met_ATP,0.0930584247032304,0.0047173516963178
R4_METRS_ONLY,0.0018464249428955,MetRS_AMP_MettRNAfMetCAU,-0.0013657263545729,-0.0006483542302776
R4_METRS_ONLY,0.0018464249428955,MetRS_Met_ATP,0.0907593423597521,0.0046676328258088
R4_METRS_ONLY,0.0020022003718155,MetRS_AMP_MettRNAfMetCAU,-0.0013676294060097,-0.0006428053002681
R4_METRS_ONLY,0.0020022003718155,MetRS_Met_ATP,0.0878194491359396,0.0046118680541027
R4_METRS_ONLY,0.0021711179456945,MetRS_AMP_MettRNAfMetCAU,-0.0013682216265279,-0.0006366142366459
R4_METRS_ONLY,0.0021711179456945,MetRS_Met_ATP,0.0843185587892106,0.0045496644106217
R4_METRS_ONLY,0.0023542864143224,MetRS_AMP_MettRNAfMetCAU,-0.001367004741071,-0.0006297419609772
R4_METRS_ONLY,0.0023542864143224,MetRS_Met_ATP,0.080343038196699,0.0044806356689382
R4_METRS_ONLY,0.0025529080682395,MetRS_AMP_MettRNAfMetCAU,-0.0013634093782477,-0.0006221492060207
R4_METRS_ONLY,0.0025529080682395,MetRS_Met_ATP,0.0759823085876896,0.0044043957327136
R4_METRS_ONLY,0.002768286630392,MetRS_AMP_MettRNAfMetCAU,-0.0013568075580471,-0.0006137954453292
R4_METRS_ONLY,0.002768286630392,MetRS_Met_ATP,0.071325546847047,0.0043205483768131
R4_METRS_ONLY,0.0030018358135755,MetRS_AMP_MettRNAfMetCAU,-0.0013465331065024,-0.0006046375129151
R4_METRS_ONLY,0.0030018358135755,MetRS_Met_ATP,0.0664588603526241,0.0042286739606521
R4_METRS_ONLY,0.003255088599835,MetRS_AMP_MettRNAfMetCAU,-0.0013319103431384,-0.0005946280403922
R4_METRS_ONLY,0.003255088599835,MetRS_Met_ATP,0.0614631352227671,0.0041283143938944
R4_METRS_ONLY,0.0035297073027306,MetRS_AMP_MettRNAfMetCAU,-0.0013122905146118,-0.0005837139063007
R4_METRS_ONLY,0.0035297073027306,MetRS_Met_ATP,0.056412652200893,0.0040189583027163
R4_METRS_ONLY,0.0038274944785163,MetRS_AMP_MettRNAfMetCAU,-0.0012870943823447,-0.0005718349505013
R4_METRS_ONLY,0.0038274944785163,MetRS_Met_ATP,0.0513744455893668,0.0039000289188861
R4_METRS_ONLY,0.0041504047578504,MetRS_AMP_MettRNAfMetCAU,-0.001255858230743,-0.0005589232453151
R4_METRS_ONLY,0.0041504047578504,MetRS_Met_ATP,0.0464082719722587,0.0037708775911216
R4_METRS_ONLY,0.0045005576757004,MetRS_AMP_MettRNAfMetCAU,-0.0012182795143527,-0.0005449032255691
R4_METRS_ONLY,0.0045005576757004,MetRS_Met_ATP,0.0415669789761668,0.0036307859102692
R4_METRS_ONLY,0.0048802515836544,MetRS_AMP_MettRNAfMetCAU,-0.001174257604553,-0.0005296929559805
R4_METRS_ONLY,0.0048802515836544,MetRS_Met_ATP,0.0368970348700996,0.0034789791889101
R4_METRS_ONLY,0.0052919787359584,MetRS_AMP_MettRNAfMetCAU,-0.0011239248196988,-0.000513206754333
R4_METRS_ONLY,0.0052919787359584,MetRS_Met_ATP,0.0324390008805762,0.0033146534236248
R4_METRS_ONLY,0.0057384416483023,MetRS_AMP_MettRNAfMetCAU,-0.0010676632676399,-0.0004953592945414
R4_METRS_ONLY,0.0057384416483023,MetRS_Met_ATP,0.0282277909612755,0.0031370169150398
R4_METRS_ONLY,0.0062225708367302,MetRS_AMP_MettRNAfMetCAU,-0.0010061040475614,-0.000476071189951
R4_METRS_ONLY,0.0062225708367302,MetRS_Met_ATP,0.0242926504153898,0.002945346478955
R4_METRS_ONLY,0.0067475440531106,MetRS_AMP_MettRNAfMetCAU,-0.0009401069874633,-0.0004552759111907
R4_METRS_ONLY,0.0067475440531106,MetRS_Met_ATP,0.0206568736792634,0.0027390567242603
R4_METRS_ONLY,0.0073168071434271,MetRS_AMP_MettRNAfMetCAU,-0.0008707211604557,-0.0004329277333587
R4_METRS_ONLY,0.0073168071434271,MetRS_Met_ATP,0.0173373539037489,0.0025177792889286
R4_METRS_ONLY,0.0079340966657974,MetRS_AMP_MettRNAfMetCAU,-0.0007991286675416,-0.0004090102450662
R4_METRS_ONLY,0.0079340966657974,MetRS_Met_ATP,0.0143441010643952,0.0022814473228737
R4_METRS_ONLY,0.0086034644166845,MetRS_AMP_MettRNAfMetCAU,-0.0007265762948906,-0.0003835448010545
R4_METRS_ONLY,0.0086034644166845,MetRS_Met_ATP,0.0116798780399255,0.0020303790272129
R4_METRS_ONLY,0.0093293040262846,MetRS_AMP_MettRNAfMetCAU,-0.0006543013540464,-0.0003565981794184
R4_METRS_ONLY,0.0093293040262846,MetRS_Met_ATP,0.0093400890756746,0.0017653528890535
R4_METRS_ONLY,0.010116379797662,MetRS_AMP_MettRNAfMetCAU,-0.0005834590427558,-0.0003282886371028
R4_METRS_ONLY,0.010116379797662,MetRS_Met_ATP,0.0073130195188399,0.0014876666180145
R4_METRS_ONLY,0.0109698579789238,MetRS_AMP_MettRNAfMetCAU,-0.000515058838517,-0.0002987895682266
R4_METRS_ONLY,0.0109698579789238,MetRS_Met_ATP,0.0055804774820927,0.001199171939668
R4_METRS_ONLY,0.0118953406737031,MetRS_AMP_MettRNAfMetCAU,-0.000449916653973,-0.0002683300799647
R4_METRS_ONLY,0.0118953406737031,MetRS_Met_ATP,0.0041188340145882,0.0009022785349128
R4_METRS_ONLY,0.012898902612533,MetRS_AMP_MettRNAfMetCAU,-0.0003886277381602,-0.0002371920193468
R4_METRS_ONLY,0.012898902612533,MetRS_Met_ATP,0.0029004043395339,0.0005999226161015
R4_METRS_ONLY,0.0139871310264723,MetRS_AMP_MettRNAfMetCAU,-0.0003315627229135,-0.0002057033008297
R4_METRS_ONLY,0.0139871310264723,MetRS_Met_ATP,0.0018950644879495,0.0002954987870234
R4_METRS_ONLY,0.0151671688847092,MetRS_AMP_MettRNAfMetCAU,-0.0002788860747377,-0.0001742277640027
R4_METRS_ONLY,0.0151671688847092,MetRS_Met_ATP,0.0010719612751521,-7.242408238784076e-06
R4_METRS_ONLY,0.0164467617799466,MetRS_AMP_MettRNAfMetCAU,-0.000230592981937,-0.0001431521760551
R4_METRS_ONLY,0.0164467617799466,MetRS_Met_ATP,0.0004011550390293,-0.0003043250532135
R4_METRS_ONLY,0.017834308769319,MetRS_AMP_MettRNAfMetCAU,-0.0001865579820333,-0.0001128713153002
R4_METRS_ONLY,0.017834308769319,MetRS_Met_ATP,-0.0001449615242936,-0.0005916972125124
R4_METRS_ONLY,0.0193389175045523,MetRS_AMP_MettRNAfMetCAU,-0.0001465870256193,-8.377226599600316e-05
R4_METRS_ONLY,0.0193389175045523,MetRS_Met_ATP,-0.0005905972945859,-0.0008653878806022
R4_METRS_ONLY,0.0209704640132323,MetRS_AMP_MettRNAfMetCAU,-0.0001104646211647,-5.6219082098107086e-05
R4_METRS_ONLY,0.0209704640132323,MetRS_Met_ATP,-0.0009559297148748,-0.0011216601247661
R4_METRS_ONLY,0.0227396575235792,MetRS_AMP_MettRNAfMetCAU,-7.798930379645597e-05,-3.053884031590499e-05
R4_METRS_ONLY,0.0227396575235792,MetRS_Met_ATP,-0.0012569237668419,-0.0013571504253364
R4_METRS_ONLY,0.024658110758226,MetRS_AMP_MettRNAfMetCAU,-4.899357499755846e-05,-7.009846554807079e-06
R4_METRS_ONLY,0.024658110758226,MetRS_Met_ATP,-0.0015055591551022,-0.0015689867737713
R4_METRS_ONLY,0.0267384161583994,MetRS_AMP_MettRNAfMetCAU,-2.3347944659307326e-05,1.4147538204801235e-05
R4_METRS_ONLY,0.0267384161583994,MetRS_Met_ATP,-0.001710370509325,-0.0017548810314195
R4_METRS_ONLY,0.0289942285388287,MetRS_AMP_MettRNAfMetCAU,-9.518911560073978e-07,3.277724592920612e-05
R4_METRS_ONLY,0.0289942285388287,MetRS_Met_ATP,-0.0018771748898697,-0.0019131935868136
R4_METRS_ONLY,0.031440354715915,MetRS_AMP_MettRNAfMetCAU,1.8283321025734225e-05,4.879098105487081e-05
R4_METRS_ONLY,0.031440354715915,MetRS_Met_ATP,-0.0020098562067899,-0.0020429699257349
R4_METRS_ONLY,0.0340928506974681,MetRS_AMP_MettRNAfMetCAU,3.445434530597105e-05,6.216885020595205e-05
R4_METRS_ONLY,0.0340928506974681,MetRS_Met_ATP,-0.0021110950526361,-0.00214394927539
R4_METRS_ONLY,0.0369691270719502,MetRS_AMP_MettRNAfMetCAU,4.768303692408854e-05,7.295715839337025e-05
R4_METRS_ONLY,0.0369691270719502,MetRS_Met_ATP,-0.0021829672441556,-0.0022165454027228
R4_METRS_ONLY,0.0400880632889846,MetRS_AMP_MettRNAfMetCAU,5.812795919433837e-05,8.126339063933728e-05
R4_METRS_ONLY,0.0400880632889846,MetRS_Met_ATP,-0.0022273744741791,-0.0022617996233025
R4_METRS_ONLY,0.0434701315812502,MetRS_AMP_MettRNAfMetCAU,6.598864061350528e-05,8.7248470742858e-05
R4_METRS_ONLY,0.0434701315812502,MetRS_Met_ATP,-0.0022463060883561,-0.0022813067635553
R4_METRS_ONLY,0.0471375313411672,MetRS_AMP_MettRNAfMetCAU,7.150278051196125e-05,9.111656269718816e-05
R4_METRS_ONLY,0.0471375313411672,MetRS_Met_ATP,-0.0022419558653,-0.0022771165302374
R4_METRS_ONLY,0.0511143348344016,MetRS_AMP_MettRNAfMetCAU,7.49377675174777e-05,9.310293901836886e-05
R4_METRS_ONLY,0.0511143348344016,MetRS_Met_ATP,-0.0022167302187061,-0.0022516153260502
R4_METRS_ONLY,0.055426645206631,MetRS_AMP_MettRNAfMetCAU,7.657848491906009e-05,9.34607237316834e-05
R4_METRS_ONLY,0.055426645206631,MetRS_Met_ATP,-0.0021731864765688,-0.0022073964149541
R4_METRS_ONLY,0.0601027678207038,MetRS_AMP_MettRNAfMetCAU,7.671353379983849e-05,9.244754625572988e-05
R4_METRS_ONLY,0.0601027678207038,MetRS_Met_ATP,-0.0021139357232904,-0.0021471286884578
R4_METRS_ONLY,0.0651733960488242,MetRS_AMP_MettRNAfMetCAU,7.56218469759192e-05,9.031324032675188e-05
R4_METRS_ONLY,0.0651733960488242,MetRS_Met_ATP,-0.0020415376613443,-0.0020734353472489
R4_METRS_ONLY,0.0706718127392749,MetRS_AMP_MettRNAfMetCAU,7.35613078133553e-05,8.728964420382192e-05
R4_METRS_ONLY,0.0706718127392749,MetRS_Met_ATP,-0.0019584073815948,-0.0019887931164444
R4_METRS_ONLY,0.0766341086800745,MetRS_AMP_MettRNAfMetCAU,7.07604986745769e-05,8.358330093752355e-05
R4_METRS_ONLY,0.0766341086800745,MetRS_Met_ATP,-0.0018667467540714,-0.0018954600928109
R4_METRS_ONLY,0.0830994194935339,MetRS_AMP_MettRNAfMetCAU,6.741413811649807e-05,7.93714605807747e-05
R4_METRS_ONLY,0.0830994194935339,MetRS_Met_ATP,-0.0017685065974578,-0.0017954363565345
R4_METRS_ONLY,0.0901101825166501,MetRS_AMP_MettRNAfMetCAU,6.368218768433988e-05,7.48013259807603e-05
R4_METRS_ONLY,0.0901101825166501,MetRS_Met_ATP,-0.0016653799362026,-0.0016904568203856
R4_METRS_ONLY,0.097712415353465,MetRS_AMP_MettRNAfMetCAU,5.969209680270916e-05,6.999205288248495e-05
R4_METRS_ONLY,0.097712415353465,MetRS_Met_ATP,-0.0015588217863508,-0.0015820113707646
R4_METRS_ONLY,0.1059560179277615,MetRS_AMP_MettRNAfMetCAU,5.5543288068209606e-05,6.503870032936832e-05
R4_METRS_ONLY,0.1059560179277615,MetRS_Met_ATP,-0.0014500875199643,-0.0014713840719099
R4_METRS_ONLY,0.1148951000187308,MetRS_AMP_MettRNAfMetCAU,5.1312820216972005e-05,6.001718593068124e-05
R4_METRS_ONLY,0.1148951000187308,MetRS_Met_ATP,-0.0013402802851506,-0.0013597016639428
R4_METRS_ONLY,0.1245883364295008,MetRS_AMP_MettRNAfMetCAU,4.706121231255159e-05,5.498934456502573e-05
R4_METRS_ONLY,0.1245883364295008,MetRS_Met_ATP,-0.0012303982888571,-0.001247981943107
R4_METRS_ONLY,0.1350993521198026,MetRS_AMP_MettRNAfMetCAU,4.28376298848886e-05,5.000738368512133e-05
R4_METRS_ONLY,0.1350993521198026,MetRS_Met_ATP,-0.0011213746278035,-0.0011371745445874
R4_METRS_ONLY,0.1464971398307286,MetRS_AMP_MettRNAfMetCAU,3.868394452096954e-05,4.511730529581117e-05
R4_METRS_ONLY,0.1464971398307286,MetRS_Met_ATP,-0.0010141051139029,-0.0010281894792732
R4_METRS_ONLY,0.1588565129428052,MetRS_AMP_MettRNAfMetCAU,3.4637494853838584e-05,4.0361146224432704e-05
R4_METRS_ONLY,0.1588565129428052,MetRS_Met_ATP,-0.0009094624147211,-0.0009219117200951
R4_METRS_ONLY,0.1722585965398785,MetRS_AMP_MettRNAfMetCAU,3.07326284040353e-05,3.577811223986684e-05
R4_METRS_ONLY,0.1722585965398785,MetRS_Met_ATP,-0.0008082971916193,-0.0008192025490468
R4_METRS_ONLY,0.1867913599020783,MetRS_AMP_MettRNAfMetCAU,2.700125531614585e-05,3.14048172465491e-05
R4_METRS_ONLY,0.1867913599020783,MetRS_Met_ATP,-0.0007114284445311,-0.0007208899342278
R4_METRS_ONLY,0.2025501939230666,MetRS_AMP_MettRNAfMetCAU,2.347269912518317e-05,2.7274888501745027e-05
R4_METRS_ONLY,0.2025501939230666,MetRS_Met_ATP,-0.0006196259696021,-0.0006277509123412
R4_METRS_ONLY,0.2196385372416547,MetRS_AMP_MettRNAfMetCAU,2.0173114630849583e-05,2.341818766370213e-05
R4_METRS_ONLY,0.2196385372416547,MetRS_Met_ATP,-0.0005335879350956,-0.0005404890444986
R4_METRS_ONLY,0.2381685551976158,MetRS_AMP_MettRNAfMetCAU,1.712469461705201e-05,1.9859856958415512e-05
R4_METRS_ONLY,0.2381685551976158,MetRS_Met_ATP,-0.0004539163794369,-0.0004597097969847
R4_METRS_ONLY,0.2582618760682675,MetRS_AMP_MettRNAfMetCAU,1.4344834368020323e-05,1.6619355021322586e-05
R4_METRS_ONLY,0.2582618760682675,MetRS_Met_ATP,-0.0003810931654373,-0.0003858964133148
R4_METRS_ONLY,0.2800503894183631,MetRS_AMP_MettRNAfMetCAU,1.1845380551480105e-05,1.3709610720448927e-05
R4_METRS_ONLY,0.2800503894183631,MetRS_Met_ATP,-0.0003154586915852,-0.0003193885984002
R4_METRS_ONLY,0.3036771118035457,MetRS_AMP_MettRNAfMetCAU,9.632061465654918e-06,1.113639709081628e-05
R4_METRS_ONLY,0.3036771118035457,MetRS_Met_ATP,-0.0002571954560785,-0.0002603661207092
R4_METRS_ONLY,0.3292971255097151,MetRS_AMP_MettRNAfMetCAU,7.704174083287912e-06,8.89800687202076e-06
R4_METRS_ONLY,0.3292971255097151,MetRS_Met_ATP,-0.0002063183201033,-0.0002088391837826
R4_METRS_ONLY,0.3570785964900462,MetRS_AMP_MettRNAfMetCAU,6.05458313913097e-06,6.985289791993673e-06
R4_METRS_ONLY,0.3570785964900462,MetRS_Met_ATP,-0.000162672939522,-0.0001646470372913
R4_METRS_ONLY,0.3872038781812553,MetRS_AMP_MettRNAfMetCAU,4.670063944414672e-06,5.382085379231613e-06
R4_METRS_ONLY,0.3872038781812553,MetRS_Met_ATP,-0.0001259432781923,-0.0001274657382427
R4_METRS_ONLY,0.419870708444391,MetRS_AMP_MettRNAfMetCAU,3.531991585825362e-06,4.066052078187028e-06
R4_METRS_ONLY,0.419870708444391,MetRS_Met_ATP,-9.566837249547731e-05,-9.682522593946422e-05
R4_METRS_ONLY,0.4552935074866948,MetRS_AMP_MettRNAfMetCAU,2.617345651929502e-06,3.0098551395934742e-06
R4_METRS_ONLY,0.4552935074866948,MetRS_Met_ATP,-7.126763310015072e-05,-7.213498538457184e-05
R4_METRS_ONLY,0.4937047852839004,MetRS_AMP_MettRNAfMetCAU,1.899964734713099e-06,2.1826359813041022e-06
R4_METRS_ONLY,0.4937047852839004,MetRS_Met_ATP,-5.20730369405328e-05,-5.271663676494152e-05
R4_METRS_ONLY,0.5353566677410724,MetRS_AMP_MettRNAfMetCAU,1.3519538146873017e-06,1.5516501567232744e-06
R4_METRS_ONLY,0.5353566677410724,MetRS_Met_ATP,-3.7365719135596265e-05,-3.784093714427373e-05
R4_METRS_ONLY,0.5805225516094895,MetRS_AMP_MettRNAfMetCAU,9.451255104207672e-07,1.0839361324326192e-06
R4_METRS_ONLY,0.5805225516094895,MetRS_Met_ATP,-2.6413859668584453e-05,-2.6766062700602805e-05
R4_METRS_ONLY,0.6294988990221888,MetRS_AMP_MettRNAfMetCAU,6.523484196243896e-07,7.478686724360336e-07
R4_METRS_ONLY,0.6294988990221888,MetRS_Met_ATP,-1.850851748223586e-05,-1.87737942064632e-05
R4_METRS_ONLY,0.6826071834272386,MetRS_AMP_MettRNAfMetCAU,4.486853180770333e-07,5.144623234819629e-07
R4_METRS_ONLY,0.6826071834272386,MetRS_Met_ATP,-1.2994274558952076e-05,-1.3200440876768463e-05
R4_METRS_ONLY,0.7401959996915645,MetRS_AMP_MettRNAfMetCAU,3.122310590224263e-07,3.583223913425448e-07
R4_METRS_ONLY,0.7401959996915645,MetRS_Met_ATP,-9.292226785222266e-06,-9.460017895260997e-06
R4_METRS_ONLY,0.8026433522257174,MetRS_AMP_MettRNAfMetCAU,2.246008696025039e-07,2.5818856050296666e-07
R4_METRS_ONLY,0.8026433522257174,MetRS_Met_ATP,-6.913905314595743e-06,-7.0582509391108544e-06
R4_METRS_ONLY,0.8703591361485166,MetRS_AMP_MettRNAfMetCAU,1.710671513136799e-07,1.970714418728959e-07
R4_METRS_ONLY,0.8703591361485166,MetRS_Met_ATP,-5.46594802895619e-06,-5.597231176445421e-06
R4_METRS_ONLY,0.943787827777538,MetRS_AMP_MettRNAfMetCAU,1.4038849621559376e-07,1.6203487981182702e-07
R4_METRS_ONLY,0.943787827777538,MetRS_Met_ATP,-4.646551346560064e-06,-4.771765481127069e-06
R4_METRS_ONLY,1.0234114021054528,MetRS_AMP_MettRNAfMetCAU,1.2440864062210086e-07,1.4371581990946766e-07
R4_METRS_ONLY,1.0234114021054528,MetRS_Met_ATP,-4.2356581810261765e-06,-4.359404430585561e-06
R4_METRS_ONLY,1.1097524964120722,MetRS_AMP_MettRNAfMetCAU,1.1752061245353697e-07,1.3569293276050757e-07
R4_METRS_ONLY,1.1097524964120722,MetRS_Met_ATP,-4.081345561002085e-06,-4.206640650976671e-06
R4_METRS_ONLY,1.2033778407775906,MetRS_AMP_MettRNAfMetCAU,1.1608988296205917e-07,1.3381260458599314e-07
R4_METRS_ONLY,1.2033778407775906,MetRS_Met_ATP,-4.0848873681682135e-06,-4.213780768795976e-06
R4_METRS_ONLY,1.3049019780144016,MetRS_AMP_MettRNAfMetCAU,1.1791293185662961e-07,1.3556003136062918e-07
R4_METRS_ONLY,1.3049019780144016,MetRS_Met_ATP,-4.186551227512193e-06,-4.320573344417204e-06
R4_METRS_ONLY,1.414991297434576,MetRS_AMP_MettRNAfMetCAU,1.2176134571103853e-07,1.3953209525318342e-07
R4_METRS_ONLY,1.414991297434576,MetRS_Met_ATP,-4.353522537476305e-06,-4.493997695973023e-06
R4_METRS_ONLY,1.5343684089300131,MetRS_AMP_MettRNAfMetCAU,1.2703342924184468e-07,1.4503608408964532e-07
R4_METRS_ONLY,1.5343684089300131,MetRS_Met_ATP,-4.570613576796757e-06,-4.718877371999886e-06
R4_METRS_ONLY,1.663816886076127,MetRS_AMP_MettRNAfMetCAU,1.335120680273378e-07,1.5181154555227588e-07
R4_METRS_ONLY,1.663816886076127,MetRS_Met_ATP,-4.833793788759644e-06,-4.991352686311426e-06
R4_METRS_ONLY,1.804186409392072,MetRS_AMP_MettRNAfMetCAU,1.4121299902244286e-07,1.5985604918157156e-07
R4_METRS_ONLY,1.804186409392072,MetRS_Met_ATP,-5.146175953583444e-06,-5.3148426139760045e-06
R4_METRS_ONLY,1.9563983435170649,MetRS_AMP_MettRNAfMetCAU,1.503018554514183e-07,1.6932926887478202e-07
R4_METRS_ONLY,1.9563983435170649,MetRS_Met_ATP,-5.51592424388736e-06,-5.697957142528584e-06
R4_METRS_ONLY,2.121451784910628,MetRS_AMP_MettRNAfMetCAU,1.610595083761327e-07,1.805113771035621e-07
R4_METRS_ONLY,2.121451784910628,MetRS_Met_ATP,-5.955572764675295e-06,-6.153846428591e-06
R4_METRS_ONLY,2.300430119772917,MetRS_AMP_MettRNAfMetCAU,1.738802549944513e-07,1.937976064264748e-07
R4_METRS_ONLY,2.300430119772917,MetRS_Met_ATP,-6.482380407697025e-06,-6.700614272269916e-06
R4_METRS_ONLY,2.4945081352303164,MetRS_AMP_MettRNAfMetCAU,1.892935575239325e-07,2.0971782742590665e-07
R4_METRS_ONLY,2.4945081352303164,MetRS_Met_ATP,-7.119532558447737e-06,-7.362613717509079e-06
R4_METRS_ONLY,2.704959730463137,MetRS_AMP_MettRNAfMetCAU,2.080062341732478e-07,2.2897688278215813e-07
R4_METRS_ONLY,2.704959730463137,MetRS_Met_ATP,-7.898197069720891e-06,-8.17264675389076e-06
R4_METRS_ONLY,2.9331662783900425,MetRS_AMP_MettRNAfMetCAU,2.3097013847404695e-07,2.525201571935108e-07
R4_METRS_ONLY,2.9331662783900425,MetRS_Met_ATP,-8.860536443448981e-06,-9.175194536091925e-06
R4_METRS_ONLY,3.180625692794119,MetRS_AMP_MettRNAfMetCAU,2.594652781140634e-07,2.816120993208529e-07
R4_METRS_ONLY,3.180625692794119,MetRS_Met_ATP,-1.0063725162437302e-05,-1.0430758616813524e-05
R4_METRS_ONLY,3.44896226040576,MetRS_AMP_MettRNAfMetCAU,2.9521462683354104e-07,3.179443365133359e-07
R4_METRS_ONLY,3.44896226040576,MetRS_Met_ATP,-1.1585667833685642e-05,-1.2022056392473264e-05
R4_METRS_ONLY,3.739937302478794,MetRS_AMP_MettRNAfMetCAU,3.4051834771651546e-07,3.637577021219746e-07
R4_METRS_ONLY,3.739937302478794,MetRS_Met_ATP,-1.3531560453260844e-05,-1.4061244494632347e-05
R4_METRS_ONLY,4.0554607358408274,MetRS_AMP_MettRNAfMetCAU,3.983358037434599e-07,4.219027487486149e-07
R4_METRS_ONLY,4.0554607358408274,MetRS_Met_ATP,-1.6038839914350213e-05,-1.6695649174554606e-05
R4_METRS_ONLY,4.397603609302721,MetRS_AMP_MettRNAfMetCAU,4.7213628638842963e-07,4.956551561514456e-07
R4_METRS_ONLY,4.397603609302721,MetRS_Met_ATP,-1.927247133227256e-05,-2.0103532917679875e-05
R4_METRS_ONLY,4.768611697714475,MetRS_AMP_MettRNAfMetCAU,5.649939047350336e-07,5.877583847860112e-07
R4_METRS_ONLY,4.768611697714475,MetRS_Met_ATP,-2.3386866050809432e-05,-2.4454667549714372e-05
R4_METRS_ONLY,5.170920242896756,MetRS_AMP_MettRNAfMetCAU,6.766850777765901e-07,6.974681632062191e-07
R4_METRS_ONLY,5.170920242896756,MetRS_Met_ATP,-2.839699846139774e-05,-2.9774031870024272e-05
R4_METRS_ONLY,5.607169938205458,MetRS_AMP_MettRNAfMetCAU,7.965900555897943e-07,8.134896427591352e-07
R4_METRS_ONLY,5.607169938205458,MetRS_Met_ATP,-3.3854439083656415e-05,-3.559567210788551e-05
R4_METRS_ONLY,6.080224261649427,MetRS_AMP_MettRNAfMetCAU,8.914377002959724e-07,9.021060574381056e-07
R4_METRS_ONLY,6.080224261649427,MetRS_Met_ATP,-3.827655130534541e-05,-4.034860142044352e-05
R4_METRS_ONLY,6.593188271333542,MetRS_AMP_MettRNAfMetCAU,8.987393091466347e-07,9.016483132878454e-07
R4_METRS_ONLY,6.593188271333542,MetRS_Met_ATP,-3.882551410579888e-05,-4.100634202581911e-05
R4_METRS_ONLY,7.149428986597577,MetRS_AMP_MettRNAfMetCAU,7.607746033585464e-07,7.573357137214259e-07
R4_METRS_ONLY,7.149428986597577,MetRS_Met_ATP,-3.286331629705555e-05,-3.474712582301857e-05
R4_METRS_ONLY,7.752597488629465,MetRS_AMP_MettRNAfMetCAU,5.059621388786285e-07,5.005457383833072e-07
R4_METRS_ONLY,7.752597488629465,MetRS_Met_ATP,-2.16894737164546e-05,-2.29454035467142e-05
R4_METRS_ONLY,8.406652885618316,MetRS_AMP_MettRNAfMetCAU,2.560725149146855e-07,2.5224553174783505e-07
R4_METRS_ONLY,8.406652885618316,MetRS_Met_ATP,-1.0804270156968951e-05,-1.1438358390369309e-05
R4_METRS_ONLY,9.115888299750818,MetRS_AMP_MettRNAfMetCAU,9.99436578725227e-08,9.820210590940553e-08
R4_METRS_ONLY,9.115888299750818,MetRS_Met_ATP,-4.114660922576157e-06,-4.363233403950368e-06
R4_METRS_ONLY,9.884959046625584,MetRS_AMP_MettRNAfMetCAU,3.1062249064494115e-08,3.047823215868338e-08
R4_METRS_ONLY,9.884959046625584,MetRS_Met_ATP,-1.2352234083334293e-06,-1.3136337520252958e-06
R4_METRS_ONLY,10.718913192051286,MetRS_AMP_MettRNAfMetCAU,7.583939582677366e-09,7.430808426595116e-09
R4_METRS_ONLY,10.718913192051286,MetRS_Met_ATP,-2.8545201368878215e-07,-3.0499984262886055e-07
R4_METRS_ONLY,11.62322468679852,MetRS_AMP_MettRNAfMetCAU,9.918042698303823e-10,9.63926375765628e-10
R4_METRS_ONLY,11.62322468679852,MetRS_Met_ATP,-2.9529629736032778e-08,-3.211496545621181e-08
R4_METRS_ONLY,12.603829296797274,MetRS_AMP_MettRNAfMetCAU,-5.610028260123768e-10,-5.586462970940151e-10
R4_METRS_ONLY,12.603829296797274,MetRS_Met_ATP,2.7671985251072516e-08,2.9210505780336958e-08
R4_METRS_ONLY,13.667163564620074,MetRS_AMP_MettRNAfMetCAU,-8.342250818229741e-10,-8.260261967548305e-10
R4_METRS_ONLY,13.667163564620074,MetRS_Met_ATP,3.6743267353830586e-08,3.9033303268746974e-08
R4_METRS_ONLY,14.82020705798857,MetRS_AMP_MettRNAfMetCAU,-8.234381168373498e-10,-8.148005626400321e-10
R4_METRS_ONLY,14.82020705798857,MetRS_Met_ATP,3.565426785626449e-08,3.791996792727999e-08
R4_METRS_ONLY,16.070528182616385,MetRS_AMP_MettRNAfMetCAU,-7.563993709267142e-10,-7.483781765902127e-10
R4_METRS_ONLY,16.070528182616385,MetRS_Met_ATP,3.2641838683834113e-08,3.472433889709797e-08
R4_METRS_ONLY,17.42633386009651,MetRS_AMP_MettRNAfMetCAU,-6.791036500261652e-10,-6.718852429700066e-10
R4_METRS_ONLY,17.42633386009651,MetRS_Met_ATP,2.9287228176812754e-08,3.115690414463881e-08
R4_METRS_ONLY,18.89652339691208,MetRS_AMP_MettRNAfMetCAU,-6.006297440761957e-10,-5.942400825574158e-10
R4_METRS_ONLY,18.89652339691208,MetRS_Met_ATP,2.58989410943742e-08,2.7552376211774266e-08
R4_METRS_ONLY,20.49074689815846,MetRS_AMP_MettRNAfMetCAU,-5.23810632709482e-10,-5.182367037211784e-10
R4_METRS_ONLY,20.49074689815846,MetRS_Met_ATP,2.2585166670023585e-08,2.4027032757594997e-08
R4_METRS_ONLY,22.21946860939524,MetRS_AMP_MettRNAfMetCAU,-4.5072088360338157e-10,-4.459267306746034e-10
R4_METRS_ONLY,22.21946860939524,MetRS_Met_ATP,1.9433444786221863e-08,2.0674171807273663e-08
R4_METRS_ONLY,24.09403560239527,MetRS_AMP_MettRNAfMetCAU,-3.833811569452424e-10,-3.7930910675373436e-10
R4_METRS_ONLY,24.09403560239527,MetRS_Met_ATP,1.6530625155828857e-08,1.758619766043754e-08
R4_METRS_ONLY,26.126752255633264,MetRS_AMP_MettRNAfMetCAU,-3.236431973846424e-10,-3.2021529339714435e-10
R4_METRS_ONLY,26.126752255633264,MetRS_Met_ATP,1.395636396164454e-08,1.4847833452886125e-08
R4_METRS_ONLY,28.330961018393243,MetRS_AMP_MettRNAfMetCAU,-2.72920989965356e-10,-2.700431679548861e-10
R4_METRS_ONLY,28.330961018393243,MetRS_Met_ATP,1.1771353663841098e-08,1.252361640050836e-08
R4_METRS_ONLY,30.72112998861759,MetRS_AMP_MettRNAfMetCAU,-2.3190618491144964e-10,-2.294755772757461e-10
R4_METRS_ONLY,30.72112998861759,MetRS_Met_ATP,1.0005065614751911e-08,1.0644862750647782e-08
R4_METRS_ONLY,33.3129478793467,MetRS_AMP_MettRNAfMetCAU,-2.0036285982214357e-10,-1.9827754029875816e-10
R4_METRS_ONLY,33.3129478793467,MetRS_Met_ATP,8.646960151267695e-09,9.200323044588665e-09
R4_METRS_ONLY,36.12342699709431,MetRS_AMP_MettRNAfMetCAU,-1.7710041946845782e-10,-1.7526980145243888e-10
R4_METRS_ONLY,36.12342699709431,MetRS_Met_ATP,7.645399411975416e-09,8.135032858832981e-09
R4_METRS_ONLY,39.17101490809261,MetRS_AMP_MettRNAfMetCAU,-1.601855834984506e-10,-1.585388968543991e-10
R4_METRS_ONLY,39.17101490809261,MetRS_Met_ATP,6.916861044754634e-09,7.360120899414399e-09
R4_METRS_ONLY,42.47571552536894,MetRS_AMP_MettRNAfMetCAU,-1.47364530739494e-10,-1.458549608666054e-10
R4_METRS_ONLY,42.47571552536894,MetRS_Met_ATP,6.364172598855369e-09,6.772209410217144e-09
R4_METRS_ONLY,46.05922041145104,MetRS_AMP_MettRNAfMetCAU,-1.3656321170484674e-10,-1.3516661002548526e-10
R4_METRS_ONLY,46.05922041145104,MetRS_Met_ATP,5.898057729822499e-09,6.276332712853875e-09
R4_METRS_ONLY,49.9450511585514,MetRS_AMP_MettRNAfMetCAU,-1.2628340449037138e-10,-1.2499248515981228e-10
R4_METRS_ONLY,49.9450511585514,MetRS_Met_ATP,5.4541399592241205e-09,5.804020822262553e-09
R4_METRS_ONLY,54.15871378079476,MetRS_AMP_MettRNAfMetCAU,-1.1575756556272542e-10,-1.1457411062236234e-10
R4_METRS_ONLY,54.15871378079476,MetRS_Met_ATP,4.9995363992413194e-09,5.320307703086896e-09
R4_METRS_ONLY,58.72786613189477,MetRS_AMP_MettRNAfMetCAU,-1.0484670533726283e-10,-1.0377462191252896e-10
R4_METRS_ONLY,58.72786613189477,MetRS_Met_ATP,4.528398530180382e-09,4.818983569237873e-09
R4_METRS_ONLY,63.68249944718586,MetRS_AMP_MettRNAfMetCAU,-9.378570788493067e-11,-9.28267462482321e-11
R4_METRS_ONLY,63.68249944718586,MetRS_Met_ATP,4.0509197261808655e-09,4.310899865615833e-09
R4_METRS_ONLY,69.0551352016233,MetRS_AMP_MettRNAfMetCAU,-8.29243419934737e-11,-8.20766493861959e-11
R4_METRS_ONLY,69.0551352016233,MetRS_Met_ATP,3.582190230208559e-09,3.8121140967554896e-09
R4_METRS_ONLY,74.88103857590015,MetRS_AMP_MettRNAfMetCAU,-7.256391498521886e-11,-7.182244745867567e-11
R4_METRS_ONLY,74.88103857590015,MetRS_Met_ATP,3.135185068048156e-09,3.3364320212910963e-09
R4_METRS_ONLY,81.19844993184009,MetRS_AMP_MettRNAfMetCAU,-6.290282010122417e-11,-6.22604108639035e-11
R4_METRS_ONLY,81.19844993184009,MetRS_Met_ATP,2.718437663667104e-09,2.8929337360607194e-09
R4_METRS_ONLY,88.04883581643465,MetRS_AMP_MettRNAfMetCAU,-5.404724927763412e-11,-5.349559862269463e-11
R4_METRS_ONLY,88.04883581643465,MetRS_Met_ATP,2.336509862758268e-09,2.4864742706859397e-09
R4_METRS_ONLY,95.47716114208066,MetRS_AMP_MettRNAfMetCAU,-4.603996295685244e-11,-4.5570319801609546e-11
R4_METRS_ONLY,95.47716114208066,MetRS_Met_ATP,1.99123253584628e-09,2.1190033024989404e-09
R4_METRS_ONLY,103.53218432956616,MetRS_AMP_MettRNAfMetCAU,-3.8883750844432006e-11,-3.848733931940408e-11
R4_METRS_ONLY,103.53218432956616,MetRS_Met_ATP,1.682715356594519e-09,1.790639366549993e-09
R4_METRS_ONLY,112.26677735108136,MetRS_AMP_MettRNAfMetCAU,-3.2556060090993967e-11,-3.2224347310363654e-11
R4_METRS_ONLY,112.26677735108136,MetRS_Met_ATP,1.409976141267602e-09,1.500339503358858e-09
R4_METRS_ONLY,121.7382727739662,MetRS_AMP_MettRNAfMetCAU,-2.701776135478342e-11,-2.6742628421315693e-11
R4_METRS_ONLY,121.7382727739662,MetRS_Met_ATP,1.1713185944176724e-09,1.246300672849178e-09
R4_METRS_ONLY,132.00884008314168,MetRS_AMP_MettRNAfMetCAU,-2.2218764048198143e-11,-2.199261856477094e-11
R4_METRS_ONLY,132.00884008314168,MetRS_Met_ATP,9.64573943396281e-10,1.0262172440337176e-09
R4_METRS_ONLY,143.14589375234786,MetRS_AMP_MettRNAfMetCAU,-1.8101934753707182e-11,-1.7917780205070797e-11
R4_METRS_ONLY,143.14589375234786,MetRS_Met_ATP,7.872702307773483e-10,8.374606747250537e-10
R4_METRS_ONLY,155.2225357427048,MetRS_AMP_MettRNAfMetCAU,-1.4605992429898406e-11,-1.4457469253734015e-11
R4_METRS_ONLY,155.2225357427048,MetRS_Met_ATP,6.367572002443853e-10,6.772125379814488e-10
R4_METRS_ONLY,168.31803533309548,MetRS_AMP_MettRNAfMetCAU,-1.166777845554198e-11,-1.15491816345543e-11
R4_METRS_ONLY,168.31803533309548,MetRS_Met_ATP,5.103041632922162e-10,5.425688044801926e-10
R4_METRS_ONLY,182.51834943190423,MetRS_AMP_MettRNAfMetCAU,-9.22409573886568e-12,-9.13037112330957e-12
R4_METRS_ONLY,182.51834943190423,MetRS_Met_ATP,4.0517980897519785e-10,4.3062423748737786e-10
R4_METRS_ONLY,197.91668678535572,MetRS_AMP_MettRNAfMetCAU,-7.213231063612959e-12,-7.139961337635126e-12
R4_METRS_ONLY,197.91668678535572,MetRS_Met_ATP,3.1871772181082253e-10,3.385426076567045e-10
R4_METRS_ONLY,214.6141197858406,MetRS_AMP_MettRNAfMetCAU,-5.576241527107859e-12,-5.5196128386052286e-12
R4_METRS_ONLY,214.6141197858406,MetRS_Met_ATP,2.4837195852518007e-10,2.6361549778908165e-10
R4_METRS_ONLY,232.72024789604072,MetRS_AMP_MettRNAfMetCAU,-4.257993468516461e-12,-4.214758505177986e-12
R4_METRS_ONLY,232.72024789604072,MetRS_Met_ATP,1.9176207475234128e-10,2.0331033070729104e-10
R4_METRS_ONLY,252.3539170434766,MetRS_AMP_MettRNAfMetCAU,-3.2079748327356098e-12,-3.1754029627333284e-12
R4_METRS_ONLY,252.3539170434766,MetRS_Met_ATP,1.4670788282128422e-10,1.5530740104975972e-10
R4_METRS_ONLY,273.6439997074672,MetRS_AMP_MettRNAfMetCAU,-2.3808419877586096e-12,-2.356665245016388e-12
R4_METRS_ONLY,273.6439997074672,MetRS_Met_ATP,1.1125307424440788e-10,1.1752495740286832e-10
R4_METRS_ONLY,296.73024081888667,MetRS_AMP_MettRNAfMetCAU,-1.7366919636055673e-12,-1.719050052462039e-12
R4_METRS_ONLY,296.73024081888667,MetRS_Met_ATP,8.367687304774302e-11,8.813167079111248e-11
R4_METRS_ONLY,321.76417502507354,MetRS_AMP_MettRNAfMetCAU,-1.2410649722464117e-12,-1.2284493181287353e-12
R4_METRS_ONLY,321.76417502507354,MetRS_Met_ATP,6.249381036532026e-11,6.554658035573139e-11
R4_METRS_ONLY,348.9101213406774,MetRS_AMP_MettRNAfMetCAU,-8.64698538500261e-13,-8.55897613683435e-13
R4_METRS_ONLY,348.9101213406774,MetRS_Met_ATP,4.6443154010089576e-11,4.842762723875075e-11
R4_METRS_ONLY,378.3462617131925,MetRS_AMP_MettRNAfMetCAU,-5.830857401661786e-13,-5.771383588446884e-13
R4_METRS_ONLY,378.3462617131925,MetRS_Met_ATP,3.4469592653275927e-11,3.5651442473533235e-11
R4_METRS_ONLY,410.26581058271904,MetRS_AMP_MettRNAfMetCAU,-3.7591884036099763e-13,-3.7207049822750097e-13
R4_METRS_ONLY,410.26581058271904,MetRS_Met_ATP,2.569933426222609e-11,2.6287617029538847e-11
R4_METRS_ONLY,444.87828311275854,MetRS_AMP_MettRNAfMetCAU,-2.2649456027606763e-13,-2.241593678744277e-13
R4_METRS_ONLY,444.87828311275854,MetRS_Met_ATP,1.9414169273937465e-11,1.9571348968528805e-11
R4_METRS_ONLY,482.41087041653736,MetRS_AMP_MettRNAfMetCAU,-1.211525048035525e-13,-1.1988333260005036e-13
R4_METRS_ONLY,482.41087041653736,MetRS_Met_ATP,1.5027487934582414e-11,1.4877764854537663e-11
R4_METRS_ONLY,523.1099308056258,MetRS_AMP_MettRNAfMetCAU,-4.8796237402560106e-14,-4.8259924440258906e-14
R4_METRS_ONLY,523.1099308056258,MetRS_Met_ATP,1.2063425779140768e-11,1.1699940432621797e-11
R4_METRS_ONLY,567.2426068491977,MetRS_AMP_MettRNAfMetCAU,-5.126243396783027e-16,-4.64703578199092e-16
R4_METRS_ONLY,567.2426068491977,MetRS_Met_ATP,1.0140459977790728e-11,9.631207435902614e-12
R4_METRS_ONLY,615.0985788580505,MetRS_AMP_MettRNAfMetCAU,3.0738832432122144e-14,3.0471384975530776e-14
R4_METRS_ONLY,615.0985788580505,MetRS_Met_ATP,8.958130895062033e-12,8.351093958336039e-12
R4_METRS_ONLY,666.9919663030115,MetRS_AMP_MettRNAfMetCAU,5.0381861056963534e-14,4.991584722040092e-14
R4_METRS_ONLY,666.9919663030115,MetRS_Met_ATP,8.285628910406628e-12,7.613525409355774e-12
R4_METRS_ONLY,723.2633896483534,MetRS_AMP_MettRNAfMetCAU,6.245642498732377e-14,6.186825225057026e-14
R4_METRS_ONLY,723.2633896483534,MetRS_Met_ATP,7.952101217095775e-12,7.235951403592543e-12
R4_METRS_ONLY,784.2822061337682,MetRS_AMP_MettRNAfMetCAU,6.985337906251309e-14,6.91910762882954e-14
R4_METRS_ONLY,784.2822061337682,MetRS_Met_ATP,7.836199137495337e-12,7.088636248384391e-12
R4_METRS_ONLY,850.4489341802686,MetRS_AMP_MettRNAfMetCAU,7.454979304911308e-14,7.384054955726414e-14
R4_METRS_ONLY,850.4489341802686,MetRS_Met_ATP,7.856081236934376e-12,7.083971368947046e-12
R4_METRS_ONLY,922.1978823334322,MetRS_AMP_MettRNAfMetCAU,7.783047532063927e-14,7.708872373199587e-14
R4_METRS_ONLY,922.1978823334322,MetRS_Met_ATP,7.959893269689211e-12,7.166229956916195e-12
R4_METRS_ONLY,1000.0,MetRS_AMP_MettRNAfMetCAU,8.049088044708885e-14,7.972317228073969e-14
R4_METRS_ONLY,1000.0,MetRS_Met_ATP,8.117139772834125e-12,7.30239703902298e-12
