reaction_id,ownership,subsystem_files,multi_subsystem_label,aa_species_touched,reactants,products
re0000000006,aminoacylation_shared_label,Aminoacylation_B_fMetCAU|Elongation_Ca1_fMetCAU,true,tRNAfMetCAU,tRNAfMetCAU:1,tRNAfMetCAU_degraded:1
re0000000031,aminoacylation_shared_label,Aminoacylation_B_GlyGCC|Elongation_A_Gly|Elongation_Ca2_pept0002|Elongation_Ca2_pept0003,true,GlytRNAGlyGCC,GlytRNAGlyGCC:1,GlytRNAGlyGCC_degraded:1
re0000000070,aminoacylation_shared_label,Aminoacylation_B_GlyGCC|Elongation_Ca1_GlyGCC|Termination_A_RF1|Termination_A_RF2|Termination_B_RF1|Termination_B_RF2|Termination_C,true,tRNAGlyGCC,tRNAGlyGCC:1,tRNAGlyGCC_degraded:1
re0000000258,aminoacylation_shared_label,Aminoacylation_B_fMetCAU|Elongation_A_Met,true,MettRNAfMetCAU,MettRNAfMetCAU:1,MettRNAfMetCAU_degraded:1
re0000000001,external_touches_aa,Elongation_Ca1_fMetCAU,false,tRNAfMetCAU,elRS70SAGGU0002_fMettRNAfMetCAU:1,elRS70SAGGU0002_fMet:1|tRNAfMetCAU:1
re0000000002,external_touches_aa,Elongation_Ca1_fMetCAU,false,tRNAfMetCAU,elRS70SAGGU0002_fMet:1|tRNAfMetCAU:1,elRS70SAGGU0002_fMettRNAfMetCAU:1
re0000000026,external_touches_aa,Elongation_Ca2_pept0002,false,GlytRNAGlyGCC,elRS70SAGGU0002_fMet_EFTu_GDP_GlytRNAGlyGCC:1,elRS70SAGGU0002_fMet_EFTu_GDP:1|GlytRNAGlyGCC:1
re0000000027,external_touches_aa,Elongation_Ca2_pept0002,false,GlytRNAGlyGCC,elRS70SAGGU0002_fMet_GlytRNAGlyGCC:1,elRS70SAGGU0002_fMet:1|GlytRNAGlyGCC:1
re0000000033,external_touches_aa,Elongation_Ca2_pept0002,false,GlytRNAGlyGCC,elRS70SAGGU0002_fMet_EFTu_GTP_GlytRNAGlyGCC:1,RS50S_degraded:1|mRNA:1|RS30S:1|fMet:1|GlytRNAGlyGCC:1|EFTu:1|GTP:1
re0000000034,external_touches_aa,Elongation_Ca2_pept0002,false,GlytRNAGlyGCC,elRS70SAGGU0002_fMet_EFTu_GTP_GlytRNAGlyGCC:1,RS30S_degraded:1|RS50S:1|mRNA:1|fMet:1|GlytRNAGlyGCC:1|EFTu:1|GTP:1
re0000000035,external_touches_aa,Elongation_Ca2_pept0002,false,GlytRNAGlyGCC,elRS70SAGGU0002_fMet_EFTu_GTP_GlytRNAGlyGCC:1,EFTu_degraded:1|fMet:1|GlytRNAGlyGCC:1|mRNA:1|RS30S:1|RS50S:1|GTP:1
re0000000036,external_touches_aa,Elongation_Ca2_pept0002,false,GlytRNAGlyGCC,elRS70SAGGU0002_fMet_EFTu_GDP_PO4_GlytRNAGlyGCC:1,RS50S_degraded:1|mRNA:1|RS30S:1|fMet:1|GlytRNAGlyGCC:1|EFTu:1|GDP:1|PO4:1
re0000000037,external_touches_aa,Elongation_Ca2_pept0002,false,GlytRNAGlyGCC,elRS70SAGGU0002_fMet_EFTu_GDP_PO4_GlytRNAGlyGCC:1,RS30S_degraded:1|RS50S:1|mRNA:1|fMet:1|GlytRNAGlyGCC:1|EFTu:1|GDP:1|PO4:1
re0000000038,external_touches_aa,Elongation_Ca2_pept0002,false,GlytRNAGlyGCC,elRS70SAGGU0002_fMet_EFTu_GDP_PO4_GlytRNAGlyGCC:1,EFTu_degraded:1|fMet:1|GlytRNAGlyGCC:1|mRNA:1|RS30S:1|RS50S:1|GDP:1|PO4:1
re0000000039,external_touches_aa,Elongation_Ca2_pept0002,false,GlytRNAGlyGCC,elRS70SAGGU0002_fMet_EFTu_GDP_GlytRNAGlyGCC:1,RS50S_degraded:1|mRNA:1|RS30S:1|fMet:1|GlytRNAGlyGCC:1|EFTu:1|GDP:1
re0000000040,external_touches_aa,Elongation_Ca2_pept0002,false,GlytRNAGlyGCC,elRS70SAGGU0002_fMet_EFTu_GDP_GlytRNAGlyGCC:1,RS30S_degraded:1|RS50S:1|mRNA:1|fMet:1|GlytRNAGlyGCC:1|EFTu:1|GDP:1
re0000000041,external_touches_aa,Elongation_Ca2_pept0002,false,GlytRNAGlyGCC,elRS70SAGGU0002_fMet_EFTu_GDP_GlytRNAGlyGCC:1,EFTu_degraded:1|fMet:1|GlytRNAGlyGCC:1|mRNA:1|RS30S:1|RS50S:1|GDP:1
re0000000045,external_touches_aa,Elongation_Ca2_pept0002,false,GlytRNAGlyGCC,elRS70SAGGU0002_fMet_GlytRNAGlyGCC:1,RS50S_degraded:1|mRNA:1|RS30S:1|fMet:1|GlytRNAGlyGCC:1
re0000000046,external_touches_aa,Elongation_Ca2_pept0002,false,GlytRNAGlyGCC,elRS70SAGGU0002_fMet_GlytRNAGlyGCC:1,RS30S_degraded:1|RS50S:1|mRNA:1|fMet:1|GlytRNAGlyGCC:1
re0000000063,external_touches_aa,Elongation_Ca2_pept0002,false,GlytRNAGlyGCC,elRS70SAGGU0002_fMet_EFTu_GDP:1|GlytRNAGlyGCC:1,elRS70SAGGU0002_fMet_EFTu_GDP_GlytRNAGlyGCC:1
re0000000064,external_touches_aa,Elongation_Ca2_pept0002,false,GlytRNAGlyGCC,elRS70SAGGU0002_fMet:1|GlytRNAGlyGCC:1,elRS70SAGGU0002_fMet_GlytRNAGlyGCC:1
re0000000068,external_touches_aa,Elongation_Ca1_GlyGCC,false,tRNAGlyGCC,elRS70SAGGU0003_Pept0002tRNAGlyGCC:1,elRS70SAGGU0003_Pept0002:1|tRNAGlyGCC:1
re0000000069,external_touches_aa,Elongation_Ca1_GlyGCC,false,tRNAGlyGCC,elRS70SAGGU0003_Pept0002:1|tRNAGlyGCC:1,elRS70SAGGU0003_Pept0002tRNAGlyGCC:1
re0000000087,external_touches_aa,Elongation_Ca2_pept0003,false,GlytRNAGlyGCC,elRS70SAGGU0003_Pept0002_EFTu_GDP_GlytRNAGlyGCC:1,elRS70SAGGU0003_Pept0002_EFTu_GDP:1|GlytRNAGlyGCC:1
re0000000088,external_touches_aa,Elongation_Ca2_pept0003,false,GlytRNAGlyGCC,elRS70SAGGU0003_Pept0002_GlytRNAGlyGCC:1,elRS70SAGGU0003_Pept0002:1|GlytRNAGlyGCC:1
re0000000091,external_touches_aa,Elongation_Ca2_pept0003,false,GlytRNAGlyGCC,elRS70SAGGU0003_Pept0002_EFTu_GTP_GlytRNAGlyGCC:1,RS50S_degraded:1|mRNA:1|RS30S:1|Pept0002:1|GlytRNAGlyGCC:1|EFTu:1|GTP:1
re0000000092,external_touches_aa,Elongation_Ca2_pept0003,false,GlytRNAGlyGCC,elRS70SAGGU0003_Pept0002_EFTu_GTP_GlytRNAGlyGCC:1,RS30S_degraded:1|RS50S:1|mRNA:1|Pept0002:1|GlytRNAGlyGCC:1|EFTu:1|GTP:1
re0000000093,external_touches_aa,Elongation_Ca2_pept0003,false,GlytRNAGlyGCC,elRS70SAGGU0003_Pept0002_EFTu_GTP_GlytRNAGlyGCC:1,EFTu_degraded:1|Pept0002:1|GlytRNAGlyGCC:1|mRNA:1|RS30S:1|RS50S:1|GTP:1
re0000000094,external_touches_aa,Elongation_Ca2_pept0003,false,GlytRNAGlyGCC,elRS70SAGGU0003_Pept0002_EFTu_GDP_PO4_GlytRNAGlyGCC:1,RS50S_degraded:1|mRNA:1|RS30S:1|Pept0002:1|GlytRNAGlyGCC:1|EFTu:1|GDP:1|PO4:1
re0000000095,external_touches_aa,Elongation_Ca2_pept0003,false,GlytRNAGlyGCC,elRS70SAGGU0003_Pept0002_EFTu_GDP_PO4_GlytRNAGlyGCC:1,RS30S_degraded:1|RS50S:1|mRNA:1|Pept0002:1|GlytRNAGlyGCC:1|EFTu:1|GDP:1|PO4:1
re0000000096,external_touches_aa,Elongation_Ca2_pept0003,false,GlytRNAGlyGCC,elRS70SAGGU0003_Pept0002_EFTu_GDP_PO4_GlytRNAGlyGCC:1,EFTu_degraded:1|Pept0002:1|GlytRNAGlyGCC:1|mRNA:1|RS30S:1|RS50S:1|GDP:1|PO4:1
re0000000097,external_touches_aa,Elongation_Ca2_pept0003,false,GlytRNAGlyGCC,elRS70SAGGU0003_Pept0002_EFTu_GDP_GlytRNAGlyGCC:1,RS50S_degraded:1|mRNA:1|RS30S:1|Pept0002:1|GlytRNAGlyGCC:1|EFTu:1|GDP:1
re0000000098,external_touches_aa,Elongation_Ca2_pept0003,false,GlytRNAGlyGCC,elRS70SAGGU0003_Pept0002_EFTu_GDP_GlytRNAGlyGCC:1,RS30S_degraded:1|RS50S:1|mRNA:1|Pept0002:1|GlytRNAGlyGCC:1|EFTu:1|GDP:1
re0000000099,external_touches_aa,Elongation_Ca2_pept0003,false,GlytRNAGlyGCC,elRS70SAGGU0003_Pept0002_EFTu_GDP_GlytRNAGlyGCC:1,EFTu_degraded:1|Pept0002:1|GlytRNAGlyGCC:1|mRNA:1|RS30S:1|RS50S:1|GDP:1
re0000000103,external_touches_aa,Elongation_Ca2_pept0003,false,GlytRNAGlyGCC,elRS70SAGGU0003_Pept0002_GlytRNAGlyGCC:1,RS50S_degraded:1|mRNA:1|RS30S:1|Pept0002:1|GlytRNAGlyGCC:1
re0000000104,external_touches_aa,Elongation_Ca2_pept0003,false,GlytRNAGlyGCC,elRS70SAGGU0003_Pept0002_GlytRNAGlyGCC:1,RS30S_degraded:1|RS50S:1|mRNA:1|Pept0002:1|GlytRNAGlyGCC:1
re0000000121,external_touches_aa,Elongation_Ca2_pept0003,false,GlytRNAGlyGCC,elRS70SAGGU0003_Pept0002_EFTu_GDP:1|GlytRNAGlyGCC:1,elRS70SAGGU0003_Pept0002_EFTu_GDP_GlytRNAGlyGCC:1
re0000000122,external_touches_aa,Elongation_Ca2_pept0003,false,GlytRNAGlyGCC,elRS70SAGGU0003_Pept0002:1|GlytRNAGlyGCC:1,elRS70SAGGU0003_Pept0002_GlytRNAGlyGCC:1
re0000000275,external_touches_aa,Elongation_A_Gly,false,GlytRNAGlyGCC,EFTu_GTP:1|GlytRNAGlyGCC:1,EFTu_GTP_GlytRNAGlyGCC:1
re0000000276,external_touches_aa,Elongation_A_Gly,false,GlytRNAGlyGCC,EFTu_GTP_GlytRNAGlyGCC:1,EFTu_GTP:1|GlytRNAGlyGCC:1
re0000000286,external_touches_aa,Elongation_A_Gly,false,GlytRNAGlyGCC,EFTu_GTP_GlytRNAGlyGCC:1,EFTu_degraded:1|GlytRNAGlyGCC:1|GTP:1
re0000000288,external_touches_aa,Elongation_A_Met,false,MettRNAfMetCAU,EFTu_GTP:1|MettRNAfMetCAU:1,EFTu_GTP_MettRNAfMetCAU:1
re0000000289,external_touches_aa,Elongation_A_Met,false,MettRNAfMetCAU,EFTu_GTP_MettRNAfMetCAU:1,EFTu_GTP:1|MettRNAfMetCAU:1
re0000000290,external_touches_aa,Elongation_A_Met,false,MettRNAfMetCAU,EFTu_GTP_MettRNAfMetCAU:1,EFTu_degraded:1|MettRNAfMetCAU:1|GTP:1
re0000000340,external_touches_aa,EnergyRegeneration_A,false,ATP,CK_Cr_ATP:1,CK_Cr:1|ATP:1
re0000000341,external_touches_aa,EnergyRegeneration_A,false,ATP,CK_Cr:1|ATP:1,CK_Cr_ATP:1
re0000000344,external_touches_aa,EnergyRegeneration_A,false,ATP,CK_ATP:1,CK:1|ATP:1
re0000000345,external_touches_aa,EnergyRegeneration_A,false,ATP,CK:1|ATP:1,CK_ATP:1
re0000000351,external_touches_aa,EnergyRegeneration_A,false,ATP,CK_Cr_ATP:1,CK_degraded:1|ATP:1|Cr:1
re0000000352,external_touches_aa,EnergyRegeneration_A,false,ATP,CK_ATP:1,CK_degraded:1|ATP:1
re0000000355,external_touches_aa,EnergyRegeneration_B,false,ATP,NDK:1|ATP:1,NDK_ATP:1
re0000000356,external_touches_aa,EnergyRegeneration_B,false,ATP,NDK_ATP:1,NDK:1|ATP:1
re0000000359,external_touches_aa,EnergyRegeneration_B,false,ATP,NDK_GDP:1|ATP:1,NDK_GDP_ATP:1
re0000000360,external_touches_aa,EnergyRegeneration_B,false,ATP,NDK_GDP_ATP:1,NDK_GDP:1|ATP:1
re0000000370,external_touches_aa,EnergyRegeneration_B,false,ATP,NDK_ATP:1,NDK_degraded:1|ATP:1
re0000000371,external_touches_aa,EnergyRegeneration_B,false,ATP,NDK_GDP_ATP:1,NDK_degraded:1|ATP:1|GDP:1
re0000000380,external_touches_aa,EnergyRegeneration_C,false,ATP,MK:1|ATP:1,MK_ATP:1
re0000000381,external_touches_aa,EnergyRegeneration_C,false,ATP,MK_ATP:1,ATP:1|MK:1
re0000000382,external_touches_aa,EnergyRegeneration_C,false,AMP,MK:1|AMP:1,MK_AMP:1
re0000000383,external_touches_aa,EnergyRegeneration_C,false,AMP,MK_AMP:1,MK:1|AMP:1
re0000000384,external_touches_aa,EnergyRegeneration_C,false,ATP,MK_AMP:1|ATP:1,MK_ATP_AMP:1
re0000000385,external_touches_aa,EnergyRegeneration_C,false,ATP,MK_ATP_AMP:1,ATP:1|MK_AMP:1
re0000000386,external_touches_aa,EnergyRegeneration_C,false,AMP,MK_ATP:1|AMP:1,MK_ATP_AMP:1
re0000000387,external_touches_aa,EnergyRegeneration_C,false,AMP,MK_ATP_AMP:1,MK_ATP:1|AMP:1
re0000000398,external_touches_aa,EnergyRegeneration_C,false,AMP,MK_AMP:1,MK_degraded:1|AMP:1
re0000000399,external_touches_aa,EnergyRegeneration_C,false,ATP,MK_ATP:1,MK_degraded:1|ATP:1
re0000000400,external_touches_aa,EnergyRegeneration_C,false,ATP,MK_ATP_AMP:1,MK_degraded:1|ATP:1
re0000000405,external_touches_aa,EnergyRegeneration_D,false,PPi,PPiase:1|PPi:1,PPiase_PPi:1
re0000000406,external_touches_aa,EnergyRegeneration_D,false,PPi,PPiase_PPi:1,PPiase:1|PPi:1
re0000000413,external_touches_aa,EnergyRegeneration_D,false,PPi,PPiase_PPi:1,PPiase_degraded:1|PPi:1
re0000000417,external_touches_aa,FMet_tRNASynthesis,false,tRNAfMetCAU,fMettRNAfMetCAU:1,tRNAfMetCAU:1|fMet:1
re0000000420,external_touches_aa,FMet_tRNASynthesis,false,MettRNAfMetCAU,MTF:1|MettRNAfMetCAU:1,MTF_MettRNAfMetCAU:1
re0000000421,external_touches_aa,FMet_tRNASynthesis,false,MettRNAfMetCAU,MTF_MettRNAfMetCAU:1,MTF:1|MettRNAfMetCAU:1
re0000000422,external_touches_aa,FMet_tRNASynthesis,false,MettRNAfMetCAU,MTF_FD:1|MettRNAfMetCAU:1,MTF_FD_MettRNAfMetCAU:1
re0000000423,external_touches_aa,FMet_tRNASynthesis,false,MettRNAfMetCAU,MTF_FD_MettRNAfMetCAU:1,MettRNAfMetCAU:1|MTF_FD:1
re0000000437,external_touches_aa,FMet_tRNASynthesis,false,MettRNAfMetCAU,MTF_MettRNAfMetCAU:1,MTF_degraded:1|MettRNAfMetCAU:1
re0000000438,external_touches_aa,FMet_tRNASynthesis,false,MettRNAfMetCAU,MTF_FD_MettRNAfMetCAU:1,MTF_degraded:1|FD:1|MettRNAfMetCAU:1
re0000000443,external_touches_aa,FMet_tRNASynthesis,false,tRNAfMetCAU,tRNAfMetCAU:1|fMet:1,fMettRNAfMetCAU:1
re0000000784,external_touches_aa,SmallMolecules,false,ATP,ATP:1,ADP:1|PO4:1
re0000000785,external_touches_aa,SmallMolecules,false,AMP,ADP:1,AMP:1|PO4:1
re0000000786,external_touches_aa,SmallMolecules,false,AMP|ATP|PPi,ATP:1,AMP:1|PPi:1
re0000000789,external_touches_aa,SmallMolecules,false,PPi,GTP:1,GMP:1|PPi:1
re0000000790,external_touches_aa,SmallMolecules,false,ATP,PO4:1|ADP:1,ATP:1
re0000000791,external_touches_aa,SmallMolecules,false,AMP,AMP:1|PO4:1,ADP:1
re0000000792,external_touches_aa,SmallMolecules,false,AMP|ATP|PPi,AMP:1|PPi:1,ATP:1
re0000000795,external_touches_aa,SmallMolecules,false,PPi,GMP:1|PPi:1,GTP:1
re0000000805,external_touches_aa,Termination_A_RF1,false,tRNAGlyGCC,termRS70SUAA0004_tRNAGlyGCC_RF1:1,RS30S_degraded:1|mRNA:1|tRNAGlyGCC:1|RS50S:1|RF1:1
re0000000806,external_touches_aa,Termination_A_RF1,false,tRNAGlyGCC,termRS70SUAA0004_tRNAGlyGCC_RF1:1,RS50S_degraded:1|mRNA:1|tRNAGlyGCC:1|RS30S:1|RF1:1
re0000000807,external_touches_aa,Termination_A_RF1,false,tRNAGlyGCC,termRS70SUAA0004_tRNAGlyGCC_RF1:1,RF1_degraded:1|RS50S:1|RS30S:1|mRNA:1|tRNAGlyGCC:1
re0000000808,external_touches_aa,Termination_A_RF1|Termination_A_RF2,true,tRNAGlyGCC,termRS70SUAA0004_tRNAGlyGCC:1,RS30S_degraded:1|mRNA:1|tRNAGlyGCC:1|RS50S:1
re0000000809,external_touches_aa,Termination_A_RF1|Termination_A_RF2,true,tRNAGlyGCC,termRS70SUAA0004_tRNAGlyGCC:1,RS50S_degraded:1|mRNA:1|tRNAGlyGCC:1|RS30S:1
re0000000820,external_touches_aa,Termination_A_RF2,false,tRNAGlyGCC,termRS70SUAA0004_tRNAGlyGCC_RF2:1,RS30S_degraded:1|mRNA:1|tRNAGlyGCC:1|RS50S:1|RF2:1
re0000000821,external_touches_aa,Termination_A_RF2,false,tRNAGlyGCC,termRS70SUAA0004_tRNAGlyGCC_RF2:1,RS50S_degraded:1|mRNA:1|tRNAGlyGCC:1|RS30S:1|RF2:1
re0000000822,external_touches_aa,Termination_A_RF2,false,tRNAGlyGCC,termRS70SUAA0004_tRNAGlyGCC_RF2:1,RF2_degraded:1|RS50S:1|RS30S:1|mRNA:1|tRNAGlyGCC:1
re0000000835,external_touches_aa,Termination_B_RF1,false,tRNAGlyGCC,termRS70SUAA0004_tRNAGlyGCC_RF1_RF3_GTP:1,RS30S_degraded:1|mRNA:1|RF1:1|tRNAGlyGCC:1|RS50S:1|RF3:1|GTP:1
re0000000836,external_touches_aa,Termination_B_RF1,false,tRNAGlyGCC,termRS70SUAA0004_tRNAGlyGCC_RF1_RF3_GTP:1,RS50S_degraded:1|mRNA:1|RF1:1|tRNAGlyGCC:1|RS30S:1|RF3:1|GTP:1
re0000000837,external_touches_aa,Termination_B_RF1,false,tRNAGlyGCC,termRS70SUAA0004_tRNAGlyGCC_RF1_RF3_GTP:1,RF1_degraded:1|RS50S:1|RS30S:1|tRNAGlyGCC:1|mRNA:1|GTP:1|RF3:1
re0000000850,external_touches_aa,Termination_B_RF1,false,tRNAGlyGCC,termRS70SUAA0004_tRNAGlyGCC_RF1_RF3_GTP:1,RF3_degraded:1|mRNA:1|tRNAGlyGCC:1|RF1:1|RS30S:1|RS50S:1|GTP:1
re0000000851,external_touches_aa,Termination_B_RF1,false,tRNAGlyGCC,termRS70SUAA0004_tRNAGlyGCC_RF1_RF3_GDP:1,RS30S_degraded:1|mRNA:1|RF1:1|tRNAGlyGCC:1|RS50S:1|RF3:1|GDP:1
re0000000852,external_touches_aa,Termination_B_RF1,false,tRNAGlyGCC,termRS70SUAA0004_tRNAGlyGCC_RF1_RF3_GDP:1,RS50S_degraded:1|mRNA:1|RF1:1|tRNAGlyGCC:1|RS30S:1|RF3:1|GDP:1
re0000000853,external_touches_aa,Termination_B_RF1,false,tRNAGlyGCC,termRS70SUAA0004_tRNAGlyGCC_RF1_RF3_GDP:1,RF1_degraded:1|RS50S:1|RS30S:1|tRNAGlyGCC:1|mRNA:1|GDP:1|RF3:1
re0000000854,external_touches_aa,Termination_B_RF1,false,tRNAGlyGCC,termRS70SUAA0004_tRNAGlyGCC_RF1_RF3_GDP:1,RF3_degraded:1|mRNA:1|tRNAGlyGCC:1|RF1:1|RS30S:1|RS50S:1|GDP:1
re0000000855,external_touches_aa,Termination_B_RF1,false,tRNAGlyGCC,termRS70SUAA0004_tRNAGlyGCC_RF1_RF3:1,RS30S_degraded:1|mRNA:1|RF1:1|tRNAGlyGCC:1|RS50S:1|RF3:1
re0000000856,external_touches_aa,Termination_B_RF1,false,tRNAGlyGCC,termRS70SUAA0004_tRNAGlyGCC_RF1_RF3:1,RS50S_degraded:1|mRNA:1|RF1:1|tRNAGlyGCC:1|RS30S:1|RF3:1
re0000000857,external_touches_aa,Termination_B_RF1,false,tRNAGlyGCC,termRS70SUAA0004_tRNAGlyGCC_RF1_RF3:1,RF1_degraded:1|RS50S:1|RS30S:1|tRNAGlyGCC:1|mRNA:1|RF3:1
re0000000858,external_touches_aa,Termination_B_RF1,false,tRNAGlyGCC,termRS70SUAA0004_tRNAGlyGCC_RF1_RF3:1,RF3_degraded:1|mRNA:1|tRNAGlyGCC:1|RF1:1|RS30S:1|RS50S:1
re0000000859,external_touches_aa,Termination_B_RF1|Termination_B_RF2,true,tRNAGlyGCC,termRS70SUAA0004_tRNAGlyGCC_RF3_GTP:1,RS30S_degraded:1|mRNA:1|tRNAGlyGCC:1|RS50S:1|RF3:1|GTP:1
re0000000860,external_touches_aa,Termination_B_RF1|Termination_B_RF2,true,tRNAGlyGCC,termRS70SUAA0004_tRNAGlyGCC_RF3_GTP:1,RS50S_degraded:1|mRNA:1|tRNAGlyGCC:1|RS30S:1|RF3:1|GTP:1
re0000000861,external_touches_aa,Termination_B_RF1|Termination_B_RF2,true,tRNAGlyGCC,termRS70SUAA0004_tRNAGlyGCC_RF3_GTP:1,RF3_degraded:1|RS50S:1|RS30S:1|tRNAGlyGCC:1|mRNA:1|GTP:1
re0000000862,external_touches_aa,Termination_B_RF1|Termination_B_RF2,true,tRNAGlyGCC,termRS70SUAA0004_tRNAGlyGCC_RF3_GDP_PO4:1,RS30S_degraded:1|mRNA:1|tRNAGlyGCC:1|RS50S:1|RF3:1|GDP:1|PO4:1
re0000000863,external_touches_aa,Termination_B_RF1|Termination_B_RF2,true,tRNAGlyGCC,termRS70SUAA0004_tRNAGlyGCC_RF3_GDP_PO4:1,RS50S_degraded:1|mRNA:1|tRNAGlyGCC:1|RS30S:1|RF3:1|GDP:1|PO4:1
re0000000864,external_touches_aa,Termination_B_RF1|Termination_B_RF2,true,tRNAGlyGCC,termRS70SUAA0004_tRNAGlyGCC_RF3_GDP_PO4:1,RF3_degraded:1|RS50S:1|RS30S:1|tRNAGlyGCC:1|mRNA:1|GDP:1|PO4:1
re0000000865,external_touches_aa,Termination_B_RF1|Termination_B_RF2,true,tRNAGlyGCC,termRS70SUAA0004_tRNAGlyGCC_RF3_GDP:1,RS30S_degraded:1|mRNA:1|tRNAGlyGCC:1|RS50S:1|RF3:1|GDP:1
re0000000866,external_touches_aa,Termination_B_RF1|Termination_B_RF2,true,tRNAGlyGCC,termRS70SUAA0004_tRNAGlyGCC_RF3_GDP:1,RS50S_degraded:1|mRNA:1|tRNAGlyGCC:1|RS30S:1|RF3:1|GDP:1
re0000000867,external_touches_aa,Termination_B_RF1|Termination_B_RF2,true,tRNAGlyGCC,termRS70SUAA0004_tRNAGlyGCC_RF3_GDP:1,RF3_degraded:1|RS50S:1|RS30S:1|tRNAGlyGCC:1|mRNA:1|GDP:1
re0000000876,external_touches_aa,Termination_B_RF2,false,tRNAGlyGCC,termRS70SUAA0004_tRNAGlyGCC_RF2_RF3_GTP:1,RS30S_degraded:1|mRNA:1|RF2:1|tRNAGlyGCC:1|RS50S:1|RF3:1|GTP:1
re0000000877,external_touches_aa,Termination_B_RF2,false,tRNAGlyGCC,termRS70SUAA0004_tRNAGlyGCC_RF2_RF3_GTP:1,RS50S_degraded:1|mRNA:1|RF2:1|tRNAGlyGCC:1|RS30S:1|RF3:1|GTP:1
re0000000878,external_touches_aa,Termination_B_RF2,false,tRNAGlyGCC,termRS70SUAA0004_tRNAGlyGCC_RF2_RF3_GTP:1,RF2_degraded:1|RS50S:1|RS30S:1|tRNAGlyGCC:1|mRNA:1|GTP:1|RF3:1
re0000000885,external_touches_aa,Termination_B_RF2,false,tRNAGlyGCC,termRS70SUAA0004_tRNAGlyGCC_RF2_RF3_GTP:1,RF3_degraded:1|mRNA:1|tRNAGlyGCC:1|RF2:1|RS30S:1|RS50S:1|GTP:1
re0000000886,external_touches_aa,Termination_B_RF2,false,tRNAGlyGCC,termRS70SUAA0004_tRNAGlyGCC_RF2_RF3_GDP:1,RS30S_degraded:1|mRNA:1|RF2:1|tRNAGlyGCC:1|RS50S:1|RF3:1|GDP:1
re0000000887,external_touches_aa,Termination_B_RF2,false,tRNAGlyGCC,termRS70SUAA0004_tRNAGlyGCC_RF2_RF3_GDP:1,RS50S_degraded:1|mRNA:1|RF2:1|tRNAGlyGCC:1|RS30S:1|RF3:1|GDP:1
re0000000888,external_touches_aa,Termination_B_RF2,false,tRNAGlyGCC,termRS70SUAA0004_tRNAGlyGCC_RF2_RF3_GDP:1,RF2_degraded:1|RS50S:1|RS30S:1|tRNAGlyGCC:1|mRNA:1|GDP:1|RF3:1
re0000000889,external_touches_aa,Termination_B_RF2,false,tRNAGlyGCC,termRS70SUAA0004_tRNAGlyGCC_RF2_RF3_GDP:1,RF3_degraded:1|mRNA:1|tRNAGlyGCC:1|RF2:1|RS30S:1|RS50S:1|GDP:1
re0000000890,external_touches_aa,Termination_B_RF2,false,tRNAGlyGCC,termRS70SUAA0004_tRNAGlyGCC_RF2_RF3:1,RS30S_degraded:1|mRNA:1|RF2:1|tRNAGlyGCC:1|RS50S:1|RF3:1
re0000000891,external_touches_aa,Termination_B_RF2,false,tRNAGlyGCC,termRS70SUAA0004_tRNAGlyGCC_RF2_RF3:1,RS50S_degraded:1|mRNA:1|RF2:1|tRNAGlyGCC:1|RS30S:1|RF3:1
re0000000892,external_touches_aa,Termination_B_RF2,false,tRNAGlyGCC,termRS70SUAA0004_tRNAGlyGCC_RF2_RF3:1,RF2_degraded:1|RS50S:1|RS30S:1|tRNAGlyGCC:1|mRNA:1|RF3:1
re0000000893,external_touches_aa,Termination_B_RF2,false,tRNAGlyGCC,termRS70SUAA0004_tRNAGlyGCC_RF2_RF3:1,RF3_degraded:1|mRNA:1|tRNAGlyGCC:1|RF2:1|RS30S:1|RS50S:1
re0000000897,external_touches_aa,Termination_C,false,tRNAGlyGCC,termRS70SUAA0004_tRNAGlyGCC_RRF_EFG_GTP:1,RS30S_degraded:1|mRNA:1|RRF:1|tRNAGlyGCC:1|RS50S:1|EFG:1|GTP:1
re0000000898,external_touches_aa,Termination_C,false,tRNAGlyGCC,termRS70SUAA0004_tRNAGlyGCC_RRF_EFG_GTP:1,RS50S_degraded:1|mRNA:1|RRF:1|tRNAGlyGCC:1|RS30S:1|EFG:1|GTP:1
re0000000899,external_touches_aa,Termination_C,false,tRNAGlyGCC,termRS70SUAA0004_tRNAGlyGCC_RRF_EFG_GTP:1,RRF_degraded:1|RS50S:1|RS30S:1|tRNAGlyGCC:1|mRNA:1|GTP:1|EFG:1
re0000000903,external_touches_aa,Termination_C,false,tRNAGlyGCC,termRS70SUAA0004_tRNAGlyGCC_RRF_EFG_GTP:1,EFG_degraded:1|mRNA:1|tRNAGlyGCC:1|RRF:1|RS30S:1|RS50S:1|GTP:1
re0000000915,external_touches_aa,Termination_C,false,tRNAGlyGCC,RS50S_tRNAGlyGCC_RRF_EFG_GDP:1,RS50S_RRF_EFG_GDP:1|tRNAGlyGCC:1
re0000000916,external_touches_aa,Termination_C,false,tRNAGlyGCC,RS50S_tRNAGlyGCC_RRF:1,RS50S_RRF:1|tRNAGlyGCC:1
re0000000919,external_touches_aa,Termination_C,false,tRNAGlyGCC,RS50S_tRNAGlyGCC:1,tRNAGlyGCC:1|RS50S:1
re0000000921,external_touches_aa,Termination_C,false,tRNAGlyGCC,RS50S_tRNAGlyGCC_EFG_GDP:1,RS50S_EFG_GDP:1|tRNAGlyGCC:1
re0000000924,external_touches_aa,Termination_C,false,tRNAGlyGCC,RS50S_tRNAGlyGCC:1,RS50S_degraded:1|tRNAGlyGCC:1
re0000000930,external_touches_aa,Termination_C,false,tRNAGlyGCC,RS50S_tRNAGlyGCC_RRF:1,RS50S_degraded:1|RRF:1|tRNAGlyGCC:1
re0000000931,external_touches_aa,Termination_C,false,tRNAGlyGCC,RS50S_tRNAGlyGCC_RRF:1,RRF_degraded:1|RS50S:1|tRNAGlyGCC:1
re0000000933,external_touches_aa,Termination_C,false,tRNAGlyGCC,RS50S_tRNAGlyGCC_EFG_GDP:1,RS50S_degraded:1|EFG:1|tRNAGlyGCC:1|GDP:1
re0000000934,external_touches_aa,Termination_C,false,tRNAGlyGCC,RS50S_tRNAGlyGCC_EFG_GDP:1,EFG_degraded:1|RS50S:1|tRNAGlyGCC:1|GDP:1
re0000000938,external_touches_aa,Termination_C,false,tRNAGlyGCC,termRS70SUAA0004_tRNAGlyGCC_RRF:1,RS30S_degraded:1|mRNA:1|RRF:1|tRNAGlyGCC:1|RS50S:1
re0000000939,external_touches_aa,Termination_C,false,tRNAGlyGCC,termRS70SUAA0004_tRNAGlyGCC_RRF:1,RS50S_degraded:1|mRNA:1|RRF:1|tRNAGlyGCC:1|RS30S:1
re0000000940,external_touches_aa,Termination_C,false,tRNAGlyGCC,termRS70SUAA0004_tRNAGlyGCC_RRF:1,RRF_degraded:1|RS50S:1|RS30S:1|tRNAGlyGCC:1|mRNA:1
re0000000941,external_touches_aa,Termination_C,false,tRNAGlyGCC,termRS70SUAA0004_tRNAGlyGCC_EFG_GTP:1,RS30S_degraded:1|mRNA:1|tRNAGlyGCC:1|RS50S:1|EFG:1|GTP:1
re0000000942,external_touches_aa,Termination_C,false,tRNAGlyGCC,termRS70SUAA0004_tRNAGlyGCC_EFG_GTP:1,RS50S_degraded:1|mRNA:1|tRNAGlyGCC:1|RS30S:1|EFG:1|GTP:1
re0000000943,external_touches_aa,Termination_C,false,tRNAGlyGCC,termRS70SUAA0004_tRNAGlyGCC_EFG_GTP:1,EFG_degraded:1|RS50S:1|RS30S:1|tRNAGlyGCC:1|mRNA:1|GTP:1
re0000000944,external_touches_aa,Termination_C,false,tRNAGlyGCC,termRS70SUAA0004_tRNAGlyGCC_RRF_EFG_GDP:1,RS30S_degraded:1|mRNA:1|RRF:1|tRNAGlyGCC:1|RS50S:1|EFG:1|GDP:1
re0000000945,external_touches_aa,Termination_C,false,tRNAGlyGCC,termRS70SUAA0004_tRNAGlyGCC_RRF_EFG_GDP:1,RS50S_degraded:1|mRNA:1|RRF:1|tRNAGlyGCC:1|RS30S:1|EFG:1|GDP:1
re0000000946,external_touches_aa,Termination_C,false,tRNAGlyGCC,termRS70SUAA0004_tRNAGlyGCC_RRF_EFG_GDP:1,RRF_degraded:1|RS50S:1|RS30S:1|tRNAGlyGCC:1|mRNA:1|GDP:1|EFG:1
re0000000947,external_touches_aa,Termination_C,false,tRNAGlyGCC,termRS70SUAA0004_tRNAGlyGCC_RRF_EFG_GDP:1,EFG_degraded:1|mRNA:1|tRNAGlyGCC:1|RRF:1|RS30S:1|RS50S:1|GDP:1
re0000000948,external_touches_aa,Termination_C,false,tRNAGlyGCC,termRS70SUAA0004_tRNAGlyGCC_RRF_EFG_GDP_PO4:1,RS30S_degraded:1|mRNA:1|RRF:1|tRNAGlyGCC:1|RS50S:1|EFG:1|GDP:1|PO4:1
re0000000949,external_touches_aa,Termination_C,false,tRNAGlyGCC,termRS70SUAA0004_tRNAGlyGCC_RRF_EFG_GDP_PO4:1,RS50S_degraded:1|mRNA:1|RRF:1|tRNAGlyGCC:1|RS30S:1|EFG:1|GDP:1|PO4:1
re0000000950,external_touches_aa,Termination_C,false,tRNAGlyGCC,termRS70SUAA0004_tRNAGlyGCC_RRF_EFG_GDP_PO4:1,RRF_degraded:1|RS50S:1|RS30S:1|tRNAGlyGCC:1|mRNA:1|GDP:1|EFG:1|PO4:1
re0000000951,external_touches_aa,Termination_C,false,tRNAGlyGCC,termRS70SUAA0004_tRNAGlyGCC_RRF_EFG_GDP_PO4:1,EFG_degraded:1|mRNA:1|tRNAGlyGCC:1|RRF:1|RS30S:1|RS50S:1|GDP:1|PO4:1
re0000000953,external_touches_aa,Termination_C,false,tRNAGlyGCC,RS50S_tRNAGlyGCC_RRF_EFG_GDP:1,RS50S_degraded:1|EFG:1|tRNAGlyGCC:1|GDP:1|RRF:1
re0000000954,external_touches_aa,Termination_C,false,tRNAGlyGCC,RS50S_tRNAGlyGCC_RRF_EFG_GDP:1,EFG_degraded:1|RS50S:1|tRNAGlyGCC:1|GDP:1|RRF:1
re0000000955,external_touches_aa,Termination_C,false,tRNAGlyGCC,RS50S_tRNAGlyGCC_RRF_EFG_GDP:1,RRF_degraded:1|tRNAGlyGCC:1|EFG:1|GDP:1|RS50S:1
re0000000960,external_touches_aa,Termination_C,false,tRNAGlyGCC,tRNAGlyGCC:1|RS50S_RRF_EFG_GDP:1,RS50S_tRNAGlyGCC_RRF_EFG_GDP:1
re0000000963,external_touches_aa,Termination_C,false,tRNAGlyGCC,tRNAGlyGCC:1|RS50S_EFG_GDP:1,RS50S_tRNAGlyGCC_EFG_GDP:1
re0000000965,external_touches_aa,Termination_C,false,tRNAGlyGCC,tRNAGlyGCC:1|RS50S_RRF:1,RS50S_tRNAGlyGCC_RRF:1
re0000000967,external_touches_aa,Termination_C,false,tRNAGlyGCC,tRNAGlyGCC:1|RS50S:1,RS50S_tRNAGlyGCC:1
