reaction_id,parameter_id,parameter_name,sbml_value,sbml_units,sbml_constant,author_export_value,value_is_placeholder
re0000000001,k1,k1,1,substance,true,1000,true
re0000000002,k1,k1,1,substance,true,0,true
re0000000003,k1,k1,1,substance,true,0,true
re0000000004,k1,k1,1,substance,true,0,true
re0000000005,k1,k1,1,substance,true,0,true
re0000000006,k1,k1,1,substance,true,0,true
re0000000007,k1,k1,1,substance,true,0,true
re0000000008,k1,k1,1,substance,true,0,true
re0000000009,k1,k1,1,substance,true,0,true
re0000000010,k1,k1,1,substance,true,0,true
re0000000011,k1,k1,1,substance,true,0,true
re0000000012,k1,k1,1,substance,true,0,true
re0000000013,k1,k1,1,substance,true,140,true
re0000000014,k1,k1,1,substance,true,260,true
re0000000015,k1,k1,1,substance,true,0,true
re0000000016,k1,k1,1,substance,true,1000,true
re0000000017,k1,k1,1,substance,true,7,true
re0000000018,k1,k1,1,substance,true,1000,true
re0000000019,k1,k1,1,substance,true,30,true
re0000000020,k1,k1,1,substance,true,25,true
re0000000021,k1,k1,1,substance,true,0.23,true
re0000000022,k1,k1,1,substance,true,31,true
re0000000023,k1,k1,1,substance,true,5,true
re0000000024,k1,k1,1,substance,true,5,true
re0000000025,k1,k1,1,substance,true,1000,true
re0000000026,k1,k1,1,substance,true,0,true
re0000000027,k1,k1,1,substance,true,0,true
re0000000028,k1,k1,1,substance,true,1000,true
re0000000029,k1,k1,1,substance,true,0,true
re0000000030,k1,k1,1,substance,true,0,true
re0000000031,k1,k1,1,substance,true,0,true
re0000000032,k1,k1,1,substance,true,0,true
re0000000033,k1,k1,1,substance,true,0,true
re0000000034,k1,k1,1,substance,true,0,true
re0000000035,k1,k1,1,substance,true,0,true
re0000000036,k1,k1,1,substance,true,0,true
re0000000037,k1,k1,1,substance,true,0,true
re0000000038,k1,k1,1,substance,true,0,true
re0000000039,k1,k1,1,substance,true,0,true
re0000000040,k1,k1,1,substance,true,0,true
re0000000041,k1,k1,1,substance,true,0,true
re0000000042,k1,k1,1,substance,true,0,true
re0000000043,k1,k1,1,substance,true,0,true
re0000000044,k1,k1,1,substance,true,0,true
re0000000045,k1,k1,1,substance,true,0,true
re0000000046,k1,k1,1,substance,true,0,true
re0000000047,k1,k1,1,substance,true,0,true
re0000000048,k1,k1,1,substance,true,0,true
re0000000049,k1,k1,1,substance,true,0,true
re0000000050,k1,k1,1,substance,true,0,true
re0000000051,k1,k1,1,substance,true,0,true
re0000000052,k1,k1,1,substance,true,0,true
re0000000053,k1,k1,1,substance,true,0,true
re0000000054,k1,k1,1,substance,true,0,true
re0000000055,k1,k1,1,substance,true,0,true
re0000000056,k1,k1,1,substance,true,0,true
re0000000057,k1,k1,1,substance,true,0,true
re0000000058,k1,k1,1,substance,true,0,true
re0000000059,k1,k1,1,substance,true,0,true
re0000000060,k1,k1,1,substance,true,0,true
re0000000061,k1,k1,1,substance,true,0,true
re0000000062,k1,k1,1,substance,true,0,true
re0000000063,k1,k1,1,substance,true,0,true
re0000000064,k1,k1,1,substance,true,0,true
re0000000065,k1,k1,1,substance,true,0,true
re0000000066,k1,k1,1,substance,true,0,true
re0000000067,k1,k1,1,substance,true,0,true
re0000000068,k1,k1,1,substance,true,1000,true
re0000000069,k1,k1,1,substance,true,0,true
re0000000070,k1,k1,1,substance,true,0,true
re0000000071,k1,k1,1,substance,true,0,true
re0000000072,k1,k1,1,substance,true,0,true
re0000000073,k1,k1,1,substance,true,0,true
re0000000074,k1,k1,1,substance,true,140,true
re0000000075,k1,k1,1,substance,true,260,true
re0000000076,k1,k1,1,substance,true,0,true
re0000000077,k1,k1,1,substance,true,1000,true
re0000000078,k1,k1,1,substance,true,7,true
re0000000079,k1,k1,1,substance,true,1000,true
re0000000080,k1,k1,1,substance,true,30,true
re0000000081,k1,k1,1,substance,true,25,true
re0000000082,k1,k1,1,substance,true,0.23,true
re0000000083,k1,k1,1,substance,true,31,true
re0000000084,k1,k1,1,substance,true,5,true
re0000000085,k1,k1,1,substance,true,5,true
re0000000086,k1,k1,1,substance,true,1000,true
re0000000087,k1,k1,1,substance,true,0,true
re0000000088,k1,k1,1,substance,true,0,true
re0000000089,k1,k1,1,substance,true,1000,true
re0000000090,k1,k1,1,substance,true,0,true
re0000000091,k1,k1,1,substance,true,0,true
re0000000092,k1,k1,1,substance,true,0,true
re0000000093,k1,k1,1,substance,true,0,true
re0000000094,k1,k1,1,substance,true,0,true
re0000000095,k1,k1,1,substance,true,0,true
re0000000096,k1,k1,1,substance,true,0,true
re0000000097,k1,k1,1,substance,true,0,true
re0000000098,k1,k1,1,substance,true,0,true
re0000000099,k1,k1,1,substance,true,0,true
re0000000100,k1,k1,1,substance,true,0,true
re0000000101,k1,k1,1,substance,true,0,true
re0000000102,k1,k1,1,substance,true,0,true
re0000000103,k1,k1,1,substance,true,0,true
re0000000104,k1,k1,1,substance,true,0,true
re0000000105,k1,k1,1,substance,true,0,true
re0000000106,k1,k1,1,substance,true,0,true
re0000000107,k1,k1,1,substance,true,0,true
re0000000108,k1,k1,1,substance,true,0,true
re0000000109,k1,k1,1,substance,true,0,true
re0000000110,k1,k1,1,substance,true,0,true
re0000000111,k1,k1,1,substance,true,0,true
re0000000112,k1,k1,1,substance,true,0,true
re0000000113,k1,k1,1,substance,true,0,true
re0000000114,k1,k1,1,substance,true,0,true
re0000000115,k1,k1,1,substance,true,0,true
re0000000116,k1,k1,1,substance,true,0,true
re0000000117,k1,k1,1,substance,true,0,true
re0000000118,k1,k1,1,substance,true,0,true
re0000000119,k1,k1,1,substance,true,0,true
re0000000120,k1,k1,1,substance,true,0,true
re0000000121,k1,k1,1,substance,true,0,true
re0000000122,k1,k1,1,substance,true,0,true
re0000000123,k1,k1,1,substance,true,0,true
re0000000124,k1,k1,1,substance,true,0,true
re0000000125,k1,k1,1,substance,true,0,true
re0000000126,k1,k1,1,substance,true,20,true
re0000000127,k1,k1,1,substance,true,1000,true
re0000000128,k1,k1,1,substance,true,0,true
re0000000129,k1,k1,1,substance,true,0,true
re0000000130,k1,k1,1,substance,true,0,true
re0000000131,k1,k1,1,substance,true,470,true
re0000000132,k1,k1,1,substance,true,10,true
re0000000133,k1,k1,1,substance,true,8900,true
re0000000134,k1,k1,1,substance,true,0.024,true
re0000000135,k1,k1,1,substance,true,3.2,true
re0000000136,k1,k1,1,substance,true,10,true
re0000000137,k1,k1,1,substance,true,4500,true
re0000000138,k1,k1,1,substance,true,0,true
re0000000139,k1,k1,1,substance,true,0,true
re0000000140,k1,k1,1,substance,true,29,true
re0000000141,k1,k1,1,substance,true,47,true
re0000000142,k1,k1,1,substance,true,0,true
re0000000143,k1,k1,1,substance,true,0,true
re0000000144,k1,k1,1,substance,true,0,true
re0000000145,k1,k1,1,substance,true,1000,true
re0000000146,k1,k1,1,substance,true,0,true
re0000000147,k1,k1,1,substance,true,0.07,true
re0000000148,k1,k1,1,substance,true,2.4,true
re0000000149,k1,k1,1,substance,true,0,true
re0000000150,k1,k1,1,substance,true,0,true
re0000000151,k1,k1,1,substance,true,5,true
re0000000152,k1,k1,1,substance,true,1000,true
re0000000153,k1,k1,1,substance,true,0,true
re0000000154,k1,k1,1,substance,true,0,true
re0000000155,k1,k1,1,substance,true,0,true
re0000000156,k1,k1,1,substance,true,350,true
re0000000157,k1,k1,1,substance,true,10,true
re0000000158,k1,k1,1,substance,true,2500,true
re0000000159,k1,k1,1,substance,true,5,true
re0000000160,k1,k1,1,substance,true,350,true
re0000000161,k1,k1,1,substance,true,10,true
re0000000162,k1,k1,1,substance,true,2500,true
re0000000163,k1,k1,1,substance,true,0,true
re0000000164,k1,k1,1,substance,true,0,true
re0000000165,k1,k1,1,substance,true,60,true
re0000000166,k1,k1,1,substance,true,150,true
re0000000167,k1,k1,1,substance,true,0,true
re0000000168,k1,k1,1,substance,true,0,true
re0000000169,k1,k1,1,substance,true,0,true
re0000000170,k1,k1,1,substance,true,1000,true
re0000000171,k1,k1,1,substance,true,0,true
re0000000172,k1,k1,1,substance,true,0.07,true
re0000000173,k1,k1,1,substance,true,2.4,true
re0000000174,k1,k1,1,substance,true,0,true
re0000000175,k1,k1,1,substance,true,0,true
re0000000176,k1,k1,1,substance,true,0,true
re0000000177,k1,k1,1,substance,true,0,true
re0000000178,k1,k1,1,substance,true,22,true
re0000000179,k1,k1,1,substance,true,0,true
re0000000180,k1,k1,1,substance,true,1000,true
re0000000181,k1,k1,1,substance,true,0,true
re0000000182,k1,k1,1,substance,true,353,true
re0000000183,k1,k1,1,substance,true,100,true
re0000000184,k1,k1,1,substance,true,353,true
re0000000185,k1,k1,1,substance,true,100,true
re0000000186,k1,k1,1,substance,true,0,true
re0000000187,k1,k1,1,substance,true,0,true
re0000000188,k1,k1,1,substance,true,20,true
re0000000189,k1,k1,1,substance,true,1000,true
re0000000190,k1,k1,1,substance,true,470,true
re0000000191,k1,k1,1,substance,true,10,true
re0000000192,k1,k1,1,substance,true,8900,true
re0000000193,k1,k1,1,substance,true,0.024,true
re0000000194,k1,k1,1,substance,true,3.2,true
re0000000195,k1,k1,1,substance,true,10,true
re0000000196,k1,k1,1,substance,true,4500,true
re0000000197,k1,k1,1,substance,true,2,true
re0000000198,k1,k1,1,substance,true,0,true
re0000000199,k1,k1,1,substance,true,376,true
re0000000200,k1,k1,1,substance,true,376,true
re0000000201,k1,k1,1,substance,true,100,true
re0000000202,k1,k1,1,substance,true,100,true
re0000000203,k1,k1,1,substance,true,376,true
re0000000204,k1,k1,1,substance,true,100,true
re0000000205,k1,k1,1,substance,true,376,true
re0000000206,k1,k1,1,substance,true,100,true
re0000000207,k1,k1,1,substance,true,353,true
re0000000208,k1,k1,1,substance,true,100,true
re0000000209,k1,k1,1,substance,true,353,true
re0000000210,k1,k1,1,substance,true,100,true
re0000000211,k1,k1,1,substance,true,0,true
re0000000212,k1,k1,1,substance,true,0,true
re0000000213,k1,k1,1,substance,true,0,true
re0000000214,k1,k1,1,substance,true,0,true
re0000000215,k1,k1,1,substance,true,0,true
re0000000216,k1,k1,1,substance,true,0,true
re0000000217,k1,k1,1,substance,true,0,true
re0000000218,k1,k1,1,substance,true,0,true
re0000000219,k1,k1,1,substance,true,0,true
re0000000220,k1,k1,1,substance,true,13.7,true
re0000000221,k1,k1,1,substance,true,0,true
re0000000222,k1,k1,1,substance,true,1000,true
re0000000223,k1,k1,1,substance,true,0,true
re0000000224,k1,k1,1,substance,true,1.685,true
re0000000225,k1,k1,1,substance,true,5.6,true
re0000000226,k1,k1,1,substance,true,1.685,true
re0000000227,k1,k1,1,substance,true,5.6,true
re0000000228,k1,k1,1,substance,true,0,true
re0000000229,k1,k1,1,substance,true,0,true
re0000000230,k1,k1,1,substance,true,5,true
re0000000231,k1,k1,1,substance,true,1000,true
re0000000232,k1,k1,1,substance,true,350,true
re0000000233,k1,k1,1,substance,true,10,true
re0000000234,k1,k1,1,substance,true,2500,true
re0000000235,k1,k1,1,substance,true,5,true
re0000000236,k1,k1,1,substance,true,350,true
re0000000237,k1,k1,1,substance,true,10,true
re0000000238,k1,k1,1,substance,true,2500,true
re0000000239,k1,k1,1,substance,true,200,true
re0000000240,k1,k1,1,substance,true,0,true
re0000000241,k1,k1,1,substance,true,50,true
re0000000242,k1,k1,1,substance,true,50,true
re0000000243,k1,k1,1,substance,true,150,true
re0000000244,k1,k1,1,substance,true,150,true
re0000000245,k1,k1,1,substance,true,50,true
re0000000246,k1,k1,1,substance,true,150,true
re0000000247,k1,k1,1,substance,true,50,true
re0000000248,k1,k1,1,substance,true,150,true
re0000000249,k1,k1,1,substance,true,50,true
re0000000250,k1,k1,1,substance,true,150,true
re0000000251,k1,k1,1,substance,true,50,true
re0000000252,k1,k1,1,substance,true,150,true
re0000000253,k1,k1,1,substance,true,0,true
re0000000254,k1,k1,1,substance,true,0,true
re0000000255,k1,k1,1,substance,true,0,true
re0000000256,k1,k1,1,substance,true,0,true
re0000000257,k1,k1,1,substance,true,0,true
re0000000258,k1,k1,1,substance,true,0,true
re0000000259,k1,k1,1,substance,true,0,true
re0000000260,k1,k1,1,substance,true,0,true
re0000000261,k1,k1,1,substance,true,10,true
re0000000262,k1,k1,1,substance,true,0.03,true
re0000000263,k1,k1,1,substance,true,14,true
re0000000264,k1,k1,1,substance,true,125,true
re0000000265,k1,k1,1,substance,true,350,true
re0000000266,k1,k1,1,substance,true,60,true
re0000000267,k1,k1,1,substance,true,0.002,true
re0000000268,k1,k1,1,substance,true,2,true
re0000000269,k1,k1,1,substance,true,6,true
re0000000270,k1,k1,1,substance,true,85,true
re0000000271,k1,k1,1,substance,true,60,true
re0000000272,k1,k1,1,substance,true,30,true
re0000000273,k1,k1,1,substance,true,0.5,true
re0000000274,k1,k1,1,substance,true,0.03,true
re0000000275,k1,k1,1,substance,true,1.5,true
re0000000276,k1,k1,1,substance,true,0.0013,true
re0000000277,k1,k1,1,substance,true,0,true
re0000000278,k1,k1,1,substance,true,0,true
re0000000279,k1,k1,1,substance,true,0,true
re0000000280,k1,k1,1,substance,true,0,true
re0000000281,k1,k1,1,substance,true,0,true
re0000000282,k1,k1,1,substance,true,0,true
re0000000283,k1,k1,1,substance,true,0,true
re0000000284,k1,k1,1,substance,true,0,true
re0000000285,k1,k1,1,substance,true,0,true
re0000000286,k1,k1,1,substance,true,0,true
re0000000287,k1,k1,1,substance,true,0,true
re0000000288,k1,k1,1,substance,true,1.5,true
re0000000289,k1,k1,1,substance,true,0.0453,true
re0000000290,k1,k1,1,substance,true,0,true
re0000000291,k1,k1,1,substance,true,0,true
re0000000292,k1,k1,1,substance,true,300,true
re0000000293,k1,k1,1,substance,true,17.6,true
re0000000294,k1,k1,1,substance,true,0.58,true
re0000000295,k1,k1,1,substance,true,13,true
re0000000296,k1,k1,1,substance,true,0,true
re0000000297,k1,k1,1,substance,true,0,true
re0000000298,k1,k1,1,substance,true,30,true
re0000000299,k1,k1,1,substance,true,25,true
re0000000300,k1,k1,1,substance,true,30,true
re0000000301,k1,k1,1,substance,true,25,true
re0000000302,k1,k1,1,substance,true,31,true
re0000000303,k1,k1,1,substance,true,5,true
re0000000304,k1,k1,1,substance,true,31,true
re0000000305,k1,k1,1,substance,true,5,true
re0000000306,k1,k1,1,substance,true,5,true
re0000000307,k1,k1,1,substance,true,5,true
re0000000308,k1,k1,1,substance,true,1000,true
re0000000309,k1,k1,1,substance,true,1000,true
re0000000310,k1,k1,1,substance,true,0,true
re0000000311,k1,k1,1,substance,true,0,true
re0000000312,k1,k1,1,substance,true,0,true
re0000000313,k1,k1,1,substance,true,0,true
re0000000314,k1,k1,1,substance,true,0,true
re0000000315,k1,k1,1,substance,true,0,true
re0000000316,k1,k1,1,substance,true,0,true
re0000000317,k1,k1,1,substance,true,0,true
re0000000318,k1,k1,1,substance,true,0,true
re0000000319,k1,k1,1,substance,true,0,true
re0000000320,k1,k1,1,substance,true,0,true
re0000000321,k1,k1,1,substance,true,0,true
re0000000322,k1,k1,1,substance,true,0,true
re0000000323,k1,k1,1,substance,true,0,true
re0000000324,k1,k1,1,substance,true,0,true
re0000000325,k1,k1,1,substance,true,0,true
re0000000326,k1,k1,1,substance,true,0,true
re0000000327,k1,k1,1,substance,true,0,true
re0000000328,k1,k1,1,substance,true,0,true
re0000000329,k1,k1,1,substance,true,0,true
re0000000330,k1,k1,1,substance,true,19.60784314,true
re0000000331,k1,k1,1,substance,true,1000,true
re0000000332,k1,k1,1,substance,true,2,true
re0000000333,k1,k1,1,substance,true,1000,true
re0000000334,k1,k1,1,substance,true,19.60784314,true
re0000000335,k1,k1,1,substance,true,1000,true
re0000000336,k1,k1,1,substance,true,2,true
re0000000337,k1,k1,1,substance,true,1000,true
re0000000338,k1,k1,1,substance,true,2.527408333,true
re0000000339,k1,k1,1,substance,true,0.548808667,true
re0000000340,k1,k1,1,substance,true,1000,true
re0000000341,k1,k1,1,substance,true,1.369863014,true
re0000000342,k1,k1,1,substance,true,1000,true
re0000000343,k1,k1,1,substance,true,0.204081633,true
re0000000344,k1,k1,1,substance,true,1000,true
re0000000345,k1,k1,1,substance,true,1.369863014,true
re0000000346,k1,k1,1,substance,true,1000,true
re0000000347,k1,k1,1,substance,true,0.204081633,true
re0000000348,k1,k1,1,substance,true,0,true
re0000000349,k1,k1,1,substance,true,0,true
re0000000350,k1,k1,1,substance,true,0,true
re0000000351,k1,k1,1,substance,true,0,true
re0000000352,k1,k1,1,substance,true,0,true
re0000000353,k1,k1,1,substance,true,0,true
re0000000354,k1,k1,1,substance,true,0,true
re0000000355,k1,k1,1,substance,true,0.555555556,true
re0000000356,k1,k1,1,substance,true,1000,true
re0000000357,k1,k1,1,substance,true,20.40816327,true
re0000000358,k1,k1,1,substance,true,1000,true
re0000000359,k1,k1,1,substance,true,0.555555556,true
re0000000360,k1,k1,1,substance,true,1000,true
re0000000361,k1,k1,1,substance,true,20.40816327,true
re0000000362,k1,k1,1,substance,true,1000,true
re0000000363,k1,k1,1,substance,true,470,true
re0000000364,k1,k1,1,substance,true,0,true
re0000000365,k1,k1,1,substance,true,1000,true
re0000000366,k1,k1,1,substance,true,1000,true
re0000000367,k1,k1,1,substance,true,1000,true
re0000000368,k1,k1,1,substance,true,1000,true
re0000000369,k1,k1,1,substance,true,0,true
re0000000370,k1,k1,1,substance,true,0,true
re0000000371,k1,k1,1,substance,true,0,true
re0000000372,k1,k1,1,substance,true,0,true
re0000000373,k1,k1,1,substance,true,0,true
re0000000374,k1,k1,1,substance,true,0,true
re0000000375,k1,k1,1,substance,true,15.15151515,true
re0000000376,k1,k1,1,substance,true,6.666666667,true
re0000000377,k1,k1,1,substance,true,6.666666667,true
re0000000378,k1,k1,1,substance,true,15.15151515,true
re0000000379,k1,k1,1,substance,true,0,true
re0000000380,k1,k1,1,substance,true,16.66666667,true
re0000000381,k1,k1,1,substance,true,1000,true
re0000000382,k1,k1,1,substance,true,8.333333333,true
re0000000383,k1,k1,1,substance,true,1000,true
re0000000384,k1,k1,1,substance,true,16.66666667,true
re0000000385,k1,k1,1,substance,true,1000,true
re0000000386,k1,k1,1,substance,true,8.333333333,true
re0000000387,k1,k1,1,substance,true,1000,true
re0000000388,k1,k1,1,substance,true,255.6,true
re0000000389,k1,k1,1,substance,true,345.6,true
re0000000390,k1,k1,1,substance,true,1000,true
re0000000391,k1,k1,1,substance,true,35.71428571,true
re0000000392,k1,k1,1,substance,true,1000,true
re0000000393,k1,k1,1,substance,true,1.098901099,true
re0000000394,k1,k1,1,substance,true,1000,true
re0000000395,k1,k1,1,substance,true,1.098901099,true
re0000000396,k1,k1,1,substance,true,1000,true
re0000000397,k1,k1,1,substance,true,35.71428571,true
re0000000398,k1,k1,1,substance,true,0,true
re0000000399,k1,k1,1,substance,true,0,true
re0000000400,k1,k1,1,substance,true,0,true
re0000000401,k1,k1,1,substance,true,0,true
re0000000402,k1,k1,1,substance,true,0,true
re0000000403,k1,k1,1,substance,true,0,true
re0000000404,k1,k1,1,substance,true,0,true
re0000000405,k1,k1,1,substance,true,46,true
re0000000406,k1,k1,1,substance,true,200,true
re0000000407,k1,k1,1,substance,true,800,true
re0000000408,k1,k1,1,substance,true,140,true
re0000000409,k1,k1,1,substance,true,440,true
re0000000410,k1,k1,1,substance,true,0.059,true
re0000000411,k1,k1,1,substance,true,400,true
re0000000412,k1,k1,1,substance,true,0.26,true
re0000000413,k1,k1,1,substance,true,0,true
re0000000414,k1,k1,1,substance,true,0,true
re0000000415,k1,k1,1,substance,true,0,true
re0000000416,k1,k1,1,substance,true,0,true
re0000000417,k1,k1,1,substance,true,0,true
re0000000418,k1,k1,1,substance,true,74.07407407,true
re0000000419,k1,k1,1,substance,true,1000,true
re0000000420,k1,k1,1,substance,true,2000,true
re0000000421,k1,k1,1,substance,true,1000,true
re0000000422,k1,k1,1,substance,true,2000,true
re0000000423,k1,k1,1,substance,true,1000,true
re0000000424,k1,k1,1,substance,true,74.07407407,true
re0000000425,k1,k1,1,substance,true,1000,true
re0000000426,k1,k1,1,substance,true,37.3,true
re0000000427,k1,k1,1,substance,true,0,true
re0000000428,k1,k1,1,substance,true,1000,true
re0000000429,k1,k1,1,substance,true,0,true
re0000000430,k1,k1,1,substance,true,1000,true
re0000000431,k1,k1,1,substance,true,0,true
re0000000432,k1,k1,1,substance,true,1000,true
re0000000433,k1,k1,1,substance,true,0,true
re0000000434,k1,k1,1,substance,true,1000,true
re0000000435,k1,k1,1,substance,true,0,true
re0000000436,k1,k1,1,substance,true,0,true
re0000000437,k1,k1,1,substance,true,0,true
re0000000438,k1,k1,1,substance,true,0,true
re0000000439,k1,k1,1,substance,true,0,true
re0000000440,k1,k1,1,substance,true,0,true
re0000000441,k1,k1,1,substance,true,0,true
re0000000442,k1,k1,1,substance,true,0,true
re0000000443,k1,k1,1,substance,true,0,true
re0000000444,k1,k1,1,substance,true,0,true
re0000000445,k1,k1,1,substance,true,10,true
re0000000446,k1,k1,1,substance,true,67,true
re0000000447,k1,k1,1,substance,true,10,true
re0000000448,k1,k1,1,substance,true,16,true
re0000000449,k1,k1,1,substance,true,40,true
re0000000450,k1,k1,1,substance,true,40,true
re0000000451,k1,k1,1,substance,true,0,true
re0000000452,k1,k1,1,substance,true,0,true
re0000000453,k1,k1,1,substance,true,0,true
re0000000454,k1,k1,1,substance,true,0,true
re0000000455,k1,k1,1,substance,true,0.012,true
re0000000456,k1,k1,1,substance,true,12,true
re0000000457,k1,k1,1,substance,true,0.082,true
re0000000458,k1,k1,1,substance,true,0.26,true
re0000000459,k1,k1,1,substance,true,1160,true
re0000000460,k1,k1,1,substance,true,0.8,true
re0000000461,k1,k1,1,substance,true,0.0068,true
re0000000462,k1,k1,1,substance,true,0.18,true
re0000000463,k1,k1,1,substance,true,280,true
re0000000464,k1,k1,1,substance,true,12,true
re0000000465,k1,k1,1,substance,true,280,true
re0000000466,k1,k1,1,substance,true,1.5,true
re0000000467,k1,k1,1,substance,true,5,true
re0000000468,k1,k1,1,substance,true,1.5,true
re0000000469,k1,k1,1,substance,true,36,true
re0000000470,k1,k1,1,substance,true,0.7,true
re0000000471,k1,k1,1,substance,true,280,true
re0000000472,k1,k1,1,substance,true,12,true
re0000000473,k1,k1,1,substance,true,5,true
re0000000474,k1,k1,1,substance,true,1.5,true
re0000000475,k1,k1,1,substance,true,280,true
re0000000476,k1,k1,1,substance,true,1.5,true
re0000000477,k1,k1,1,substance,true,280,true
re0000000478,k1,k1,1,substance,true,12,true
re0000000479,k1,k1,1,substance,true,5,true
re0000000480,k1,k1,1,substance,true,1.5,true
re0000000481,k1,k1,1,substance,true,36,true
re0000000482,k1,k1,1,substance,true,0.7,true
re0000000483,k1,k1,1,substance,true,36,true
re0000000484,k1,k1,1,substance,true,0.7,true
re0000000485,k1,k1,1,substance,true,34,true
re0000000486,k1,k1,1,substance,true,35,true
re0000000487,k1,k1,1,substance,true,0.012,true
re0000000488,k1,k1,1,substance,true,12,true
re0000000489,k1,k1,1,substance,true,0.082,true
re0000000490,k1,k1,1,substance,true,0.26,true
re0000000491,k1,k1,1,substance,true,1100,true
re0000000492,k1,k1,1,substance,true,0.08,true
re0000000493,k1,k1,1,substance,true,0.0068,true
re0000000494,k1,k1,1,substance,true,0.18,true
re0000000495,k1,k1,1,substance,true,220,true
re0000000496,k1,k1,1,substance,true,1,false
re0000000497,k1,k1,1,substance,true,220,true
re0000000498,k1,k1,1,substance,true,1,false
re0000000499,k1,k1,1,substance,true,5,true
re0000000500,k1,k1,1,substance,true,1.5,true
re0000000501,k1,k1,1,substance,true,20,true
re0000000502,k1,k1,1,substance,true,0.7,true
re0000000503,k1,k1,1,substance,true,20,true
re0000000504,k1,k1,1,substance,true,0.7,true
re0000000505,k1,k1,1,substance,true,20,true
re0000000506,k1,k1,1,substance,true,0.7,true
re0000000507,k1,k1,1,substance,true,20,true
re0000000508,k1,k1,1,substance,true,0.7,true
re0000000509,k1,k1,1,substance,true,12,true
re0000000510,k1,k1,1,substance,true,0.02,true
re0000000511,k1,k1,1,substance,true,12,true
re0000000512,k1,k1,1,substance,true,0.02,true
re0000000513,k1,k1,1,substance,true,36,true
re0000000514,k1,k1,1,substance,true,0.7,true
re0000000515,k1,k1,1,substance,true,220,true
re0000000516,k1,k1,1,substance,true,1,false
re0000000517,k1,k1,1,substance,true,5,true
re0000000518,k1,k1,1,substance,true,1.5,true
re0000000519,k1,k1,1,substance,true,220,true
re0000000520,k1,k1,1,substance,true,1,false
re0000000521,k1,k1,1,substance,true,320,true
re0000000522,k1,k1,1,substance,true,0.015,true
re0000000523,k1,k1,1,substance,true,5,true
re0000000524,k1,k1,1,substance,true,1.5,true
re0000000525,k1,k1,1,substance,true,36,true
re0000000526,k1,k1,1,substance,true,0.7,true
re0000000527,k1,k1,1,substance,true,36,true
re0000000528,k1,k1,1,substance,true,0.006,true
re0000000529,k1,k1,1,substance,true,34,true
re0000000530,k1,k1,1,substance,true,35,true
re0000000531,k1,k1,1,substance,true,20,true
re0000000532,k1,k1,1,substance,true,0.7,true
re0000000533,k1,k1,1,substance,true,20,true
re0000000534,k1,k1,1,substance,true,0.7,true
re0000000535,k1,k1,1,substance,true,12,true
re0000000536,k1,k1,1,substance,true,0.02,true
re0000000537,k1,k1,1,substance,true,16,true
re0000000538,k1,k1,1,substance,true,0.0025,true
re0000000539,k1,k1,1,substance,true,16,true
re0000000540,k1,k1,1,substance,true,0.0025,true
re0000000541,k1,k1,1,substance,true,0,true
re0000000542,k1,k1,1,substance,true,0,true
re0000000543,k1,k1,1,substance,true,0,true
re0000000544,k1,k1,1,substance,true,0,true
re0000000545,k1,k1,1,substance,true,0,true
re0000000546,k1,k1,1,substance,true,0,true
re0000000547,k1,k1,1,substance,true,0,true
re0000000548,k1,k1,1,substance,true,0,true
re0000000549,k1,k1,1,substance,true,0,true
re0000000550,k1,k1,1,substance,true,0,true
re0000000551,k1,k1,1,substance,true,0,true
re0000000552,k1,k1,1,substance,true,0,true
re0000000553,k1,k1,1,substance,true,0,true
re0000000554,k1,k1,1,substance,true,0,true
re0000000555,k1,k1,1,substance,true,0,true
re0000000556,k1,k1,1,substance,true,0,true
re0000000557,k1,k1,1,substance,true,0,true
re0000000558,k1,k1,1,substance,true,0,true
re0000000559,k1,k1,1,substance,true,0,true
re0000000560,k1,k1,1,substance,true,0,true
re0000000561,k1,k1,1,substance,true,0,true
re0000000562,k1,k1,1,substance,true,0,true
re0000000563,k1,k1,1,substance,true,0,true
re0000000564,k1,k1,1,substance,true,0,true
re0000000565,k1,k1,1,substance,true,0,true
re0000000566,k1,k1,1,substance,true,0,true
re0000000567,k1,k1,1,substance,true,0,true
re0000000568,k1,k1,1,substance,true,0,true
re0000000569,k1,k1,1,substance,true,0,true
re0000000570,k1,k1,1,substance,true,0,true
re0000000571,k1,k1,1,substance,true,0,true
re0000000572,k1,k1,1,substance,true,0,true
re0000000573,k1,k1,1,substance,true,0,true
re0000000574,k1,k1,1,substance,true,0,true
re0000000575,k1,k1,1,substance,true,0,true
re0000000576,k1,k1,1,substance,true,0,true
re0000000577,k1,k1,1,substance,true,0,true
re0000000578,k1,k1,1,substance,true,0,true
re0000000579,k1,k1,1,substance,true,0,true
re0000000580,k1,k1,1,substance,true,0,true
re0000000581,k1,k1,1,substance,true,0,true
re0000000582,k1,k1,1,substance,true,0,true
re0000000583,k1,k1,1,substance,true,0,true
re0000000584,k1,k1,1,substance,true,0,true
re0000000585,k1,k1,1,substance,true,0,true
re0000000586,k1,k1,1,substance,true,0,true
re0000000587,k1,k1,1,substance,true,0,true
re0000000588,k1,k1,1,substance,true,0,true
re0000000589,k1,k1,1,substance,true,0,true
re0000000590,k1,k1,1,substance,true,0,true
re0000000591,k1,k1,1,substance,true,0,true
re0000000592,k1,k1,1,substance,true,0,true
re0000000593,k1,k1,1,substance,true,0,true
re0000000594,k1,k1,1,substance,true,0,true
re0000000595,k1,k1,1,substance,true,0,true
re0000000596,k1,k1,1,substance,true,0,true
re0000000597,k1,k1,1,substance,true,0,true
re0000000598,k1,k1,1,substance,true,0,true
re0000000599,k1,k1,1,substance,true,0,true
re0000000600,k1,k1,1,substance,true,0,true
re0000000601,k1,k1,1,substance,true,0,true
re0000000602,k1,k1,1,substance,true,0,true
re0000000603,k1,k1,1,substance,true,0,true
re0000000604,k1,k1,1,substance,true,0,true
re0000000605,k1,k1,1,substance,true,0,true
re0000000606,k1,k1,1,substance,true,0,true
re0000000607,k1,k1,1,substance,true,0,true
re0000000608,k1,k1,1,substance,true,0,true
re0000000609,k1,k1,1,substance,true,280,true
re0000000610,k1,k1,1,substance,true,12,true
re0000000611,k1,k1,1,substance,true,280,true
re0000000612,k1,k1,1,substance,true,1.5,true
re0000000613,k1,k1,1,substance,true,5,true
re0000000614,k1,k1,1,substance,true,1.5,true
re0000000615,k1,k1,1,substance,true,1160,true
re0000000616,k1,k1,1,substance,true,0.8,true
re0000000617,k1,k1,1,substance,true,1160,true
re0000000618,k1,k1,1,substance,true,0.8,true
re0000000619,k1,k1,1,substance,true,36,true
re0000000620,k1,k1,1,substance,true,0.7,true
re0000000621,k1,k1,1,substance,true,5,true
re0000000622,k1,k1,1,substance,true,1.5,true
re0000000623,k1,k1,1,substance,true,280,true
re0000000624,k1,k1,1,substance,true,1.5,true
re0000000625,k1,k1,1,substance,true,280,true
re0000000626,k1,k1,1,substance,true,12,true
re0000000627,k1,k1,1,substance,true,280,true
re0000000628,k1,k1,1,substance,true,12,true
re0000000629,k1,k1,1,substance,true,5,true
re0000000630,k1,k1,1,substance,true,1.5,true
re0000000631,k1,k1,1,substance,true,36,true
re0000000632,k1,k1,1,substance,true,0.7,true
re0000000633,k1,k1,1,substance,true,36,true
re0000000634,k1,k1,1,substance,true,0.7,true
re0000000635,k1,k1,1,substance,true,1160,true
re0000000636,k1,k1,1,substance,true,0.8,true
re0000000637,k1,k1,1,substance,true,1160,true
re0000000638,k1,k1,1,substance,true,0.8,true
re0000000639,k1,k1,1,substance,true,1160,true
re0000000640,k1,k1,1,substance,true,0.8,true
re0000000641,k1,k1,1,substance,true,1160,true
re0000000642,k1,k1,1,substance,true,0.8,true
re0000000643,k1,k1,1,substance,true,220,true
re0000000644,k1,k1,1,substance,true,1,false
re0000000645,k1,k1,1,substance,true,220,true
re0000000646,k1,k1,1,substance,true,1,false
re0000000647,k1,k1,1,substance,true,5,true
re0000000648,k1,k1,1,substance,true,1.5,true
re0000000649,k1,k1,1,substance,true,20,true
re0000000650,k1,k1,1,substance,true,0.7,true
re0000000651,k1,k1,1,substance,true,20,true
re0000000652,k1,k1,1,substance,true,0.7,true
re0000000653,k1,k1,1,substance,true,1100,true
re0000000654,k1,k1,1,substance,true,0.08,true
re0000000655,k1,k1,1,substance,true,1100,true
re0000000656,k1,k1,1,substance,true,0.08,true
re0000000657,k1,k1,1,substance,true,220,true
re0000000658,k1,k1,1,substance,true,1,false
re0000000659,k1,k1,1,substance,true,5,true
re0000000660,k1,k1,1,substance,true,1.5,true
re0000000661,k1,k1,1,substance,true,5,true
re0000000662,k1,k1,1,substance,true,1.5,true
re0000000663,k1,k1,1,substance,true,220,true
re0000000664,k1,k1,1,substance,true,1,false
re0000000665,k1,k1,1,substance,true,220,true
re0000000666,k1,k1,1,substance,true,1,false
re0000000667,k1,k1,1,substance,true,1100,true
re0000000668,k1,k1,1,substance,true,0.08,true
re0000000669,k1,k1,1,substance,true,1100,true
re0000000670,k1,k1,1,substance,true,0.08,true
re0000000671,k1,k1,1,substance,true,1100,true
re0000000672,k1,k1,1,substance,true,0.08,true
re0000000673,k1,k1,1,substance,true,1100,true
re0000000674,k1,k1,1,substance,true,0.08,true
re0000000675,k1,k1,1,substance,true,36,true
re0000000676,k1,k1,1,substance,true,0.7,true
re0000000677,k1,k1,1,substance,true,20,true
re0000000678,k1,k1,1,substance,true,0.7,true
re0000000679,k1,k1,1,substance,true,20,true
re0000000680,k1,k1,1,substance,true,0.7,true
re0000000681,k1,k1,1,substance,true,36,true
re0000000682,k1,k1,1,substance,true,0.7,true
re0000000683,k1,k1,1,substance,true,20,true
re0000000684,k1,k1,1,substance,true,0.7,true
re0000000685,k1,k1,1,substance,true,20,true
re0000000686,k1,k1,1,substance,true,0.7,true
re0000000687,k1,k1,1,substance,true,36,true
re0000000688,k1,k1,1,substance,true,0.7,true
re0000000689,k1,k1,1,substance,true,0,true
re0000000690,k1,k1,1,substance,true,0,true
re0000000691,k1,k1,1,substance,true,0,true
re0000000692,k1,k1,1,substance,true,0,true
re0000000693,k1,k1,1,substance,true,0,true
re0000000694,k1,k1,1,substance,true,0,true
re0000000695,k1,k1,1,substance,true,0,true
re0000000696,k1,k1,1,substance,true,0,true
re0000000697,k1,k1,1,substance,true,0,true
re0000000698,k1,k1,1,substance,true,0,true
re0000000699,k1,k1,1,substance,true,0,true
re0000000700,k1,k1,1,substance,true,0,true
re0000000701,k1,k1,1,substance,true,0,true
re0000000702,k1,k1,1,substance,true,0,true
re0000000703,k1,k1,1,substance,true,0,true
re0000000704,k1,k1,1,substance,true,0,true
re0000000705,k1,k1,1,substance,true,0,true
re0000000706,k1,k1,1,substance,true,0,true
re0000000707,k1,k1,1,substance,true,0,true
re0000000708,k1,k1,1,substance,true,0,true
re0000000709,k1,k1,1,substance,true,0,true
re0000000710,k1,k1,1,substance,true,0,true
re0000000711,k1,k1,1,substance,true,0,true
re0000000712,k1,k1,1,substance,true,0,true
re0000000713,k1,k1,1,substance,true,0,true
re0000000714,k1,k1,1,substance,true,0,true
re0000000715,k1,k1,1,substance,true,2.3,true
re0000000716,k1,k1,1,substance,true,2.1,true
re0000000717,k1,k1,1,substance,true,2.3,true
re0000000718,k1,k1,1,substance,true,2.1,true
re0000000719,k1,k1,1,substance,true,16,true
re0000000720,k1,k1,1,substance,true,0.0025,true
re0000000721,k1,k1,1,substance,true,12,true
re0000000722,k1,k1,1,substance,true,12,true
re0000000723,k1,k1,1,substance,true,16,true
re0000000724,k1,k1,1,substance,true,0.0025,true
re0000000725,k1,k1,1,substance,true,4,true
re0000000726,k1,k1,1,substance,true,4,true
re0000000727,k1,k1,1,substance,true,0,true
re0000000728,k1,k1,1,substance,true,0,true
re0000000729,k1,k1,1,substance,true,0,true
re0000000730,k1,k1,1,substance,true,0,true
re0000000731,k1,k1,1,substance,true,0,true
re0000000732,k1,k1,1,substance,true,0,true
re0000000733,k1,k1,1,substance,true,0,true
re0000000734,k1,k1,1,substance,true,0,true
re0000000735,k1,k1,1,substance,true,0,true
re0000000736,k1,k1,1,substance,true,0,true
re0000000737,k1,k1,1,substance,true,0,true
re0000000738,k1,k1,1,substance,true,0,true
re0000000739,k1,k1,1,substance,true,0,true
re0000000740,k1,k1,1,substance,true,0,true
re0000000741,k1,k1,1,substance,true,0,true
re0000000742,k1,k1,1,substance,true,0,true
re0000000743,k1,k1,1,substance,true,0,true
re0000000744,k1,k1,1,substance,true,0,true
re0000000745,k1,k1,1,substance,true,0,true
re0000000746,k1,k1,1,substance,true,0,true
re0000000747,k1,k1,1,substance,true,1000,true
re0000000748,k1,k1,1,substance,true,0,true
re0000000749,k1,k1,1,substance,true,4,true
re0000000750,k1,k1,1,substance,true,200,true
re0000000751,k1,k1,1,substance,true,200,true
re0000000752,k1,k1,1,substance,true,200,true
re0000000753,k1,k1,1,substance,true,1000,true
re0000000754,k1,k1,1,substance,true,0,true
re0000000755,k1,k1,1,substance,true,1000,true
re0000000756,k1,k1,1,substance,true,0,true
re0000000757,k1,k1,1,substance,true,1000,true
re0000000758,k1,k1,1,substance,true,0,true
re0000000759,k1,k1,1,substance,true,4,true
re0000000760,k1,k1,1,substance,true,200,true
re0000000761,k1,k1,1,substance,true,1000,true
re0000000762,k1,k1,1,substance,true,0,true
re0000000763,k1,k1,1,substance,true,1000,true
re0000000764,k1,k1,1,substance,true,0,true
re0000000765,k1,k1,1,substance,true,1000,true
re0000000766,k1,k1,1,substance,true,0,true
re0000000767,k1,k1,1,substance,true,0,true
re0000000768,k1,k1,1,substance,true,0,true
re0000000769,k1,k1,1,substance,true,0,true
re0000000770,k1,k1,1,substance,true,0,true
re0000000771,k1,k1,1,substance,true,0,true
re0000000772,k1,k1,1,substance,true,0,true
re0000000773,k1,k1,1,substance,true,0,true
re0000000774,k1,k1,1,substance,true,0,true
re0000000775,k1,k1,1,substance,true,0,true
re0000000776,k1,k1,1,substance,true,0,true
re0000000777,k1,k1,1,substance,true,0,true
re0000000778,k1,k1,1,substance,true,0,true
re0000000779,k1,k1,1,substance,true,0,true
re0000000780,k1,k1,1,substance,true,0,true
re0000000781,k1,k1,1,substance,true,0,true
re0000000782,k1,k1,1,substance,true,0,true
re0000000783,k1,k1,1,substance,true,0,true
re0000000784,k1,k1,1,substance,true,0,true
re0000000785,k1,k1,1,substance,true,0,true
re0000000786,k1,k1,1,substance,true,0,true
re0000000787,k1,k1,1,substance,true,0,true
re0000000788,k1,k1,1,substance,true,0,true
re0000000789,k1,k1,1,substance,true,0,true
re0000000790,k1,k1,1,substance,true,0,true
re0000000791,k1,k1,1,substance,true,0,true
re0000000792,k1,k1,1,substance,true,0,true
re0000000793,k1,k1,1,substance,true,0,true
re0000000794,k1,k1,1,substance,true,0,true
re0000000795,k1,k1,1,substance,true,0,true
re0000000796,k1,k1,1,substance,true,60,true
re0000000797,k1,k1,1,substance,true,0.0028,true
re0000000798,k1,k1,1,substance,true,0.5,true
re0000000799,k1,k1,1,substance,true,0.0028,true
re0000000800,k1,k1,1,substance,true,60,true
re0000000801,k1,k1,1,substance,true,0,true
re0000000802,k1,k1,1,substance,true,0,true
re0000000803,k1,k1,1,substance,true,0,true
re0000000804,k1,k1,1,substance,true,0,true
re0000000805,k1,k1,1,substance,true,0,true
re0000000806,k1,k1,1,substance,true,0,true
re0000000807,k1,k1,1,substance,true,0,true
re0000000808,k1,k1,1,substance,true,0,true
re0000000809,k1,k1,1,substance,true,0,true
re0000000810,k1,k1,1,substance,true,0,true
re0000000811,k1,k1,1,substance,true,23,true
re0000000812,k1,k1,1,substance,true,0.016,true
re0000000813,k1,k1,1,substance,true,1.5,true
re0000000814,k1,k1,1,substance,true,0.016,true
re0000000815,k1,k1,1,substance,true,23,true
re0000000816,k1,k1,1,substance,true,0,true
re0000000817,k1,k1,1,substance,true,0,true
re0000000818,k1,k1,1,substance,true,0,true
re0000000819,k1,k1,1,substance,true,0,true
re0000000820,k1,k1,1,substance,true,0,true
re0000000821,k1,k1,1,substance,true,0,true
re0000000822,k1,k1,1,substance,true,0,true
re0000000823,k1,k1,1,substance,true,0,true
re0000000824,k1,k1,1,substance,true,0,true
re0000000825,k1,k1,1,substance,true,0.032,true
re0000000826,k1,k1,1,substance,true,5.82,true
re0000000827,k1,k1,1,substance,true,10,true
re0000000828,k1,k1,1,substance,true,25,true
re0000000829,k1,k1,1,substance,true,30,true
re0000000830,k1,k1,1,substance,true,25,true
re0000000831,k1,k1,1,substance,true,30,true
re0000000832,k1,k1,1,substance,true,25,true
re0000000833,k1,k1,1,substance,true,30,true
re0000000834,k1,k1,1,substance,true,25,true
re0000000835,k1,k1,1,substance,true,0,true
re0000000836,k1,k1,1,substance,true,0,true
re0000000837,k1,k1,1,substance,true,0,true
re0000000838,k1,k1,1,substance,true,0.3,true
re0000000839,k1,k1,1,substance,true,60,true
re0000000840,k1,k1,1,substance,true,31,true
re0000000841,k1,k1,1,substance,true,5,true
re0000000842,k1,k1,1,substance,true,5,true
re0000000843,k1,k1,1,substance,true,10.5,true
re0000000844,k1,k1,1,substance,true,5.82,true
re0000000845,k1,k1,1,substance,true,10,true
re0000000846,k1,k1,1,substance,true,25,true
re0000000847,k1,k1,1,substance,true,1000,true
re0000000848,k1,k1,1,substance,true,0,true
re0000000849,k1,k1,1,substance,true,0,true
re0000000850,k1,k1,1,substance,true,0,true
re0000000851,k1,k1,1,substance,true,0,true
re0000000852,k1,k1,1,substance,true,0,true
re0000000853,k1,k1,1,substance,true,0,true
re0000000854,k1,k1,1,substance,true,0,true
re0000000855,k1,k1,1,substance,true,0,true
re0000000856,k1,k1,1,substance,true,0,true
re0000000857,k1,k1,1,substance,true,0,true
re0000000858,k1,k1,1,substance,true,0,true
re0000000859,k1,k1,1,substance,true,0,true
re0000000860,k1,k1,1,substance,true,0,true
re0000000861,k1,k1,1,substance,true,0,true
re0000000862,k1,k1,1,substance,true,0,true
re0000000863,k1,k1,1,substance,true,0,true
re0000000864,k1,k1,1,substance,true,0,true
re0000000865,k1,k1,1,substance,true,0,true
re0000000866,k1,k1,1,substance,true,0,true
re0000000867,k1,k1,1,substance,true,0,true
re0000000868,k1,k1,1,substance,true,0,true
re0000000869,k1,k1,1,substance,true,0,true
re0000000870,k1,k1,1,substance,true,30,true
re0000000871,k1,k1,1,substance,true,25,true
re0000000872,k1,k1,1,substance,true,30,true
re0000000873,k1,k1,1,substance,true,25,true
re0000000874,k1,k1,1,substance,true,30,true
re0000000875,k1,k1,1,substance,true,25,true
re0000000876,k1,k1,1,substance,true,0,true
re0000000877,k1,k1,1,substance,true,0,true
re0000000878,k1,k1,1,substance,true,0,true
re0000000879,k1,k1,1,substance,true,0.77,true
re0000000880,k1,k1,1,substance,true,23,true
re0000000881,k1,k1,1,substance,true,10.5,true
re0000000882,k1,k1,1,substance,true,5.82,true
re0000000883,k1,k1,1,substance,true,10,true
re0000000884,k1,k1,1,substance,true,25,true
re0000000885,k1,k1,1,substance,true,0,true
re0000000886,k1,k1,1,substance,true,0,true
re0000000887,k1,k1,1,substance,true,0,true
re0000000888,k1,k1,1,substance,true,0,true
re0000000889,k1,k1,1,substance,true,0,true
re0000000890,k1,k1,1,substance,true,0,true
re0000000891,k1,k1,1,substance,true,0,true
re0000000892,k1,k1,1,substance,true,0,true
re0000000893,k1,k1,1,substance,true,0,true
re0000000894,k1,k1,1,substance,true,0,true
re0000000895,k1,k1,1,substance,true,31,true
re0000000896,k1,k1,1,substance,true,2.4,true
re0000000897,k1,k1,1,substance,true,0,true
re0000000898,k1,k1,1,substance,true,0,true
re0000000899,k1,k1,1,substance,true,0,true
re0000000900,k1,k1,1,substance,true,0.6,true
re0000000901,k1,k1,1,substance,true,3.1,true
re0000000902,k1,k1,1,substance,true,5,true
re0000000903,k1,k1,1,substance,true,0,true
re0000000904,k1,k1,1,substance,true,3.1,true
re0000000905,k1,k1,1,substance,true,0.6,true
re0000000906,k1,k1,1,substance,true,31,true
re0000000907,k1,k1,1,substance,true,2.4,true
re0000000908,k1,k1,1,substance,true,31,true
re0000000909,k1,k1,1,substance,true,5,true
re0000000910,k1,k1,1,substance,true,1000,true
re0000000911,k1,k1,1,substance,true,1000,true
re0000000912,k1,k1,1,substance,true,0,true
re0000000913,k1,k1,1,substance,true,1000,true
re0000000914,k1,k1,1,substance,true,1000,true
re0000000915,k1,k1,1,substance,true,1000,true
re0000000916,k1,k1,1,substance,true,1000,true
re0000000917,k1,k1,1,substance,true,1000,true
re0000000918,k1,k1,1,substance,true,1000,true
re0000000919,k1,k1,1,substance,true,1000,true
re0000000920,k1,k1,1,substance,true,1000,true
re0000000921,k1,k1,1,substance,true,1000,true
re0000000922,k1,k1,1,substance,true,1000,true
re0000000923,k1,k1,1,substance,true,1000,true
re0000000924,k1,k1,1,substance,true,0,true
re0000000925,k1,k1,1,substance,true,0,true
re0000000926,k1,k1,1,substance,true,0,true
re0000000927,k1,k1,1,substance,true,0,true
re0000000928,k1,k1,1,substance,true,0,true
re0000000929,k1,k1,1,substance,true,0,true
re0000000930,k1,k1,1,substance,true,0,true
re0000000931,k1,k1,1,substance,true,0,true
re0000000932,k1,k1,1,substance,true,0,true
re0000000933,k1,k1,1,substance,true,0,true
re0000000934,k1,k1,1,substance,true,0,true
re0000000935,k1,k1,1,substance,true,0,true
re0000000936,k1,k1,1,substance,true,0,true
re0000000937,k1,k1,1,substance,true,0,true
re0000000938,k1,k1,1,substance,true,0,true
re0000000939,k1,k1,1,substance,true,0,true
re0000000940,k1,k1,1,substance,true,0,true
re0000000941,k1,k1,1,substance,true,0,true
re0000000942,k1,k1,1,substance,true,0,true
re0000000943,k1,k1,1,substance,true,0,true
re0000000944,k1,k1,1,substance,true,0,true
re0000000945,k1,k1,1,substance,true,0,true
re0000000946,k1,k1,1,substance,true,0,true
re0000000947,k1,k1,1,substance,true,0,true
re0000000948,k1,k1,1,substance,true,0,true
re0000000949,k1,k1,1,substance,true,0,true
re0000000950,k1,k1,1,substance,true,0,true
re0000000951,k1,k1,1,substance,true,0,true
re0000000952,k1,k1,1,substance,true,0,true
re0000000953,k1,k1,1,substance,true,0,true
re0000000954,k1,k1,1,substance,true,0,true
re0000000955,k1,k1,1,substance,true,0,true
re0000000956,k1,k1,1,substance,true,0,true
re0000000957,k1,k1,1,substance,true,0,true
re0000000958,k1,k1,1,substance,true,0,true
re0000000959,k1,k1,1,substance,true,0,true
re0000000960,k1,k1,1,substance,true,0,true
re0000000961,k1,k1,1,substance,true,0,true
re0000000962,k1,k1,1,substance,true,0,true
re0000000963,k1,k1,1,substance,true,0,true
re0000000964,k1,k1,1,substance,true,0,true
re0000000965,k1,k1,1,substance,true,0,true
re0000000966,k1,k1,1,substance,true,0,true
re0000000967,k1,k1,1,substance,true,0,true
re0000000968,k1,k1,1,substance,true,0,true
