id,name,compartment,sbml_initial_concentration,sbml_initial_amount,boundary_condition,constant,has_annotations,author_export_initial_value
fMettRNAfMetCAU,fMettRNAfMetCAU,default,1,,false,false,false,0
tRNAfMetCAU,tRNAfMetCAU,default,1,,false,false,false,3.54767184
fMet,fMet,default,1,,false,false,false,0
elRS70SAGGU0002_fMettRNAfMetCAU,elRS70SAGGU0002_fMettRNAfMetCAU,default,1,,false,false,false,0
elRS70SAGGU0002_fMet,elRS70SAGGU0002_fMet,default,1,,false,false,false,0
RS50S,RS50S,default,1,,false,false,false,0
RS30S,RS30S,default,1,,false,false,false,0
mRNA,mRNA,default,1,,false,false,false,0.1
RS50S_degraded,RS50S_degraded,default,1,,false,false,false,0
RS30S_degraded,RS30S_degraded,default,1,,false,false,false,0
fMettRNAfMetCAU_degraded,fMettRNAfMetCAU_degraded,default,1,,false,false,false,0
tRNAfMetCAU_degraded,tRNAfMetCAU_degraded,default,1,,false,false,false,0
fMet_degraded,fMet_degraded,default,1,,false,false,false,0
mRNA_degraded,mRNA_degraded,default,1,,false,false,false,0
PO4,PO4,default,1,,false,false,false,0
EFTu_GTP_GlytRNAGlyGCC,EFTu_GTP_GlytRNAGlyGCC,default,1,,false,false,false,0
GlytRNAGlyGCC,GlytRNAGlyGCC,default,1,,false,false,false,0
EFG_GTP,EFG_GTP,default,1,,false,false,false,0
EFG_GDP,EFG_GDP,default,1,,false,false,false,0
elRS70SAGGU0003_Pept0002tRNAGlyGCC,elRS70SAGGU0003_Pept0002tRNAGlyGCC,default,1,,false,false,false,0
Pept0002tRNAGlyGCC,Pept0002tRNAGlyGCC,default,1,,false,false,false,0
EFTu,EFTu,default,1,,false,false,false,80
GTP,GTP,default,1,,false,false,false,2500
GDP,GDP,default,1,,false,false,false,0
EFTu_GDP,EFTu_GDP,default,1,,false,false,false,0
EFG,EFG,default,1,,false,false,false,4.3
EFTu_degraded,EFTu_degraded,default,1,,false,false,false,0
EFG_degraded,EFG_degraded,default,1,,false,false,false,0
GlytRNAGlyGCC_degraded,GlytRNAGlyGCC_degraded,default,1,,false,false,false,0
Pept0002tRNAGlyGCC_degraded,Pept0002tRNAGlyGCC_degraded,default,1,,false,false,false,0
elRS70SAGGU0002_fMet_EFTu_GTP_GlytRNAGlyGCC,elRS70SAGGU0002_fMet_EFTu_GTP_GlytRNAGlyGCC,default,1,,false,false,false,0
elRS70SAGGU0002_fMet_EFTu_GDP_PO4_GlytRNAGlyGCC,elRS70SAGGU0002_fMet_EFTu_GDP_PO4_GlytRNAGlyGCC,default,1,,false,false,false,0
elRS70SAGGU0002_fMet_EFTu_GDP_GlytRNAGlyGCC,elRS70SAGGU0002_fMet_EFTu_GDP_GlytRNAGlyGCC,default,1,,false,false,false,0
elRS70SAGGU0002_fMet_EFTu_GDP,elRS70SAGGU0002_fMet_EFTu_GDP,default,1,,false,false,false,0
elRS70SAGGU0002_fMet_GlytRNAGlyGCC,elRS70SAGGU0002_fMet_GlytRNAGlyGCC,default,1,,false,false,false,0
elRS70SBGGU0002_Pept0002tRNAGlyGCC,elRS70SBGGU0002_Pept0002tRNAGlyGCC,default,1,,false,false,false,0
elRS70SBGGU0002_Pept0002tRNAGlyGCC_EFG_GTP,elRS70SBGGU0002_Pept0002tRNAGlyGCC_EFG_GTP,default,1,,false,false,false,0
elRS70SBGGU0002_Pept0002tRNAGlyGCC_EFG_GDP_PO4,elRS70SBGGU0002_Pept0002tRNAGlyGCC_EFG_GDP_PO4,default,1,,false,false,false,0
elRS70SCGGU0003_Pept0002tRNAGlyGCC_EFG_GDP,elRS70SCGGU0003_Pept0002tRNAGlyGCC_EFG_GDP,default,1,,false,false,false,0
tRNAGlyGCC,tRNAGlyGCC,default,1,,false,false,false,3.54767184
Pept0002,Pept0002,default,1,,false,false,false,0
elRS70SAGGU0003_Pept0002,elRS70SAGGU0003_Pept0002,default,1,,false,false,false,0
tRNAGlyGCC_degraded,tRNAGlyGCC_degraded,default,1,,false,false,false,0
Pept0002_degraded,Pept0002_degraded,default,1,,false,false,false,0
elRS70SAUAA0004_Pept0003tRNAGlyGCC,elRS70SAUAA0004_Pept0003tRNAGlyGCC,default,1,,false,false,false,0
Pept0003tRNAGlyGCC,Pept0003tRNAGlyGCC,default,1,,false,false,false,0
Pept0003tRNAGlyGCC_degraded,Pept0003tRNAGlyGCC_degraded,default,1,,false,false,false,0
elRS70SAGGU0003_Pept0002_EFTu_GTP_GlytRNAGlyGCC,elRS70SAGGU0003_Pept0002_EFTu_GTP_GlytRNAGlyGCC,default,1,,false,false,false,0
elRS70SAGGU0003_Pept0002_EFTu_GDP_PO4_GlytRNAGlyGCC,elRS70SAGGU0003_Pept0002_EFTu_GDP_PO4_GlytRNAGlyGCC,default,1,,false,false,false,0
elRS70SAGGU0003_Pept0002_EFTu_GDP_GlytRNAGlyGCC,elRS70SAGGU0003_Pept0002_EFTu_GDP_GlytRNAGlyGCC,default,1,,false,false,false,0
elRS70SAGGU0003_Pept0002_EFTu_GDP,elRS70SAGGU0003_Pept0002_EFTu_GDP,default,1,,false,false,false,0
elRS70SAGGU0003_Pept0002_GlytRNAGlyGCC,elRS70SAGGU0003_Pept0002_GlytRNAGlyGCC,default,1,,false,false,false,0
elRS70SBGGU0003_Pept0003tRNAGlyGCC,elRS70SBGGU0003_Pept0003tRNAGlyGCC,default,1,,false,false,false,0
elRS70SBGGU0003_Pept0003tRNAGlyGCC_EFG_GTP,elRS70SBGGU0003_Pept0003tRNAGlyGCC_EFG_GTP,default,1,,false,false,false,0
elRS70SBGGU0003_Pept0003tRNAGlyGCC_EFG_GDP_PO4,elRS70SBGGU0003_Pept0003tRNAGlyGCC_EFG_GDP_PO4,default,1,,false,false,false,0
elRS70SCUAA0004_Pept0003tRNAGlyGCC_EFG_GDP,elRS70SCUAA0004_Pept0003tRNAGlyGCC_EFG_GDP,default,1,,false,false,false,0
AMP,AMP,default,1,,false,false,false,0
ATP,ATP,default,1,,false,false,false,3750
PPi,PPi,default,1,,false,false,false,0
Gly,Gly,default,1,,false,false,false,300
GlyRS,GlyRS,default,1,,false,false,false,0.35
GlyRS_Gly_ATP,GlyRS_Gly_ATP,default,1,,false,false,false,0
GlyRS_Gly,GlyRS_Gly,default,1,,false,false,false,0
GlyRS_ATP,GlyRS_ATP,default,1,,false,false,false,0
GlyAMP,GlyAMP,default,1,,false,false,false,0
GlyRS_GlyAMP_PPi,GlyRS_GlyAMP_PPi,default,1,,false,false,false,0
GlyRS_GlyAMP,GlyRS_GlyAMP,default,1,,false,false,false,0
GlyRS_degraded,GlyRS_degraded,default,1,,false,false,false,0
GlyRS_AMP,GlyRS_AMP,default,1,,false,false,false,0
Met,Met,default,1,,false,false,false,300
MetRS,MetRS,default,1,,false,false,false,0.44
MetRS_Met_ATP,MetRS_Met_ATP,default,1,,false,false,false,0
MetRS_Met,MetRS_Met,default,1,,false,false,false,0
MetRS_ATP,MetRS_ATP,default,1,,false,false,false,0
MetAMP,MetAMP,default,1,,false,false,false,0
MetRS_MetAMP_PPi,MetRS_MetAMP_PPi,default,1,,false,false,false,0
MetRS_MetAMP,MetRS_MetAMP,default,1,,false,false,false,0
MetRS_degraded,MetRS_degraded,default,1,,false,false,false,0
MetRS_AMP,MetRS_AMP,default,1,,false,false,false,0
GlyRS_GlytRNAGlyGCC,GlyRS_GlytRNAGlyGCC,default,1,,false,false,false,0
GlyRS_AMP_GlytRNAGlyGCC,GlyRS_AMP_GlytRNAGlyGCC,default,1,,false,false,false,0
GlyRS_GlyAMP_tRNAGlyGCC,GlyRS_GlyAMP_tRNAGlyGCC,default,1,,false,false,false,0
GlyRS_tRNAGlyGCC,GlyRS_tRNAGlyGCC,default,1,,false,false,false,0
GlyRS_Gly_tRNAGlyGCC,GlyRS_Gly_tRNAGlyGCC,default,1,,false,false,false,0
GlyRS_ATP_tRNAGlyGCC,GlyRS_ATP_tRNAGlyGCC,default,1,,false,false,false,0
GlyRS_Gly_ATP_tRNAGlyGCC,GlyRS_Gly_ATP_tRNAGlyGCC,default,1,,false,false,false,0
GlyRS_GlyAMP_PPi_tRNAGlyGCC,GlyRS_GlyAMP_PPi_tRNAGlyGCC,default,1,,false,false,false,0
MetRS_MettRNAfMetCAU,MetRS_MettRNAfMetCAU,default,1,,false,false,false,0
MetRS_AMP_MettRNAfMetCAU,MetRS_AMP_MettRNAfMetCAU,default,1,,false,false,false,0
MettRNAfMetCAU,MettRNAfMetCAU,default,1,,false,false,false,0
MetRS_MetAMP_tRNAfMetCAU,MetRS_MetAMP_tRNAfMetCAU,default,1,,false,false,false,0
MetRS_tRNAfMetCAU,MetRS_tRNAfMetCAU,default,1,,false,false,false,0
MetRS_Met_tRNAfMetCAU,MetRS_Met_tRNAfMetCAU,default,1,,false,false,false,0
MetRS_ATP_tRNAfMetCAU,MetRS_ATP_tRNAfMetCAU,default,1,,false,false,false,0
MetRS_Met_ATP_tRNAfMetCAU,MetRS_Met_ATP_tRNAfMetCAU,default,1,,false,false,false,0
MetRS_MetAMP_PPi_tRNAfMetCAU,MetRS_MetAMP_PPi_tRNAfMetCAU,default,1,,false,false,false,0
MettRNAfMetCAU_degraded,MettRNAfMetCAU_degraded,default,1,,false,false,false,0
EFTs,EFTs,default,1,,false,false,false,13
EFTs_degraded,EFTs_degraded,default,1,,false,false,false,0
EFTu_EFTs,EFTu_EFTs,default,1,,false,false,false,0
EFTu_GDP_EFTs,EFTu_GDP_EFTs,default,1,,false,false,false,0
EFTu_GTP,EFTu_GTP,default,1,,false,false,false,0
EFTu_GTP_EFTs,EFTu_GTP_EFTs,default,1,,false,false,false,0
EFTu_GTP_MettRNAfMetCAU,EFTu_GTP_MettRNAfMetCAU,default,1,,false,false,false,0
RS70S_EFG_GDP,RS70S_EFG_GDP,default,1,,false,false,false,0
RS50S_EFG_GDP,RS50S_EFG_GDP,default,1,,false,false,false,0
RS70S_EFG_GTP,RS70S_EFG_GTP,default,1,,false,false,false,0
RS50S_EFG_GTP,RS50S_EFG_GTP,default,1,,false,false,false,0
RS70S,RS70S,default,1,,false,false,false,3
RS70S_EFG_GDP_PO4,RS70S_EFG_GDP_PO4,default,1,,false,false,false,0
RS50S_EFG_GDP_PO4,RS50S_EFG_GDP_PO4,default,1,,false,false,false,0
CK_ADP,CK_ADP,default,1,,false,false,false,0
CK_ATP,CK_ATP,default,1,,false,false,false,0
CK_CP,CK_CP,default,1,,false,false,false,0
CK_CP_ADP,CK_CP_ADP,default,1,,false,false,false,0
CK_Cr,CK_Cr,default,1,,false,false,false,0
CK_Cr_ATP,CK_Cr_ATP,default,1,,false,false,false,0
CK_degraded,CK_degraded,default,1,,false,false,false,0
CK,CK,default,1,,false,false,false,30
ADP,ADP,default,1,,false,false,false,0
CP,CP,default,1,,false,false,false,50000
Cr,Cr,default,1,,false,false,false,0
NDK,NDK,default,1,,false,false,false,1.8
NDK_degraded,NDK_degraded,default,1,,false,false,false,0
NDK_GDP,NDK_GDP,default,1,,false,false,false,0
NDK_ATP,NDK_ATP,default,1,,false,false,false,0
NDK_GDP_ATP,NDK_GDP_ATP,default,1,,false,false,false,0
NDK_GTP_ADP,NDK_GTP_ADP,default,1,,false,false,false,0
NDK_ADP,NDK_ADP,default,1,,false,false,false,0
NDK_GTP,NDK_GTP,default,1,,false,false,false,0
MK,MK,default,1,,false,false,false,5.6
MK_degraded,MK_degraded,default,1,,false,false,false,0
MK_AMP,MK_AMP,default,1,,false,false,false,0
MK_ATP,MK_ATP,default,1,,false,false,false,0
MK_ATP_AMP,MK_ATP_AMP,default,1,,false,false,false,0
MK_ADP_1,MK_ADP_1,default,1,,false,false,false,0
MK_ADP_2,MK_ADP_2,default,1,,false,false,false,0
MK_ADP_ADP,MK_ADP_ADP,default,1,,false,false,false,0
PPiase,PPiase,default,1,,false,false,false,0.16
PPiase_PPi,PPiase_PPi,default,1,,false,false,false,0
PPiase_degraded,PPiase_degraded,default,1,,false,false,false,0
PPiase_PO4,PPiase_PO4,default,1,,false,false,false,0
PPiase_PO4_PO4,PPiase_PO4_PO4,default,1,,false,false,false,0
FD,FD,default,1,,false,false,false,126.8498943
MTF,MTF,default,1,,false,false,false,2.4
THF,THF,default,1,,false,false,false,0
MTF_FD,MTF_FD,default,1,,false,false,false,0
MTF_MettRNAfMetCAU,MTF_MettRNAfMetCAU,default,1,,false,false,false,0
MTF_FD_MettRNAfMetCAU,MTF_FD_MettRNAfMetCAU,default,1,,false,false,false,0
MTF_THF_fMettRNAfMetCAU,MTF_THF_fMettRNAfMetCAU,default,1,,false,false,false,0
MTF_THF,MTF_THF,default,1,,false,false,false,0
MTF_fMettRNAfMetCAU,MTF_fMettRNAfMetCAU,default,1,,false,false,false,0
MTF_degraded,MTF_degraded,default,1,,false,false,false,0
IF2_GTP,IF2_GTP,default,1,,false,false,false,0
IF2_GDP,IF2_GDP,default,1,,false,false,false,0
IF2_GTP_fMettRNAfMetCAU,IF2_GTP_fMettRNAfMetCAU,default,1,,false,false,false,0
IF2_degraded,IF2_degraded,default,1,,false,false,false,0
IF2,IF2,default,1,,false,false,false,4.1
RS30S_IF1,RS30S_IF1,default,1,,false,false,false,0
RS30S_IF1_IF3,RS30S_IF1_IF3,default,1,,false,false,false,0
RS30S_IF1_IF3_IF2_GTP,RS30S_IF1_IF3_IF2_GTP,default,1,,false,false,false,0
RS30S_IF1_IF3_IF2_GTP_fMettRNAfMetCAU,RS30S_IF1_IF3_IF2_GTP_fMettRNAfMetCAU,default,1,,false,false,false,0
RS30S_IF1_IF3_IF2_GTP_fMettRNAfMetCAU_mRNA,RS30S_IF1_IF3_IF2_GTP_fMettRNAfMetCAU_mRNA,default,1,,false,false,false,0
RS30S_IF1_IF3_IF2_GTP_mRNA,RS30S_IF1_IF3_IF2_GTP_mRNA,default,1,,false,false,false,0
RS30S_IF1_IF3_fMettRNAfMetCAU_mRNA,RS30S_IF1_IF3_fMettRNAfMetCAU_mRNA,default,1,,false,false,false,0
RS30S_IF1_IF3_mRNA,RS30S_IF1_IF3_mRNA,default,1,,false,false,false,0
RS30S_IF3,RS30S_IF3,default,1,,false,false,false,0
RS30S_IF3_IF2_GTP,RS30S_IF3_IF2_GTP,default,1,,false,false,false,0
RS30S_IF3_IF2_GTP_fMettRNAfMetCAU,RS30S_IF3_IF2_GTP_fMettRNAfMetCAU,default,1,,false,false,false,0
RS30S_IF3_IF2_GTP_fMettRNAfMetCAU_mRNA,RS30S_IF3_IF2_GTP_fMettRNAfMetCAU_mRNA,default,1,,false,false,false,0
RS30S_IF3_IF2_GTP_mRNA,RS30S_IF3_IF2_GTP_mRNA,default,1,,false,false,false,0
RS30S_IF3_fMettRNAfMetCAU_mRNA,RS30S_IF3_fMettRNAfMetCAU_mRNA,default,1,,false,false,false,0
RS30S_IF3_mRNA,RS30S_IF3_mRNA,default,1,,false,false,false,0
RS70S_IF1,RS70S_IF1,default,1,,false,false,false,0
RS70S_IF1_IF3,RS70S_IF1_IF3,default,1,,false,false,false,0
RS70S_IF1_IF3_IF2_GTP_fMettRNAfMetCAU_mRNA,RS70S_IF1_IF3_IF2_GTP_fMettRNAfMetCAU_mRNA,default,1,,false,false,false,0
RS70S_IF3,RS70S_IF3,default,1,,false,false,false,0
RS70S_IF3_IF2_GTP_fMettRNAfMetCAU_mRNA,RS70S_IF3_IF2_GTP_fMettRNAfMetCAU_mRNA,default,1,,false,false,false,0
IF1_degraded,IF1_degraded,default,1,,false,false,false,0
IF3_degraded,IF3_degraded,default,1,,false,false,false,0
IF1,IF1,default,1,,false,false,false,99
IF3,IF3,default,1,,false,false,false,4.9
RS30S_IF2_GTP,RS30S_IF2_GTP,default,1,,false,false,false,0
RS30S_IF2_GTP_fMettRNAfMetCAU,RS30S_IF2_GTP_fMettRNAfMetCAU,default,1,,false,false,false,0
RS30S_mRNA,RS30S_mRNA,default,1,,false,false,false,0
RS30S_fMettRNAfMetCAU_mRNA,RS30S_fMettRNAfMetCAU_mRNA,default,1,,false,false,false,0
RS30S_IF2_GTP_mRNA,RS30S_IF2_GTP_mRNA,default,1,,false,false,false,0
RS30S_IF2_GTP_fMettRNAfMetCAU_mRNA,RS30S_IF2_GTP_fMettRNAfMetCAU_mRNA,default,1,,false,false,false,0
RS30S_IF1_IF2_GTP,RS30S_IF1_IF2_GTP,default,1,,false,false,false,0
RS30S_IF1_IF2_GTP_fMettRNAfMetCAU,RS30S_IF1_IF2_GTP_fMettRNAfMetCAU,default,1,,false,false,false,0
RS30S_IF1_mRNA,RS30S_IF1_mRNA,default,1,,false,false,false,0
RS30S_IF1_fMettRNAfMetCAU_mRNA,RS30S_IF1_fMettRNAfMetCAU_mRNA,default,1,,false,false,false,0
RS30S_IF1_IF2_GTP_mRNA,RS30S_IF1_IF2_GTP_mRNA,default,1,,false,false,false,0
RS30S_IF1_IF2_GTP_fMettRNAfMetCAU_mRNA,RS30S_IF1_IF2_GTP_fMettRNAfMetCAU_mRNA,default,1,,false,false,false,0
RS70S_IF1_IF2_GDP_fMettRNAfMetCAU_mRNA,RS70S_IF1_IF2_GDP_fMettRNAfMetCAU_mRNA,default,1,,false,false,false,0
RS70S_IF1_IF3_IF2_GDP_PO4_fMettRNAfMetCAU_mRNA,RS70S_IF1_IF3_IF2_GDP_PO4_fMettRNAfMetCAU_mRNA,default,1,,false,false,false,0
RS70S_IF1_IF3_IF2_GDP_fMettRNAfMetCAU_mRNA,RS70S_IF1_IF3_IF2_GDP_fMettRNAfMetCAU_mRNA,default,1,,false,false,false,0
RS70S_IF1_IF3_fMettRNAfMetCAU_mRNA,RS70S_IF1_IF3_fMettRNAfMetCAU_mRNA,default,1,,false,false,false,0
RS70S_IF1_fMettRNAfMetCAU_mRNA,RS70S_IF1_fMettRNAfMetCAU_mRNA,default,1,,false,false,false,0
RS70S_IF2_GDP_fMettRNAfMetCAU_mRNA,RS70S_IF2_GDP_fMettRNAfMetCAU_mRNA,default,1,,false,false,false,0
RS70S_IF3_IF2_GDP_PO4_fMettRNAfMetCAU_mRNA,RS70S_IF3_IF2_GDP_PO4_fMettRNAfMetCAU_mRNA,default,1,,false,false,false,0
RS70S_IF3_IF2_GDP_fMettRNAfMetCAU_mRNA,RS70S_IF3_IF2_GDP_fMettRNAfMetCAU_mRNA,default,1,,false,false,false,0
RS70S_IF3_fMettRNAfMetCAU_mRNA,RS70S_IF3_fMettRNAfMetCAU_mRNA,default,1,,false,false,false,0
GMP,GMP,default,1,,false,false,false,0
RF1,RF1,default,1,,false,false,false,0.2
Pept0003,Pept0003,default,1,,false,false,false,0
RF1_degraded,RF1_degraded,default,1,,false,false,false,0
termRS70SUAA0004_tRNAGlyGCC,termRS70SUAA0004_tRNAGlyGCC,default,1,,false,false,false,0
elRS70SAUAA0004_Pept0003tRNAGlyGCC_RF1,elRS70SAUAA0004_Pept0003tRNAGlyGCC_RF1,default,1,,false,false,false,0
termRS70SUAA0004_tRNAGlyGCC_RF1,termRS70SUAA0004_tRNAGlyGCC_RF1,default,1,,false,false,false,0
RF2,RF2,default,1,,false,false,false,0.2
RF2_degraded,RF2_degraded,default,1,,false,false,false,0
elRS70SAUAA0004_Pept0003tRNAGlyGCC_RF2,elRS70SAUAA0004_Pept0003tRNAGlyGCC_RF2,default,1,,false,false,false,0
termRS70SUAA0004_tRNAGlyGCC_RF2,termRS70SUAA0004_tRNAGlyGCC_RF2,default,1,,false,false,false,0
RF3,RF3,default,1,,false,false,false,0.7
RF3_degraded,RF3_degraded,default,1,,false,false,false,0
RF3_GDP,RF3_GDP,default,1,,false,false,false,0
RF3_GTP,RF3_GTP,default,1,,false,false,false,0
termRS70SUAA0004_tRNAGlyGCC_RF1_RF3_GDP,termRS70SUAA0004_tRNAGlyGCC_RF1_RF3_GDP,default,1,,false,false,false,0
termRS70SUAA0004_tRNAGlyGCC_RF1_RF3_GTP,termRS70SUAA0004_tRNAGlyGCC_RF1_RF3_GTP,default,1,,false,false,false,0
termRS70SUAA0004_tRNAGlyGCC_RF1_RF3,termRS70SUAA0004_tRNAGlyGCC_RF1_RF3,default,1,,false,false,false,0
termRS70SUAA0004_tRNAGlyGCC_RF3_GTP,termRS70SUAA0004_tRNAGlyGCC_RF3_GTP,default,1,,false,false,false,0
termRS70SUAA0004_tRNAGlyGCC_RF3_GDP,termRS70SUAA0004_tRNAGlyGCC_RF3_GDP,default,1,,false,false,false,0
termRS70SUAA0004_tRNAGlyGCC_RF3_GDP_PO4,termRS70SUAA0004_tRNAGlyGCC_RF3_GDP_PO4,default,1,,false,false,false,0
termRS70SUAA0004_tRNAGlyGCC_RF2_RF3_GDP,termRS70SUAA0004_tRNAGlyGCC_RF2_RF3_GDP,default,1,,false,false,false,0
termRS70SUAA0004_tRNAGlyGCC_RF2_RF3_GTP,termRS70SUAA0004_tRNAGlyGCC_RF2_RF3_GTP,default,1,,false,false,false,0
termRS70SUAA0004_tRNAGlyGCC_RF2_RF3,termRS70SUAA0004_tRNAGlyGCC_RF2_RF3,default,1,,false,false,false,0
RRF,RRF,default,1,,false,false,false,16
RRF_degraded,RRF_degraded,default,1,,false,false,false,0
RS50S_RRF,RS50S_RRF,default,1,,false,false,false,0
RS50S_RRF_EFG_GDP,RS50S_RRF_EFG_GDP,default,1,,false,false,false,0
RS50S_tRNAGlyGCC,RS50S_tRNAGlyGCC,default,1,,false,false,false,0
RS50S_tRNAGlyGCC_EFG_GDP,RS50S_tRNAGlyGCC_EFG_GDP,default,1,,false,false,false,0
RS50S_tRNAGlyGCC_RRF,RS50S_tRNAGlyGCC_RRF,default,1,,false,false,false,0
RS50S_tRNAGlyGCC_RRF_EFG_GDP,RS50S_tRNAGlyGCC_RRF_EFG_GDP,default,1,,false,false,false,0
termRS70SUAA0004_tRNAGlyGCC_EFG_GTP,termRS70SUAA0004_tRNAGlyGCC_EFG_GTP,default,1,,false,false,false,0
termRS70SUAA0004_tRNAGlyGCC_RRF,termRS70SUAA0004_tRNAGlyGCC_RRF,default,1,,false,false,false,0
termRS70SUAA0004_tRNAGlyGCC_RRF_EFG_GDP,termRS70SUAA0004_tRNAGlyGCC_RRF_EFG_GDP,default,1,,false,false,false,0
termRS70SUAA0004_tRNAGlyGCC_RRF_EFG_GDP_PO4,termRS70SUAA0004_tRNAGlyGCC_RRF_EFG_GDP_PO4,default,1,,false,false,false,0
termRS70SUAA0004_tRNAGlyGCC_RRF_EFG_GTP,termRS70SUAA0004_tRNAGlyGCC_RRF_EFG_GTP,default,1,,false,false,false,0
termRS30S_mRNA,termRS30S_mRNA,default,1,,false,false,false,0
