reaction_id,pathway,in_selected_cycle,route_class,reactants,products,k1_author,active_at_reference,subsystem_files
re0000000006,Met,false,degradation_sink,tRNAfMetCAU:1,tRNAfMetCAU_degraded:1,0.0,false,Aminoacylation_B_fMetCAU|Elongation_Ca1_fMetCAU
re0000000031,Gly,false,degradation_sink,GlytRNAGlyGCC:1,GlytRNAGlyGCC_degraded:1,0.0,false,Aminoacylation_B_GlyGCC|Elongation_A_Gly|Elongation_Ca2_pept0002|Elongation_Ca2_pept0003
re0000000070,Gly,false,degradation_sink,tRNAGlyGCC:1,tRNAGlyGCC_degraded:1,0.0,false,Aminoacylation_B_GlyGCC|Elongation_Ca1_GlyGCC|Termination_A_RF1|Termination_A_RF2|Termination_B_RF1|Termination_B_RF2|Termination_C
re0000000126,Gly,false,enzyme_cycle_or_branch,GlyRS:1|Gly:1,GlyRS_Gly:1,20.0,true,Aminoacylation_A_Gly
re0000000127,Gly,false,enzyme_cycle_or_branch,GlyRS_GlyAMP_PPi:1,GlyRS_GlyAMP:1|PPi:1,1000.0,true,Aminoacylation_A_Gly
re0000000128,Gly,false,degradation_sink,GlyRS:1,GlyRS_degraded:1,0.0,false,Aminoacylation_A_Gly
re0000000129,Gly,false,degradation_sink,GlyRS_Gly_ATP:1,GlyRS_degraded:1|Gly:1|ATP:1,0.0,false,Aminoacylation_A_Gly
re0000000130,Gly,false,degradation_sink,GlyRS_GlyAMP:1,GlyRS_degraded:1|GlyAMP:1,0.0,false,Aminoacylation_A_Gly
re0000000131,Gly,false,enzyme_cycle_or_branch,GlyRS_Gly:1,GlyRS:1|Gly:1,470.0,true,Aminoacylation_A_Gly
re0000000132,Gly,true,enzyme_cycle_or_branch,GlyRS:1|ATP:1,GlyRS_ATP:1,10.0,true,Aminoacylation_A_Gly
re0000000133,Gly,false,enzyme_cycle_or_branch,GlyRS_ATP:1,GlyRS:1|ATP:1,8900.0,true,Aminoacylation_A_Gly
re0000000134,Gly,true,enzyme_cycle_or_branch,GlyRS_ATP:1|Gly:1,GlyRS_Gly_ATP:1,0.024,true,Aminoacylation_A_Gly
re0000000135,Gly,false,enzyme_cycle_or_branch,GlyRS_Gly_ATP:1,GlyRS_ATP:1|Gly:1,3.2,true,Aminoacylation_A_Gly
re0000000136,Gly,false,enzyme_cycle_or_branch,GlyRS_Gly:1|ATP:1,GlyRS_Gly_ATP:1,10.0,true,Aminoacylation_A_Gly
re0000000137,Gly,false,enzyme_cycle_or_branch,GlyRS_Gly_ATP:1,GlyRS_Gly:1|ATP:1,4500.0,true,Aminoacylation_A_Gly
re0000000138,Gly,false,degradation_sink,GlyRS_ATP:1,GlyRS_degraded:1|ATP:1,0.0,false,Aminoacylation_A_Gly
re0000000139,Gly,false,degradation_sink,GlyRS_Gly:1,GlyRS_degraded:1|Gly:1,0.0,false,Aminoacylation_A_Gly
re0000000140,Gly,true,enzyme_cycle_or_branch,GlyRS_Gly_ATP:1,GlyRS_GlyAMP_PPi:1,29.0,true,Aminoacylation_A_Gly
re0000000141,Gly,false,enzyme_cycle_or_branch,GlyRS_GlyAMP_PPi:1,GlyRS_Gly_ATP:1,47.0,true,Aminoacylation_A_Gly
re0000000142,Gly,false,degradation_sink,GlyRS_GlyAMP_PPi:1,GlyRS_degraded:1|GlyAMP:1|PPi:1,0.0,false,Aminoacylation_A_Gly
re0000000143,Gly,false,free_adenylate_hydrolysis,GlyAMP:1,Gly:1|AMP:1,0.0,false,Aminoacylation_A_Gly
re0000000144,Gly,false,degradation_sink,GlyRS_AMP:1,GlyRS_degraded:1|AMP:1,0.0,false,Aminoacylation_A_Gly
re0000000145,Gly,true,enzyme_cycle_or_branch,GlyRS_AMP:1,GlyRS:1|AMP:1,1000.0,true,Aminoacylation_A_Gly
re0000000146,Gly,false,enzyme_cycle_or_branch,GlyRS:1|AMP:1,GlyRS_AMP:1,0.0,false,Aminoacylation_A_Gly
re0000000147,Gly,false,enzyme_cycle_or_branch,GlyRS_GlyAMP:1,GlyRS:1|GlyAMP:1,0.07,true,Aminoacylation_A_Gly
re0000000148,Gly,false,enzyme_cycle_or_branch,GlyRS:1|GlyAMP:1,GlyRS_GlyAMP:1,2.4,true,Aminoacylation_A_Gly
re0000000149,Gly,false,free_adenylate_synthesis,Gly:1|AMP:1,GlyAMP:1,0.0,false,Aminoacylation_A_Gly
re0000000150,Gly,false,enzyme_cycle_or_branch,GlyRS_GlyAMP:1|PPi:1,GlyRS_GlyAMP_PPi:1,0.0,false,Aminoacylation_A_Gly
re0000000151,Met,false,enzyme_cycle_or_branch,MetRS:1|Met:1,MetRS_Met:1,5.0,true,Aminoacylation_A_Met
re0000000152,Met,false,enzyme_cycle_or_branch,MetRS_MetAMP_PPi:1,MetRS_MetAMP:1|PPi:1,1000.0,true,Aminoacylation_A_Met
re0000000153,Met,false,degradation_sink,MetRS:1,MetRS_degraded:1,0.0,false,Aminoacylation_A_Met
re0000000154,Met,false,degradation_sink,MetRS_Met_ATP:1,MetRS_degraded:1|Met:1|ATP:1,0.0,false,Aminoacylation_A_Met
re0000000155,Met,false,degradation_sink,MetRS_MetAMP:1,MetRS_degraded:1|MetAMP:1,0.0,false,Aminoacylation_A_Met
re0000000156,Met,false,enzyme_cycle_or_branch,MetRS_Met:1,MetRS:1|Met:1,350.0,true,Aminoacylation_A_Met
re0000000157,Met,true,enzyme_cycle_or_branch,MetRS:1|ATP:1,MetRS_ATP:1,10.0,true,Aminoacylation_A_Met
re0000000158,Met,false,enzyme_cycle_or_branch,MetRS_ATP:1,MetRS:1|ATP:1,2500.0,true,Aminoacylation_A_Met
re0000000159,Met,true,enzyme_cycle_or_branch,MetRS_ATP:1|Met:1,MetRS_Met_ATP:1,5.0,true,Aminoacylation_A_Met
re0000000160,Met,false,enzyme_cycle_or_branch,MetRS_Met_ATP:1,MetRS_ATP:1|Met:1,350.0,true,Aminoacylation_A_Met
re0000000161,Met,false,enzyme_cycle_or_branch,MetRS_Met:1|ATP:1,MetRS_Met_ATP:1,10.0,true,Aminoacylation_A_Met
re0000000162,Met,false,enzyme_cycle_or_branch,MetRS_Met_ATP:1,MetRS_Met:1|ATP:1,2500.0,true,Aminoacylation_A_Met
re0000000163,Met,false,degradation_sink,MetRS_ATP:1,MetRS_degraded:1|ATP:1,0.0,false,Aminoacylation_A_Met
re0000000164,Met,false,degradation_sink,MetRS_Met:1,MetRS_degraded:1|Met:1,0.0,false,Aminoacylation_A_Met
re0000000165,Met,true,enzyme_cycle_or_branch,MetRS_Met_ATP:1,MetRS_MetAMP_PPi:1,60.0,true,Aminoacylation_A_Met
re0000000166,Met,false,enzyme_cycle_or_branch,MetRS_MetAMP_PPi:1,MetRS_Met_ATP:1,150.0,true,Aminoacylation_A_Met
re0000000167,Met,false,degradation_sink,MetRS_MetAMP_PPi:1,MetRS_degraded:1|MetAMP:1|PPi:1,0.0,false,Aminoacylation_A_Met
re0000000168,Met,false,free_adenylate_hydrolysis,MetAMP:1,Met:1|AMP:1,0.0,false,Aminoacylation_A_Met
re0000000169,Met,false,degradation_sink,MetRS_AMP:1,MetRS_degraded:1|AMP:1,0.0,false,Aminoacylation_A_Met
re0000000170,Met,true,enzyme_cycle_or_branch,MetRS_AMP:1,MetRS:1|AMP:1,1000.0,true,Aminoacylation_A_Met
re0000000171,Met,false,enzyme_cycle_or_branch,MetRS:1|AMP:1,MetRS_AMP:1,0.0,false,Aminoacylation_A_Met
re0000000172,Met,false,enzyme_cycle_or_branch,MetRS_MetAMP:1,MetRS:1|MetAMP:1,0.07,true,Aminoacylation_A_Met
re0000000173,Met,false,enzyme_cycle_or_branch,MetRS:1|MetAMP:1,MetRS_MetAMP:1,2.4,true,Aminoacylation_A_Met
re0000000174,Met,false,free_adenylate_synthesis,Met:1|AMP:1,MetAMP:1,0.0,false,Aminoacylation_A_Met
re0000000175,Met,false,enzyme_cycle_or_branch,MetRS_MetAMP:1|PPi:1,MetRS_MetAMP_PPi:1,0.0,false,Aminoacylation_A_Met
re0000000176,Gly,false,enzyme_cycle_or_branch,GlytRNAGlyGCC:1,tRNAGlyGCC:1|Gly:1,0.0,false,Aminoacylation_B_GlyGCC
re0000000177,Gly,false,degradation_sink,GlyRS_GlyAMP_tRNAGlyGCC:1,GlyRS_degraded:1|GlyAMP:1|tRNAGlyGCC:1,0.0,false,Aminoacylation_B_GlyGCC
re0000000178,Gly,true,enzyme_cycle_or_branch,GlyRS_GlyAMP_tRNAGlyGCC:1,GlyRS_AMP_GlytRNAGlyGCC:1,22.0,true,Aminoacylation_B_GlyGCC
re0000000179,Gly,false,enzyme_cycle_or_branch,GlyRS_AMP_GlytRNAGlyGCC:1,GlyRS_GlyAMP_tRNAGlyGCC:1,0.0,false,Aminoacylation_B_GlyGCC
re0000000180,Gly,false,enzyme_cycle_or_branch,GlyRS_AMP_GlytRNAGlyGCC:1,GlyRS_GlytRNAGlyGCC:1|AMP:1,1000.0,true,Aminoacylation_B_GlyGCC
re0000000181,Gly,false,enzyme_cycle_or_branch,GlyRS_GlytRNAGlyGCC:1|AMP:1,GlyRS_AMP_GlytRNAGlyGCC:1,0.0,false,Aminoacylation_B_GlyGCC
re0000000182,Gly,true,enzyme_cycle_or_branch,GlyRS_AMP_GlytRNAGlyGCC:1,GlytRNAGlyGCC:1|GlyRS_AMP:1,353.0,true,Aminoacylation_B_GlyGCC
re0000000183,Gly,false,enzyme_cycle_or_branch,GlyRS_AMP:1|GlytRNAGlyGCC:1,GlyRS_AMP_GlytRNAGlyGCC:1,100.0,true,Aminoacylation_B_GlyGCC
re0000000184,Gly,false,enzyme_cycle_or_branch,GlyRS_GlytRNAGlyGCC:1,GlyRS:1|GlytRNAGlyGCC:1,353.0,true,Aminoacylation_B_GlyGCC
re0000000185,Gly,false,enzyme_cycle_or_branch,GlyRS:1|GlytRNAGlyGCC:1,GlyRS_GlytRNAGlyGCC:1,100.0,true,Aminoacylation_B_GlyGCC
re0000000186,Gly,false,degradation_sink,GlyRS_AMP_GlytRNAGlyGCC:1,GlyRS_degraded:1|AMP:1|GlytRNAGlyGCC:1,0.0,false,Aminoacylation_B_GlyGCC
re0000000187,Gly,false,degradation_sink,GlyRS_GlytRNAGlyGCC:1,GlyRS_degraded:1|GlytRNAGlyGCC:1,0.0,false,Aminoacylation_B_GlyGCC
re0000000188,Gly,false,enzyme_cycle_or_branch,GlyRS_tRNAGlyGCC:1|Gly:1,GlyRS_Gly_tRNAGlyGCC:1,20.0,true,Aminoacylation_B_GlyGCC
re0000000189,Gly,true,enzyme_cycle_or_branch,GlyRS_GlyAMP_PPi_tRNAGlyGCC:1,GlyRS_GlyAMP_tRNAGlyGCC:1|PPi:1,1000.0,true,Aminoacylation_B_GlyGCC
re0000000190,Gly,false,enzyme_cycle_or_branch,GlyRS_Gly_tRNAGlyGCC:1,GlyRS_tRNAGlyGCC:1|Gly:1,470.0,true,Aminoacylation_B_GlyGCC
re0000000191,Gly,false,enzyme_cycle_or_branch,GlyRS_tRNAGlyGCC:1|ATP:1,GlyRS_ATP_tRNAGlyGCC:1,10.0,true,Aminoacylation_B_GlyGCC
re0000000192,Gly,false,enzyme_cycle_or_branch,GlyRS_ATP_tRNAGlyGCC:1,GlyRS_tRNAGlyGCC:1|ATP:1,8900.0,true,Aminoacylation_B_GlyGCC
re0000000193,Gly,false,enzyme_cycle_or_branch,GlyRS_ATP_tRNAGlyGCC:1|Gly:1,GlyRS_Gly_ATP_tRNAGlyGCC:1,0.024,true,Aminoacylation_B_GlyGCC
re0000000194,Gly,false,enzyme_cycle_or_branch,GlyRS_Gly_ATP_tRNAGlyGCC:1,GlyRS_ATP_tRNAGlyGCC:1|Gly:1,3.2,true,Aminoacylation_B_GlyGCC
re0000000195,Gly,false,enzyme_cycle_or_branch,GlyRS_Gly_tRNAGlyGCC:1|ATP:1,GlyRS_Gly_ATP_tRNAGlyGCC:1,10.0,true,Aminoacylation_B_GlyGCC
re0000000196,Gly,false,enzyme_cycle_or_branch,GlyRS_Gly_ATP_tRNAGlyGCC:1,GlyRS_Gly_tRNAGlyGCC:1|ATP:1,4500.0,true,Aminoacylation_B_GlyGCC
re0000000197,Gly,false,enzyme_cycle_or_branch,GlyRS_Gly_ATP_tRNAGlyGCC:1,GlyRS_GlyAMP_PPi_tRNAGlyGCC:1,2.0,true,Aminoacylation_B_GlyGCC
re0000000198,Gly,false,enzyme_cycle_or_branch,GlyRS_GlyAMP_PPi_tRNAGlyGCC:1,GlyRS_Gly_ATP_tRNAGlyGCC:1,0.0,false,Aminoacylation_B_GlyGCC
re0000000199,Gly,false,enzyme_cycle_or_branch,GlyRS:1|tRNAGlyGCC:1,GlyRS_tRNAGlyGCC:1,376.0,true,Aminoacylation_B_GlyGCC
re0000000200,Gly,false,enzyme_cycle_or_branch,GlyRS_Gly:1|tRNAGlyGCC:1,GlyRS_Gly_tRNAGlyGCC:1,376.0,true,Aminoacylation_B_GlyGCC
re0000000201,Gly,false,enzyme_cycle_or_branch,GlyRS_tRNAGlyGCC:1,GlyRS:1|tRNAGlyGCC:1,100.0,true,Aminoacylation_B_GlyGCC
re0000000202,Gly,false,enzyme_cycle_or_branch,GlyRS_Gly_tRNAGlyGCC:1,GlyRS_Gly:1|tRNAGlyGCC:1,100.0,true,Aminoacylation_B_GlyGCC
re0000000203,Gly,false,enzyme_cycle_or_branch,GlyRS_ATP:1|tRNAGlyGCC:1,GlyRS_ATP_tRNAGlyGCC:1,376.0,true,Aminoacylation_B_GlyGCC
re0000000204,Gly,false,enzyme_cycle_or_branch,GlyRS_ATP_tRNAGlyGCC:1,GlyRS_ATP:1|tRNAGlyGCC:1,100.0,true,Aminoacylation_B_GlyGCC
re0000000205,Gly,false,enzyme_cycle_or_branch,GlyRS_Gly_ATP:1|tRNAGlyGCC:1,GlyRS_Gly_ATP_tRNAGlyGCC:1,376.0,true,Aminoacylation_B_GlyGCC
re0000000206,Gly,false,enzyme_cycle_or_branch,GlyRS_Gly_ATP_tRNAGlyGCC:1,GlyRS_Gly_ATP:1|tRNAGlyGCC:1,100.0,true,Aminoacylation_B_GlyGCC
re0000000207,Gly,true,enzyme_cycle_or_branch,GlyRS_GlyAMP_PPi:1|tRNAGlyGCC:1,GlyRS_GlyAMP_PPi_tRNAGlyGCC:1,353.0,true,Aminoacylation_B_GlyGCC
re0000000208,Gly,false,enzyme_cycle_or_branch,GlyRS_GlyAMP_PPi_tRNAGlyGCC:1,GlyRS_GlyAMP_PPi:1|tRNAGlyGCC:1,100.0,true,Aminoacylation_B_GlyGCC
re0000000209,Gly,false,enzyme_cycle_or_branch,GlyRS_GlyAMP:1|tRNAGlyGCC:1,GlyRS_GlyAMP_tRNAGlyGCC:1,353.0,true,Aminoacylation_B_GlyGCC
re0000000210,Gly,false,enzyme_cycle_or_branch,GlyRS_GlyAMP_tRNAGlyGCC:1,GlyRS_GlyAMP:1|tRNAGlyGCC:1,100.0,true,Aminoacylation_B_GlyGCC
re0000000211,Gly,false,degradation_sink,GlyRS_tRNAGlyGCC:1,GlyRS_degraded:1|tRNAGlyGCC:1,0.0,false,Aminoacylation_B_GlyGCC
re0000000212,Gly,false,degradation_sink,GlyRS_ATP_tRNAGlyGCC:1,GlyRS_degraded:1|tRNAGlyGCC:1|ATP:1,0.0,false,Aminoacylation_B_GlyGCC
re0000000213,Gly,false,degradation_sink,GlyRS_Gly_tRNAGlyGCC:1,GlyRS_degraded:1|tRNAGlyGCC:1|Gly:1,0.0,false,Aminoacylation_B_GlyGCC
re0000000214,Gly,false,degradation_sink,GlyRS_Gly_ATP_tRNAGlyGCC:1,GlyRS_degraded:1|tRNAGlyGCC:1|ATP:1|Gly:1,0.0,false,Aminoacylation_B_GlyGCC
re0000000215,Gly,false,degradation_sink,GlyRS_GlyAMP_PPi_tRNAGlyGCC:1,GlyRS_degraded:1|tRNAGlyGCC:1|GlyAMP:1|PPi:1,0.0,false,Aminoacylation_B_GlyGCC
re0000000216,Gly,false,enzyme_cycle_or_branch,tRNAGlyGCC:1|Gly:1,GlytRNAGlyGCC:1,0.0,false,Aminoacylation_B_GlyGCC
re0000000217,Gly,false,enzyme_cycle_or_branch,GlyRS_GlyAMP_tRNAGlyGCC:1|PPi:1,GlyRS_GlyAMP_PPi_tRNAGlyGCC:1,0.0,false,Aminoacylation_B_GlyGCC
re0000000218,Met,false,free_aa_tRNA_decharging,MettRNAfMetCAU:1,tRNAfMetCAU:1|Met:1,0.0,false,Aminoacylation_B_fMetCAU
re0000000219,Met,false,degradation_sink,MetRS_MetAMP_tRNAfMetCAU:1,MetRS_degraded:1|MetAMP:1|tRNAfMetCAU:1,0.0,false,Aminoacylation_B_fMetCAU
re0000000220,Met,true,enzyme_cycle_or_branch,MetRS_MetAMP_tRNAfMetCAU:1,MetRS_AMP_MettRNAfMetCAU:1,13.7,true,Aminoacylation_B_fMetCAU
re0000000221,Met,false,enzyme_cycle_or_branch,MetRS_AMP_MettRNAfMetCAU:1,MetRS_MetAMP_tRNAfMetCAU:1,0.0,false,Aminoacylation_B_fMetCAU
re0000000222,Met,false,enzyme_cycle_or_branch,MetRS_AMP_MettRNAfMetCAU:1,MetRS_MettRNAfMetCAU:1|AMP:1,1000.0,true,Aminoacylation_B_fMetCAU
re0000000223,Met,false,enzyme_cycle_or_branch,MetRS_MettRNAfMetCAU:1|AMP:1,MetRS_AMP_MettRNAfMetCAU:1,0.0,false,Aminoacylation_B_fMetCAU
re0000000224,Met,true,enzyme_cycle_or_branch,MetRS_AMP_MettRNAfMetCAU:1,MettRNAfMetCAU:1|MetRS_AMP:1,1.685,true,Aminoacylation_B_fMetCAU
re0000000225,Met,false,enzyme_cycle_or_branch,MetRS_AMP:1|MettRNAfMetCAU:1,MetRS_AMP_MettRNAfMetCAU:1,5.6,true,Aminoacylation_B_fMetCAU
re0000000226,Met,false,enzyme_cycle_or_branch,MetRS_MettRNAfMetCAU:1,MetRS:1|MettRNAfMetCAU:1,1.685,true,Aminoacylation_B_fMetCAU
re0000000227,Met,false,enzyme_cycle_or_branch,MetRS:1|MettRNAfMetCAU:1,MetRS_MettRNAfMetCAU:1,5.6,true,Aminoacylation_B_fMetCAU
re0000000228,Met,false,degradation_sink,MetRS_AMP_MettRNAfMetCAU:1,MetRS_degraded:1|AMP:1|MettRNAfMetCAU:1,0.0,false,Aminoacylation_B_fMetCAU
re0000000229,Met,false,degradation_sink,MetRS_MettRNAfMetCAU:1,MetRS_degraded:1|MettRNAfMetCAU:1,0.0,false,Aminoacylation_B_fMetCAU
re0000000230,Met,false,enzyme_cycle_or_branch,MetRS_tRNAfMetCAU:1|Met:1,MetRS_Met_tRNAfMetCAU:1,5.0,true,Aminoacylation_B_fMetCAU
re0000000231,Met,true,enzyme_cycle_or_branch,MetRS_MetAMP_PPi_tRNAfMetCAU:1,MetRS_MetAMP_tRNAfMetCAU:1|PPi:1,1000.0,true,Aminoacylation_B_fMetCAU
re0000000232,Met,false,enzyme_cycle_or_branch,MetRS_Met_tRNAfMetCAU:1,MetRS_tRNAfMetCAU:1|Met:1,350.0,true,Aminoacylation_B_fMetCAU
re0000000233,Met,false,enzyme_cycle_or_branch,MetRS_tRNAfMetCAU:1|ATP:1,MetRS_ATP_tRNAfMetCAU:1,10.0,true,Aminoacylation_B_fMetCAU
re0000000234,Met,false,enzyme_cycle_or_branch,MetRS_ATP_tRNAfMetCAU:1,MetRS_tRNAfMetCAU:1|ATP:1,2500.0,true,Aminoacylation_B_fMetCAU
re0000000235,Met,false,enzyme_cycle_or_branch,MetRS_ATP_tRNAfMetCAU:1|Met:1,MetRS_Met_ATP_tRNAfMetCAU:1,5.0,true,Aminoacylation_B_fMetCAU
re0000000236,Met,false,enzyme_cycle_or_branch,MetRS_Met_ATP_tRNAfMetCAU:1,MetRS_ATP_tRNAfMetCAU:1|Met:1,350.0,true,Aminoacylation_B_fMetCAU
re0000000237,Met,false,enzyme_cycle_or_branch,MetRS_Met_tRNAfMetCAU:1|ATP:1,MetRS_Met_ATP_tRNAfMetCAU:1,10.0,true,Aminoacylation_B_fMetCAU
re0000000238,Met,false,enzyme_cycle_or_branch,MetRS_Met_ATP_tRNAfMetCAU:1,MetRS_Met_tRNAfMetCAU:1|ATP:1,2500.0,true,Aminoacylation_B_fMetCAU
re0000000239,Met,false,enzyme_cycle_or_branch,MetRS_Met_ATP_tRNAfMetCAU:1,MetRS_MetAMP_PPi_tRNAfMetCAU:1,200.0,true,Aminoacylation_B_fMetCAU
re0000000240,Met,false,enzyme_cycle_or_branch,MetRS_MetAMP_PPi_tRNAfMetCAU:1,MetRS_Met_ATP_tRNAfMetCAU:1,0.0,false,Aminoacylation_B_fMetCAU
re0000000241,Met,false,enzyme_cycle_or_branch,MetRS:1|tRNAfMetCAU:1,MetRS_tRNAfMetCAU:1,50.0,true,Aminoacylation_B_fMetCAU
re0000000242,Met,false,enzyme_cycle_or_branch,MetRS_Met:1|tRNAfMetCAU:1,MetRS_Met_tRNAfMetCAU:1,50.0,true,Aminoacylation_B_fMetCAU
re0000000243,Met,false,enzyme_cycle_or_branch,MetRS_tRNAfMetCAU:1,MetRS:1|tRNAfMetCAU:1,150.0,true,Aminoacylation_B_fMetCAU
re0000000244,Met,false,enzyme_cycle_or_branch,MetRS_Met_tRNAfMetCAU:1,MetRS_Met:1|tRNAfMetCAU:1,150.0,true,Aminoacylation_B_fMetCAU
re0000000245,Met,false,enzyme_cycle_or_branch,MetRS_ATP:1|tRNAfMetCAU:1,MetRS_ATP_tRNAfMetCAU:1,50.0,true,Aminoacylation_B_fMetCAU
re0000000246,Met,false,enzyme_cycle_or_branch,MetRS_ATP_tRNAfMetCAU:1,MetRS_ATP:1|tRNAfMetCAU:1,150.0,true,Aminoacylation_B_fMetCAU
re0000000247,Met,false,enzyme_cycle_or_branch,MetRS_Met_ATP:1|tRNAfMetCAU:1,MetRS_Met_ATP_tRNAfMetCAU:1,50.0,true,Aminoacylation_B_fMetCAU
re0000000248,Met,false,enzyme_cycle_or_branch,MetRS_Met_ATP_tRNAfMetCAU:1,MetRS_Met_ATP:1|tRNAfMetCAU:1,150.0,true,Aminoacylation_B_fMetCAU
re0000000249,Met,true,enzyme_cycle_or_branch,MetRS_MetAMP_PPi:1|tRNAfMetCAU:1,MetRS_MetAMP_PPi_tRNAfMetCAU:1,50.0,true,Aminoacylation_B_fMetCAU
re0000000250,Met,false,enzyme_cycle_or_branch,MetRS_MetAMP_PPi_tRNAfMetCAU:1,MetRS_MetAMP_PPi:1|tRNAfMetCAU:1,150.0,true,Aminoacylation_B_fMetCAU
re0000000251,Met,false,enzyme_cycle_or_branch,MetRS_MetAMP:1|tRNAfMetCAU:1,MetRS_MetAMP_tRNAfMetCAU:1,50.0,true,Aminoacylation_B_fMetCAU
re0000000252,Met,false,enzyme_cycle_or_branch,MetRS_MetAMP_tRNAfMetCAU:1,MetRS_MetAMP:1|tRNAfMetCAU:1,150.0,true,Aminoacylation_B_fMetCAU
re0000000253,Met,false,degradation_sink,MetRS_tRNAfMetCAU:1,MetRS_degraded:1|tRNAfMetCAU:1,0.0,false,Aminoacylation_B_fMetCAU
re0000000254,Met,false,degradation_sink,MetRS_ATP_tRNAfMetCAU:1,MetRS_degraded:1|tRNAfMetCAU:1|ATP:1,0.0,false,Aminoacylation_B_fMetCAU
re0000000255,Met,false,degradation_sink,MetRS_Met_tRNAfMetCAU:1,MetRS_degraded:1|tRNAfMetCAU:1|Met:1,0.0,false,Aminoacylation_B_fMetCAU
re0000000256,Met,false,degradation_sink,MetRS_Met_ATP_tRNAfMetCAU:1,MetRS_degraded:1|tRNAfMetCAU:1|ATP:1|Met:1,0.0,false,Aminoacylation_B_fMetCAU
re0000000257,Met,false,degradation_sink,MetRS_MetAMP_PPi_tRNAfMetCAU:1,MetRS_degraded:1|tRNAfMetCAU:1|MetAMP:1|PPi:1,0.0,false,Aminoacylation_B_fMetCAU
re0000000258,Met,false,degradation_sink,MettRNAfMetCAU:1,MettRNAfMetCAU_degraded:1,0.0,false,Aminoacylation_B_fMetCAU|Elongation_A_Met
re0000000259,Met,false,enzyme_cycle_or_branch,tRNAfMetCAU:1|Met:1,MettRNAfMetCAU:1,0.0,false,Aminoacylation_B_fMetCAU
re0000000260,Met,false,enzyme_cycle_or_branch,MetRS_MetAMP_tRNAfMetCAU:1|PPi:1,MetRS_MetAMP_PPi_tRNAfMetCAU:1,0.0,false,Aminoacylation_B_fMetCAU
