reaction_id,aminoacylation_subsystems,full_subsystem_files,interface_with_other_modules,n_reactants,n_products,reactants,products,net_stoichiometry,is_degradation_sink,k1_author_value,k1_is_zero,rate_law,pathway_membership
re0000000006,Aminoacylation_B_fMetCAU,Aminoacylation_B_fMetCAU|Elongation_Ca1_fMetCAU,true,1,1,tRNAfMetCAU:1,tRNAfMetCAU_degraded:1,tRNAfMetCAU:-1|tRNAfMetCAU_degraded:+1,true,0.0,true,k1 * tRNAfMetCAU,shared
re0000000031,Aminoacylation_B_GlyGCC,Aminoacylation_B_GlyGCC|Elongation_A_Gly|Elongation_Ca2_pept0002|Elongation_Ca2_pept0003,true,1,1,GlytRNAGlyGCC:1,GlytRNAGlyGCC_degraded:1,GlytRNAGlyGCC:-1|GlytRNAGlyGCC_degraded:+1,true,0.0,true,k1 * GlytRNAGlyGCC,shared
re0000000070,Aminoacylation_B_GlyGCC,Aminoacylation_B_GlyGCC|Elongation_Ca1_GlyGCC|Termination_A_RF1|Termination_A_RF2|Termination_B_RF1|Termination_B_RF2|Termination_C,true,1,1,tRNAGlyGCC:1,tRNAGlyGCC_degraded:1,tRNAGlyGCC:-1|tRNAGlyGCC_degraded:+1,true,0.0,true,k1 * tRNAGlyGCC,shared
re0000000126,Aminoacylation_A_Gly,Aminoacylation_A_Gly,false,2,1,Gly:1|GlyRS:1,GlyRS_Gly:1,Gly:-1|GlyRS:-1|GlyRS_Gly:+1,false,20.0,false,k1 * GlyRS * Gly,Gly
re0000000127,Aminoacylation_A_Gly,Aminoacylation_A_Gly,false,1,2,GlyRS_GlyAMP_PPi:1,GlyRS_GlyAMP:1|PPi:1,GlyRS_GlyAMP:+1|GlyRS_GlyAMP_PPi:-1|PPi:+1,false,1000.0,false,k1 * GlyRS_GlyAMP_PPi,Gly
re0000000128,Aminoacylation_A_Gly,Aminoacylation_A_Gly,false,1,1,GlyRS:1,GlyRS_degraded:1,GlyRS:-1|GlyRS_degraded:+1,true,0.0,true,k1 * GlyRS,Gly
re0000000129,Aminoacylation_A_Gly,Aminoacylation_A_Gly,false,1,3,GlyRS_Gly_ATP:1,ATP:1|Gly:1|GlyRS_degraded:1,ATP:+1|Gly:+1|GlyRS_Gly_ATP:-1|GlyRS_degraded:+1,true,0.0,true,k1 * GlyRS_Gly_ATP,Gly
re0000000130,Aminoacylation_A_Gly,Aminoacylation_A_Gly,false,1,2,GlyRS_GlyAMP:1,GlyAMP:1|GlyRS_degraded:1,GlyAMP:+1|GlyRS_GlyAMP:-1|GlyRS_degraded:+1,true,0.0,true,k1 * GlyRS_GlyAMP,Gly
re0000000131,Aminoacylation_A_Gly,Aminoacylation_A_Gly,false,1,2,GlyRS_Gly:1,Gly:1|GlyRS:1,Gly:+1|GlyRS:+1|GlyRS_Gly:-1,false,470.0,false,k1 * GlyRS_Gly,Gly
re0000000132,Aminoacylation_A_Gly,Aminoacylation_A_Gly,false,2,1,ATP:1|GlyRS:1,GlyRS_ATP:1,ATP:-1|GlyRS:-1|GlyRS_ATP:+1,false,10.0,false,k1 * GlyRS * ATP,Gly
re0000000133,Aminoacylation_A_Gly,Aminoacylation_A_Gly,false,1,2,GlyRS_ATP:1,ATP:1|GlyRS:1,ATP:+1|GlyRS:+1|GlyRS_ATP:-1,false,8900.0,false,k1 * GlyRS_ATP,Gly
re0000000134,Aminoacylation_A_Gly,Aminoacylation_A_Gly,false,2,1,Gly:1|GlyRS_ATP:1,GlyRS_Gly_ATP:1,Gly:-1|GlyRS_ATP:-1|GlyRS_Gly_ATP:+1,false,0.024,false,k1 * GlyRS_ATP * Gly,Gly
re0000000135,Aminoacylation_A_Gly,Aminoacylation_A_Gly,false,1,2,GlyRS_Gly_ATP:1,Gly:1|GlyRS_ATP:1,Gly:+1|GlyRS_ATP:+1|GlyRS_Gly_ATP:-1,false,3.2,false,k1 * GlyRS_Gly_ATP,Gly
re0000000136,Aminoacylation_A_Gly,Aminoacylation_A_Gly,false,2,1,ATP:1|GlyRS_Gly:1,GlyRS_Gly_ATP:1,ATP:-1|GlyRS_Gly:-1|GlyRS_Gly_ATP:+1,false,10.0,false,k1 * GlyRS_Gly * ATP,Gly
re0000000137,Aminoacylation_A_Gly,Aminoacylation_A_Gly,false,1,2,GlyRS_Gly_ATP:1,ATP:1|GlyRS_Gly:1,ATP:+1|GlyRS_Gly:+1|GlyRS_Gly_ATP:-1,false,4500.0,false,k1 * GlyRS_Gly_ATP,Gly
re0000000138,Aminoacylation_A_Gly,Aminoacylation_A_Gly,false,1,2,GlyRS_ATP:1,ATP:1|GlyRS_degraded:1,ATP:+1|GlyRS_ATP:-1|GlyRS_degraded:+1,true,0.0,true,k1 * GlyRS_ATP,Gly
re0000000139,Aminoacylation_A_Gly,Aminoacylation_A_Gly,false,1,2,GlyRS_Gly:1,Gly:1|GlyRS_degraded:1,Gly:+1|GlyRS_Gly:-1|GlyRS_degraded:+1,true,0.0,true,k1 * GlyRS_Gly,Gly
re0000000140,Aminoacylation_A_Gly,Aminoacylation_A_Gly,false,1,1,GlyRS_Gly_ATP:1,GlyRS_GlyAMP_PPi:1,GlyRS_GlyAMP_PPi:+1|GlyRS_Gly_ATP:-1,false,29.0,false,k1 * GlyRS_Gly_ATP,Gly
re0000000141,Aminoacylation_A_Gly,Aminoacylation_A_Gly,false,1,1,GlyRS_GlyAMP_PPi:1,GlyRS_Gly_ATP:1,GlyRS_GlyAMP_PPi:-1|GlyRS_Gly_ATP:+1,false,47.0,false,k1 * GlyRS_GlyAMP_PPi,Gly
re0000000142,Aminoacylation_A_Gly,Aminoacylation_A_Gly,false,1,3,GlyRS_GlyAMP_PPi:1,GlyAMP:1|GlyRS_degraded:1|PPi:1,GlyAMP:+1|GlyRS_GlyAMP_PPi:-1|GlyRS_degraded:+1|PPi:+1,true,0.0,true,k1 * GlyRS_GlyAMP_PPi,Gly
re0000000143,Aminoacylation_A_Gly,Aminoacylation_A_Gly,false,1,2,GlyAMP:1,AMP:1|Gly:1,AMP:+1|Gly:+1|GlyAMP:-1,false,0.0,true,k1 * GlyAMP,shared
re0000000144,Aminoacylation_A_Gly,Aminoacylation_A_Gly,false,1,2,GlyRS_AMP:1,AMP:1|GlyRS_degraded:1,AMP:+1|GlyRS_AMP:-1|GlyRS_degraded:+1,true,0.0,true,k1 * GlyRS_AMP,Gly
re0000000145,Aminoacylation_A_Gly,Aminoacylation_A_Gly,false,1,2,GlyRS_AMP:1,AMP:1|GlyRS:1,AMP:+1|GlyRS:+1|GlyRS_AMP:-1,false,1000.0,false,k1 * GlyRS_AMP,Gly
re0000000146,Aminoacylation_A_Gly,Aminoacylation_A_Gly,false,2,1,AMP:1|GlyRS:1,GlyRS_AMP:1,AMP:-1|GlyRS:-1|GlyRS_AMP:+1,false,0.0,true,k1 * GlyRS * AMP,Gly
re0000000147,Aminoacylation_A_Gly,Aminoacylation_A_Gly,false,1,2,GlyRS_GlyAMP:1,GlyAMP:1|GlyRS:1,GlyAMP:+1|GlyRS:+1|GlyRS_GlyAMP:-1,false,0.07,false,k1 * GlyRS_GlyAMP,Gly
re0000000148,Aminoacylation_A_Gly,Aminoacylation_A_Gly,false,2,1,GlyAMP:1|GlyRS:1,GlyRS_GlyAMP:1,GlyAMP:-1|GlyRS:-1|GlyRS_GlyAMP:+1,false,2.4,false,k1 * GlyRS * GlyAMP,Gly
re0000000149,Aminoacylation_A_Gly,Aminoacylation_A_Gly,false,2,1,AMP:1|Gly:1,GlyAMP:1,AMP:-1|Gly:-1|GlyAMP:+1,false,0.0,true,k1 * Gly * AMP,shared
re0000000150,Aminoacylation_A_Gly,Aminoacylation_A_Gly,false,2,1,GlyRS_GlyAMP:1|PPi:1,GlyRS_GlyAMP_PPi:1,GlyRS_GlyAMP:-1|GlyRS_GlyAMP_PPi:+1|PPi:-1,false,0.0,true,k1 * GlyRS_GlyAMP * PPi,Gly
re0000000151,Aminoacylation_A_Met,Aminoacylation_A_Met,false,2,1,Met:1|MetRS:1,MetRS_Met:1,Met:-1|MetRS:-1|MetRS_Met:+1,false,5.0,false,k1 * MetRS * Met,Met
re0000000152,Aminoacylation_A_Met,Aminoacylation_A_Met,false,1,2,MetRS_MetAMP_PPi:1,MetRS_MetAMP:1|PPi:1,MetRS_MetAMP:+1|MetRS_MetAMP_PPi:-1|PPi:+1,false,1000.0,false,k1 * MetRS_MetAMP_PPi,Met
re0000000153,Aminoacylation_A_Met,Aminoacylation_A_Met,false,1,1,MetRS:1,MetRS_degraded:1,MetRS:-1|MetRS_degraded:+1,true,0.0,true,k1 * MetRS,Met
re0000000154,Aminoacylation_A_Met,Aminoacylation_A_Met,false,1,3,MetRS_Met_ATP:1,ATP:1|Met:1|MetRS_degraded:1,ATP:+1|Met:+1|MetRS_Met_ATP:-1|MetRS_degraded:+1,true,0.0,true,k1 * MetRS_Met_ATP,Met
re0000000155,Aminoacylation_A_Met,Aminoacylation_A_Met,false,1,2,MetRS_MetAMP:1,MetAMP:1|MetRS_degraded:1,MetAMP:+1|MetRS_MetAMP:-1|MetRS_degraded:+1,true,0.0,true,k1 * MetRS_MetAMP,Met
re0000000156,Aminoacylation_A_Met,Aminoacylation_A_Met,false,1,2,MetRS_Met:1,Met:1|MetRS:1,Met:+1|MetRS:+1|MetRS_Met:-1,false,350.0,false,k1 * MetRS_Met,Met
re0000000157,Aminoacylation_A_Met,Aminoacylation_A_Met,false,2,1,ATP:1|MetRS:1,MetRS_ATP:1,ATP:-1|MetRS:-1|MetRS_ATP:+1,false,10.0,false,k1 * MetRS * ATP,Met
re0000000158,Aminoacylation_A_Met,Aminoacylation_A_Met,false,1,2,MetRS_ATP:1,ATP:1|MetRS:1,ATP:+1|MetRS:+1|MetRS_ATP:-1,false,2500.0,false,k1 * MetRS_ATP,Met
re0000000159,Aminoacylation_A_Met,Aminoacylation_A_Met,false,2,1,Met:1|MetRS_ATP:1,MetRS_Met_ATP:1,Met:-1|MetRS_ATP:-1|MetRS_Met_ATP:+1,false,5.0,false,k1 * MetRS_ATP * Met,Met
re0000000160,Aminoacylation_A_Met,Aminoacylation_A_Met,false,1,2,MetRS_Met_ATP:1,Met:1|MetRS_ATP:1,Met:+1|MetRS_ATP:+1|MetRS_Met_ATP:-1,false,350.0,false,k1 * MetRS_Met_ATP,Met
re0000000161,Aminoacylation_A_Met,Aminoacylation_A_Met,false,2,1,ATP:1|MetRS_Met:1,MetRS_Met_ATP:1,ATP:-1|MetRS_Met:-1|MetRS_Met_ATP:+1,false,10.0,false,k1 * MetRS_Met * ATP,Met
re0000000162,Aminoacylation_A_Met,Aminoacylation_A_Met,false,1,2,MetRS_Met_ATP:1,ATP:1|MetRS_Met:1,ATP:+1|MetRS_Met:+1|MetRS_Met_ATP:-1,false,2500.0,false,k1 * MetRS_Met_ATP,Met
re0000000163,Aminoacylation_A_Met,Aminoacylation_A_Met,false,1,2,MetRS_ATP:1,ATP:1|MetRS_degraded:1,ATP:+1|MetRS_ATP:-1|MetRS_degraded:+1,true,0.0,true,k1 * MetRS_ATP,Met
re0000000164,Aminoacylation_A_Met,Aminoacylation_A_Met,false,1,2,MetRS_Met:1,Met:1|MetRS_degraded:1,Met:+1|MetRS_Met:-1|MetRS_degraded:+1,true,0.0,true,k1 * MetRS_Met,Met
re0000000165,Aminoacylation_A_Met,Aminoacylation_A_Met,false,1,1,MetRS_Met_ATP:1,MetRS_MetAMP_PPi:1,MetRS_MetAMP_PPi:+1|MetRS_Met_ATP:-1,false,60.0,false,k1 * MetRS_Met_ATP,Met
re0000000166,Aminoacylation_A_Met,Aminoacylation_A_Met,false,1,1,MetRS_MetAMP_PPi:1,MetRS_Met_ATP:1,MetRS_MetAMP_PPi:-1|MetRS_Met_ATP:+1,false,150.0,false,k1 * MetRS_MetAMP_PPi,Met
re0000000167,Aminoacylation_A_Met,Aminoacylation_A_Met,false,1,3,MetRS_MetAMP_PPi:1,MetAMP:1|MetRS_degraded:1|PPi:1,MetAMP:+1|MetRS_MetAMP_PPi:-1|MetRS_degraded:+1|PPi:+1,true,0.0,true,k1 * MetRS_MetAMP_PPi,Met
re0000000168,Aminoacylation_A_Met,Aminoacylation_A_Met,false,1,2,MetAMP:1,AMP:1|Met:1,AMP:+1|Met:+1|MetAMP:-1,false,0.0,true,k1 * MetAMP,shared
re0000000169,Aminoacylation_A_Met,Aminoacylation_A_Met,false,1,2,MetRS_AMP:1,AMP:1|MetRS_degraded:1,AMP:+1|MetRS_AMP:-1|MetRS_degraded:+1,true,0.0,true,k1 * MetRS_AMP,Met
re0000000170,Aminoacylation_A_Met,Aminoacylation_A_Met,false,1,2,MetRS_AMP:1,AMP:1|MetRS:1,AMP:+1|MetRS:+1|MetRS_AMP:-1,false,1000.0,false,k1 * MetRS_AMP,Met
re0000000171,Aminoacylation_A_Met,Aminoacylation_A_Met,false,2,1,AMP:1|MetRS:1,MetRS_AMP:1,AMP:-1|MetRS:-1|MetRS_AMP:+1,false,0.0,true,k1 * MetRS * AMP,Met
re0000000172,Aminoacylation_A_Met,Aminoacylation_A_Met,false,1,2,MetRS_MetAMP:1,MetAMP:1|MetRS:1,MetAMP:+1|MetRS:+1|MetRS_MetAMP:-1,false,0.07,false,k1 * MetRS_MetAMP,Met
re0000000173,Aminoacylation_A_Met,Aminoacylation_A_Met,false,2,1,MetAMP:1|MetRS:1,MetRS_MetAMP:1,MetAMP:-1|MetRS:-1|MetRS_MetAMP:+1,false,2.4,false,k1 * MetRS * MetAMP,Met
re0000000174,Aminoacylation_A_Met,Aminoacylation_A_Met,false,2,1,AMP:1|Met:1,MetAMP:1,AMP:-1|Met:-1|MetAMP:+1,false,0.0,true,k1 * Met * AMP,shared
re0000000175,Aminoacylation_A_Met,Aminoacylation_A_Met,false,2,1,MetRS_MetAMP:1|PPi:1,MetRS_MetAMP_PPi:1,MetRS_MetAMP:-1|MetRS_MetAMP_PPi:+1|PPi:-1,false,0.0,true,k1 * MetRS_MetAMP * PPi,Met
re0000000176,Aminoacylation_B_GlyGCC,Aminoacylation_B_GlyGCC,false,1,2,GlytRNAGlyGCC:1,Gly:1|tRNAGlyGCC:1,Gly:+1|GlytRNAGlyGCC:-1|tRNAGlyGCC:+1,false,0.0,true,k1 * GlytRNAGlyGCC,shared
re0000000177,Aminoacylation_B_GlyGCC,Aminoacylation_B_GlyGCC,false,1,3,GlyRS_GlyAMP_tRNAGlyGCC:1,GlyAMP:1|GlyRS_degraded:1|tRNAGlyGCC:1,GlyAMP:+1|GlyRS_GlyAMP_tRNAGlyGCC:-1|GlyRS_degraded:+1|tRNAGlyGCC:+1,true,0.0,true,k1 * GlyRS_GlyAMP_tRNAGlyGCC,Gly
re0000000178,Aminoacylation_B_GlyGCC,Aminoacylation_B_GlyGCC,false,1,1,GlyRS_GlyAMP_tRNAGlyGCC:1,GlyRS_AMP_GlytRNAGlyGCC:1,GlyRS_AMP_GlytRNAGlyGCC:+1|GlyRS_GlyAMP_tRNAGlyGCC:-1,false,22.0,false,k1 * GlyRS_GlyAMP_tRNAGlyGCC,Gly
re0000000179,Aminoacylation_B_GlyGCC,Aminoacylation_B_GlyGCC,false,1,1,GlyRS_AMP_GlytRNAGlyGCC:1,GlyRS_GlyAMP_tRNAGlyGCC:1,GlyRS_AMP_GlytRNAGlyGCC:-1|GlyRS_GlyAMP_tRNAGlyGCC:+1,false,0.0,true,k1 * GlyRS_AMP_GlytRNAGlyGCC,Gly
re0000000180,Aminoacylation_B_GlyGCC,Aminoacylation_B_GlyGCC,false,1,2,GlyRS_AMP_GlytRNAGlyGCC:1,AMP:1|GlyRS_GlytRNAGlyGCC:1,AMP:+1|GlyRS_AMP_GlytRNAGlyGCC:-1|GlyRS_GlytRNAGlyGCC:+1,false,1000.0,false,k1 * GlyRS_AMP_GlytRNAGlyGCC,Gly
re0000000181,Aminoacylation_B_GlyGCC,Aminoacylation_B_GlyGCC,false,2,1,AMP:1|GlyRS_GlytRNAGlyGCC:1,GlyRS_AMP_GlytRNAGlyGCC:1,AMP:-1|GlyRS_AMP_GlytRNAGlyGCC:+1|GlyRS_GlytRNAGlyGCC:-1,false,0.0,true,k1 * GlyRS_GlytRNAGlyGCC * AMP,Gly
re0000000182,Aminoacylation_B_GlyGCC,Aminoacylation_B_GlyGCC,false,1,2,GlyRS_AMP_GlytRNAGlyGCC:1,GlyRS_AMP:1|GlytRNAGlyGCC:1,GlyRS_AMP:+1|GlyRS_AMP_GlytRNAGlyGCC:-1|GlytRNAGlyGCC:+1,false,353.0,false,k1 * GlyRS_AMP_GlytRNAGlyGCC,Gly
re0000000183,Aminoacylation_B_GlyGCC,Aminoacylation_B_GlyGCC,false,2,1,GlyRS_AMP:1|GlytRNAGlyGCC:1,GlyRS_AMP_GlytRNAGlyGCC:1,GlyRS_AMP:-1|GlyRS_AMP_GlytRNAGlyGCC:+1|GlytRNAGlyGCC:-1,false,100.0,false,k1 * GlyRS_AMP * GlytRNAGlyGCC,Gly
re0000000184,Aminoacylation_B_GlyGCC,Aminoacylation_B_GlyGCC,false,1,2,GlyRS_GlytRNAGlyGCC:1,GlyRS:1|GlytRNAGlyGCC:1,GlyRS:+1|GlyRS_GlytRNAGlyGCC:-1|GlytRNAGlyGCC:+1,false,353.0,false,k1 * GlyRS_GlytRNAGlyGCC,Gly
re0000000185,Aminoacylation_B_GlyGCC,Aminoacylation_B_GlyGCC,false,2,1,GlyRS:1|GlytRNAGlyGCC:1,GlyRS_GlytRNAGlyGCC:1,GlyRS:-1|GlyRS_GlytRNAGlyGCC:+1|GlytRNAGlyGCC:-1,false,100.0,false,k1 * GlyRS * GlytRNAGlyGCC,Gly
re0000000186,Aminoacylation_B_GlyGCC,Aminoacylation_B_GlyGCC,false,1,3,GlyRS_AMP_GlytRNAGlyGCC:1,AMP:1|GlyRS_degraded:1|GlytRNAGlyGCC:1,AMP:+1|GlyRS_AMP_GlytRNAGlyGCC:-1|GlyRS_degraded:+1|GlytRNAGlyGCC:+1,true,0.0,true,k1 * GlyRS_AMP_GlytRNAGlyGCC,Gly
re0000000187,Aminoacylation_B_GlyGCC,Aminoacylation_B_GlyGCC,false,1,2,GlyRS_GlytRNAGlyGCC:1,GlyRS_degraded:1|GlytRNAGlyGCC:1,GlyRS_GlytRNAGlyGCC:-1|GlyRS_degraded:+1|GlytRNAGlyGCC:+1,true,0.0,true,k1 * GlyRS_GlytRNAGlyGCC,Gly
re0000000188,Aminoacylation_B_GlyGCC,Aminoacylation_B_GlyGCC,false,2,1,Gly:1|GlyRS_tRNAGlyGCC:1,GlyRS_Gly_tRNAGlyGCC:1,Gly:-1|GlyRS_Gly_tRNAGlyGCC:+1|GlyRS_tRNAGlyGCC:-1,false,20.0,false,k1 * GlyRS_tRNAGlyGCC * Gly,Gly
re0000000189,Aminoacylation_B_GlyGCC,Aminoacylation_B_GlyGCC,false,1,2,GlyRS_GlyAMP_PPi_tRNAGlyGCC:1,GlyRS_GlyAMP_tRNAGlyGCC:1|PPi:1,GlyRS_GlyAMP_PPi_tRNAGlyGCC:-1|GlyRS_GlyAMP_tRNAGlyGCC:+1|PPi:+1,false,1000.0,false,k1 * GlyRS_GlyAMP_PPi_tRNAGlyGCC,Gly
re0000000190,Aminoacylation_B_GlyGCC,Aminoacylation_B_GlyGCC,false,1,2,GlyRS_Gly_tRNAGlyGCC:1,Gly:1|GlyRS_tRNAGlyGCC:1,Gly:+1|GlyRS_Gly_tRNAGlyGCC:-1|GlyRS_tRNAGlyGCC:+1,false,470.0,false,k1 * GlyRS_Gly_tRNAGlyGCC,Gly
re0000000191,Aminoacylation_B_GlyGCC,Aminoacylation_B_GlyGCC,false,2,1,ATP:1|GlyRS_tRNAGlyGCC:1,GlyRS_ATP_tRNAGlyGCC:1,ATP:-1|GlyRS_ATP_tRNAGlyGCC:+1|GlyRS_tRNAGlyGCC:-1,false,10.0,false,k1 * GlyRS_tRNAGlyGCC * ATP,Gly
re0000000192,Aminoacylation_B_GlyGCC,Aminoacylation_B_GlyGCC,false,1,2,GlyRS_ATP_tRNAGlyGCC:1,ATP:1|GlyRS_tRNAGlyGCC:1,ATP:+1|GlyRS_ATP_tRNAGlyGCC:-1|GlyRS_tRNAGlyGCC:+1,false,8900.0,false,k1 * GlyRS_ATP_tRNAGlyGCC,Gly
re0000000193,Aminoacylation_B_GlyGCC,Aminoacylation_B_GlyGCC,false,2,1,Gly:1|GlyRS_ATP_tRNAGlyGCC:1,GlyRS_Gly_ATP_tRNAGlyGCC:1,Gly:-1|GlyRS_ATP_tRNAGlyGCC:-1|GlyRS_Gly_ATP_tRNAGlyGCC:+1,false,0.024,false,k1 * GlyRS_ATP_tRNAGlyGCC * Gly,Gly
re0000000194,Aminoacylation_B_GlyGCC,Aminoacylation_B_GlyGCC,false,1,2,GlyRS_Gly_ATP_tRNAGlyGCC:1,Gly:1|GlyRS_ATP_tRNAGlyGCC:1,Gly:+1|GlyRS_ATP_tRNAGlyGCC:+1|GlyRS_Gly_ATP_tRNAGlyGCC:-1,false,3.2,false,k1 * GlyRS_Gly_ATP_tRNAGlyGCC,Gly
re0000000195,Aminoacylation_B_GlyGCC,Aminoacylation_B_GlyGCC,false,2,1,ATP:1|GlyRS_Gly_tRNAGlyGCC:1,GlyRS_Gly_ATP_tRNAGlyGCC:1,ATP:-1|GlyRS_Gly_ATP_tRNAGlyGCC:+1|GlyRS_Gly_tRNAGlyGCC:-1,false,10.0,false,k1 * GlyRS_Gly_tRNAGlyGCC * ATP,Gly
re0000000196,Aminoacylation_B_GlyGCC,Aminoacylation_B_GlyGCC,false,1,2,GlyRS_Gly_ATP_tRNAGlyGCC:1,ATP:1|GlyRS_Gly_tRNAGlyGCC:1,ATP:+1|GlyRS_Gly_ATP_tRNAGlyGCC:-1|GlyRS_Gly_tRNAGlyGCC:+1,false,4500.0,false,k1 * GlyRS_Gly_ATP_tRNAGlyGCC,Gly
re0000000197,Aminoacylation_B_GlyGCC,Aminoacylation_B_GlyGCC,false,1,1,GlyRS_Gly_ATP_tRNAGlyGCC:1,GlyRS_GlyAMP_PPi_tRNAGlyGCC:1,GlyRS_GlyAMP_PPi_tRNAGlyGCC:+1|GlyRS_Gly_ATP_tRNAGlyGCC:-1,false,2.0,false,k1 * GlyRS_Gly_ATP_tRNAGlyGCC,Gly
re0000000198,Aminoacylation_B_GlyGCC,Aminoacylation_B_GlyGCC,false,1,1,GlyRS_GlyAMP_PPi_tRNAGlyGCC:1,GlyRS_Gly_ATP_tRNAGlyGCC:1,GlyRS_GlyAMP_PPi_tRNAGlyGCC:-1|GlyRS_Gly_ATP_tRNAGlyGCC:+1,false,0.0,true,k1 * GlyRS_GlyAMP_PPi_tRNAGlyGCC,Gly
re0000000199,Aminoacylation_B_GlyGCC,Aminoacylation_B_GlyGCC,false,2,1,GlyRS:1|tRNAGlyGCC:1,GlyRS_tRNAGlyGCC:1,GlyRS:-1|GlyRS_tRNAGlyGCC:+1|tRNAGlyGCC:-1,false,376.0,false,k1 * GlyRS * tRNAGlyGCC,Gly
re0000000200,Aminoacylation_B_GlyGCC,Aminoacylation_B_GlyGCC,false,2,1,GlyRS_Gly:1|tRNAGlyGCC:1,GlyRS_Gly_tRNAGlyGCC:1,GlyRS_Gly:-1|GlyRS_Gly_tRNAGlyGCC:+1|tRNAGlyGCC:-1,false,376.0,false,k1 * GlyRS_Gly * tRNAGlyGCC,Gly
re0000000201,Aminoacylation_B_GlyGCC,Aminoacylation_B_GlyGCC,false,1,2,GlyRS_tRNAGlyGCC:1,GlyRS:1|tRNAGlyGCC:1,GlyRS:+1|GlyRS_tRNAGlyGCC:-1|tRNAGlyGCC:+1,false,100.0,false,k1 * GlyRS_tRNAGlyGCC,Gly
re0000000202,Aminoacylation_B_GlyGCC,Aminoacylation_B_GlyGCC,false,1,2,GlyRS_Gly_tRNAGlyGCC:1,GlyRS_Gly:1|tRNAGlyGCC:1,GlyRS_Gly:+1|GlyRS_Gly_tRNAGlyGCC:-1|tRNAGlyGCC:+1,false,100.0,false,k1 * GlyRS_Gly_tRNAGlyGCC,Gly
re0000000203,Aminoacylation_B_GlyGCC,Aminoacylation_B_GlyGCC,false,2,1,GlyRS_ATP:1|tRNAGlyGCC:1,GlyRS_ATP_tRNAGlyGCC:1,GlyRS_ATP:-1|GlyRS_ATP_tRNAGlyGCC:+1|tRNAGlyGCC:-1,false,376.0,false,k1 * GlyRS_ATP * tRNAGlyGCC,Gly
re0000000204,Aminoacylation_B_GlyGCC,Aminoacylation_B_GlyGCC,false,1,2,GlyRS_ATP_tRNAGlyGCC:1,GlyRS_ATP:1|tRNAGlyGCC:1,GlyRS_ATP:+1|GlyRS_ATP_tRNAGlyGCC:-1|tRNAGlyGCC:+1,false,100.0,false,k1 * GlyRS_ATP_tRNAGlyGCC,Gly
re0000000205,Aminoacylation_B_GlyGCC,Aminoacylation_B_GlyGCC,false,2,1,GlyRS_Gly_ATP:1|tRNAGlyGCC:1,GlyRS_Gly_ATP_tRNAGlyGCC:1,GlyRS_Gly_ATP:-1|GlyRS_Gly_ATP_tRNAGlyGCC:+1|tRNAGlyGCC:-1,false,376.0,false,k1 * GlyRS_Gly_ATP * tRNAGlyGCC,Gly
re0000000206,Aminoacylation_B_GlyGCC,Aminoacylation_B_GlyGCC,false,1,2,GlyRS_Gly_ATP_tRNAGlyGCC:1,GlyRS_Gly_ATP:1|tRNAGlyGCC:1,GlyRS_Gly_ATP:+1|GlyRS_Gly_ATP_tRNAGlyGCC:-1|tRNAGlyGCC:+1,false,100.0,false,k1 * GlyRS_Gly_ATP_tRNAGlyGCC,Gly
re0000000207,Aminoacylation_B_GlyGCC,Aminoacylation_B_GlyGCC,false,2,1,GlyRS_GlyAMP_PPi:1|tRNAGlyGCC:1,GlyRS_GlyAMP_PPi_tRNAGlyGCC:1,GlyRS_GlyAMP_PPi:-1|GlyRS_GlyAMP_PPi_tRNAGlyGCC:+1|tRNAGlyGCC:-1,false,353.0,false,k1 * GlyRS_GlyAMP_PPi * tRNAGlyGCC,Gly
re0000000208,Aminoacylation_B_GlyGCC,Aminoacylation_B_GlyGCC,false,1,2,GlyRS_GlyAMP_PPi_tRNAGlyGCC:1,GlyRS_GlyAMP_PPi:1|tRNAGlyGCC:1,GlyRS_GlyAMP_PPi:+1|GlyRS_GlyAMP_PPi_tRNAGlyGCC:-1|tRNAGlyGCC:+1,false,100.0,false,k1 * GlyRS_GlyAMP_PPi_tRNAGlyGCC,Gly
re0000000209,Aminoacylation_B_GlyGCC,Aminoacylation_B_GlyGCC,false,2,1,GlyRS_GlyAMP:1|tRNAGlyGCC:1,GlyRS_GlyAMP_tRNAGlyGCC:1,GlyRS_GlyAMP:-1|GlyRS_GlyAMP_tRNAGlyGCC:+1|tRNAGlyGCC:-1,false,353.0,false,k1 * GlyRS_GlyAMP * tRNAGlyGCC,Gly
re0000000210,Aminoacylation_B_GlyGCC,Aminoacylation_B_GlyGCC,false,1,2,GlyRS_GlyAMP_tRNAGlyGCC:1,GlyRS_GlyAMP:1|tRNAGlyGCC:1,GlyRS_GlyAMP:+1|GlyRS_GlyAMP_tRNAGlyGCC:-1|tRNAGlyGCC:+1,false,100.0,false,k1 * GlyRS_GlyAMP_tRNAGlyGCC,Gly
re0000000211,Aminoacylation_B_GlyGCC,Aminoacylation_B_GlyGCC,false,1,2,GlyRS_tRNAGlyGCC:1,GlyRS_degraded:1|tRNAGlyGCC:1,GlyRS_degraded:+1|GlyRS_tRNAGlyGCC:-1|tRNAGlyGCC:+1,true,0.0,true,k1 * GlyRS_tRNAGlyGCC,Gly
re0000000212,Aminoacylation_B_GlyGCC,Aminoacylation_B_GlyGCC,false,1,3,GlyRS_ATP_tRNAGlyGCC:1,ATP:1|GlyRS_degraded:1|tRNAGlyGCC:1,ATP:+1|GlyRS_ATP_tRNAGlyGCC:-1|GlyRS_degraded:+1|tRNAGlyGCC:+1,true,0.0,true,k1 * GlyRS_ATP_tRNAGlyGCC,Gly
re0000000213,Aminoacylation_B_GlyGCC,Aminoacylation_B_GlyGCC,false,1,3,GlyRS_Gly_tRNAGlyGCC:1,Gly:1|GlyRS_degraded:1|tRNAGlyGCC:1,Gly:+1|GlyRS_Gly_tRNAGlyGCC:-1|GlyRS_degraded:+1|tRNAGlyGCC:+1,true,0.0,true,k1 * GlyRS_Gly_tRNAGlyGCC,Gly
re0000000214,Aminoacylation_B_GlyGCC,Aminoacylation_B_GlyGCC,false,1,4,GlyRS_Gly_ATP_tRNAGlyGCC:1,ATP:1|Gly:1|GlyRS_degraded:1|tRNAGlyGCC:1,ATP:+1|Gly:+1|GlyRS_Gly_ATP_tRNAGlyGCC:-1|GlyRS_degraded:+1|tRNAGlyGCC:+1,true,0.0,true,k1 * GlyRS_Gly_ATP_tRNAGlyGCC,Gly
re0000000215,Aminoacylation_B_GlyGCC,Aminoacylation_B_GlyGCC,false,1,4,GlyRS_GlyAMP_PPi_tRNAGlyGCC:1,GlyAMP:1|GlyRS_degraded:1|PPi:1|tRNAGlyGCC:1,GlyAMP:+1|GlyRS_GlyAMP_PPi_tRNAGlyGCC:-1|GlyRS_degraded:+1|PPi:+1|tRNAGlyGCC:+1,true,0.0,true,k1 * GlyRS_GlyAMP_PPi_tRNAGlyGCC,Gly
re0000000216,Aminoacylation_B_GlyGCC,Aminoacylation_B_GlyGCC,false,2,1,Gly:1|tRNAGlyGCC:1,GlytRNAGlyGCC:1,Gly:-1|GlytRNAGlyGCC:+1|tRNAGlyGCC:-1,false,0.0,true,k1 * tRNAGlyGCC * Gly,shared
re0000000217,Aminoacylation_B_GlyGCC,Aminoacylation_B_GlyGCC,false,2,1,GlyRS_GlyAMP_tRNAGlyGCC:1|PPi:1,GlyRS_GlyAMP_PPi_tRNAGlyGCC:1,GlyRS_GlyAMP_PPi_tRNAGlyGCC:+1|GlyRS_GlyAMP_tRNAGlyGCC:-1|PPi:-1,false,0.0,true,k1 * GlyRS_GlyAMP_tRNAGlyGCC * PPi,Gly
re0000000218,Aminoacylation_B_fMetCAU,Aminoacylation_B_fMetCAU,false,1,2,MettRNAfMetCAU:1,Met:1|tRNAfMetCAU:1,Met:+1|MettRNAfMetCAU:-1|tRNAfMetCAU:+1,false,0.0,true,k1 * MettRNAfMetCAU,shared
re0000000219,Aminoacylation_B_fMetCAU,Aminoacylation_B_fMetCAU,false,1,3,MetRS_MetAMP_tRNAfMetCAU:1,MetAMP:1|MetRS_degraded:1|tRNAfMetCAU:1,MetAMP:+1|MetRS_MetAMP_tRNAfMetCAU:-1|MetRS_degraded:+1|tRNAfMetCAU:+1,true,0.0,true,k1 * MetRS_MetAMP_tRNAfMetCAU,Met
re0000000220,Aminoacylation_B_fMetCAU,Aminoacylation_B_fMetCAU,false,1,1,MetRS_MetAMP_tRNAfMetCAU:1,MetRS_AMP_MettRNAfMetCAU:1,MetRS_AMP_MettRNAfMetCAU:+1|MetRS_MetAMP_tRNAfMetCAU:-1,false,13.7,false,k1 * MetRS_MetAMP_tRNAfMetCAU,Met
re0000000221,Aminoacylation_B_fMetCAU,Aminoacylation_B_fMetCAU,false,1,1,MetRS_AMP_MettRNAfMetCAU:1,MetRS_MetAMP_tRNAfMetCAU:1,MetRS_AMP_MettRNAfMetCAU:-1|MetRS_MetAMP_tRNAfMetCAU:+1,false,0.0,true,k1 * MetRS_AMP_MettRNAfMetCAU,Met
re0000000222,Aminoacylation_B_fMetCAU,Aminoacylation_B_fMetCAU,false,1,2,MetRS_AMP_MettRNAfMetCAU:1,AMP:1|MetRS_MettRNAfMetCAU:1,AMP:+1|MetRS_AMP_MettRNAfMetCAU:-1|MetRS_MettRNAfMetCAU:+1,false,1000.0,false,k1 * MetRS_AMP_MettRNAfMetCAU,Met
re0000000223,Aminoacylation_B_fMetCAU,Aminoacylation_B_fMetCAU,false,2,1,AMP:1|MetRS_MettRNAfMetCAU:1,MetRS_AMP_MettRNAfMetCAU:1,AMP:-1|MetRS_AMP_MettRNAfMetCAU:+1|MetRS_MettRNAfMetCAU:-1,false,0.0,true,k1 * MetRS_MettRNAfMetCAU * AMP,Met
re0000000224,Aminoacylation_B_fMetCAU,Aminoacylation_B_fMetCAU,false,1,2,MetRS_AMP_MettRNAfMetCAU:1,MetRS_AMP:1|MettRNAfMetCAU:1,MetRS_AMP:+1|MetRS_AMP_MettRNAfMetCAU:-1|MettRNAfMetCAU:+1,false,1.685,false,k1 * MetRS_AMP_MettRNAfMetCAU,Met
re0000000225,Aminoacylation_B_fMetCAU,Aminoacylation_B_fMetCAU,false,2,1,MetRS_AMP:1|MettRNAfMetCAU:1,MetRS_AMP_MettRNAfMetCAU:1,MetRS_AMP:-1|MetRS_AMP_MettRNAfMetCAU:+1|MettRNAfMetCAU:-1,false,5.6,false,k1 * MetRS_AMP * MettRNAfMetCAU,Met
re0000000226,Aminoacylation_B_fMetCAU,Aminoacylation_B_fMetCAU,false,1,2,MetRS_MettRNAfMetCAU:1,MetRS:1|MettRNAfMetCAU:1,MetRS:+1|MetRS_MettRNAfMetCAU:-1|MettRNAfMetCAU:+1,false,1.685,false,k1 * MetRS_MettRNAfMetCAU,Met
re0000000227,Aminoacylation_B_fMetCAU,Aminoacylation_B_fMetCAU,false,2,1,MetRS:1|MettRNAfMetCAU:1,MetRS_MettRNAfMetCAU:1,MetRS:-1|MetRS_MettRNAfMetCAU:+1|MettRNAfMetCAU:-1,false,5.6,false,k1 * MetRS * MettRNAfMetCAU,Met
re0000000228,Aminoacylation_B_fMetCAU,Aminoacylation_B_fMetCAU,false,1,3,MetRS_AMP_MettRNAfMetCAU:1,AMP:1|MetRS_degraded:1|MettRNAfMetCAU:1,AMP:+1|MetRS_AMP_MettRNAfMetCAU:-1|MetRS_degraded:+1|MettRNAfMetCAU:+1,true,0.0,true,k1 * MetRS_AMP_MettRNAfMetCAU,Met
re0000000229,Aminoacylation_B_fMetCAU,Aminoacylation_B_fMetCAU,false,1,2,MetRS_MettRNAfMetCAU:1,MetRS_degraded:1|MettRNAfMetCAU:1,MetRS_MettRNAfMetCAU:-1|MetRS_degraded:+1|MettRNAfMetCAU:+1,true,0.0,true,k1 * MetRS_MettRNAfMetCAU,Met
re0000000230,Aminoacylation_B_fMetCAU,Aminoacylation_B_fMetCAU,false,2,1,Met:1|MetRS_tRNAfMetCAU:1,MetRS_Met_tRNAfMetCAU:1,Met:-1|MetRS_Met_tRNAfMetCAU:+1|MetRS_tRNAfMetCAU:-1,false,5.0,false,k1 * MetRS_tRNAfMetCAU * Met,Met
re0000000231,Aminoacylation_B_fMetCAU,Aminoacylation_B_fMetCAU,false,1,2,MetRS_MetAMP_PPi_tRNAfMetCAU:1,MetRS_MetAMP_tRNAfMetCAU:1|PPi:1,MetRS_MetAMP_PPi_tRNAfMetCAU:-1|MetRS_MetAMP_tRNAfMetCAU:+1|PPi:+1,false,1000.0,false,k1 * MetRS_MetAMP_PPi_tRNAfMetCAU,Met
re0000000232,Aminoacylation_B_fMetCAU,Aminoacylation_B_fMetCAU,false,1,2,MetRS_Met_tRNAfMetCAU:1,Met:1|MetRS_tRNAfMetCAU:1,Met:+1|MetRS_Met_tRNAfMetCAU:-1|MetRS_tRNAfMetCAU:+1,false,350.0,false,k1 * MetRS_Met_tRNAfMetCAU,Met
re0000000233,Aminoacylation_B_fMetCAU,Aminoacylation_B_fMetCAU,false,2,1,ATP:1|MetRS_tRNAfMetCAU:1,MetRS_ATP_tRNAfMetCAU:1,ATP:-1|MetRS_ATP_tRNAfMetCAU:+1|MetRS_tRNAfMetCAU:-1,false,10.0,false,k1 * MetRS_tRNAfMetCAU * ATP,Met
re0000000234,Aminoacylation_B_fMetCAU,Aminoacylation_B_fMetCAU,false,1,2,MetRS_ATP_tRNAfMetCAU:1,ATP:1|MetRS_tRNAfMetCAU:1,ATP:+1|MetRS_ATP_tRNAfMetCAU:-1|MetRS_tRNAfMetCAU:+1,false,2500.0,false,k1 * MetRS_ATP_tRNAfMetCAU,Met
re0000000235,Aminoacylation_B_fMetCAU,Aminoacylation_B_fMetCAU,false,2,1,Met:1|MetRS_ATP_tRNAfMetCAU:1,MetRS_Met_ATP_tRNAfMetCAU:1,Met:-1|MetRS_ATP_tRNAfMetCAU:-1|MetRS_Met_ATP_tRNAfMetCAU:+1,false,5.0,false,k1 * MetRS_ATP_tRNAfMetCAU * Met,Met
re0000000236,Aminoacylation_B_fMetCAU,Aminoacylation_B_fMetCAU,false,1,2,MetRS_Met_ATP_tRNAfMetCAU:1,Met:1|MetRS_ATP_tRNAfMetCAU:1,Met:+1|MetRS_ATP_tRNAfMetCAU:+1|MetRS_Met_ATP_tRNAfMetCAU:-1,false,350.0,false,k1 * MetRS_Met_ATP_tRNAfMetCAU,Met
re0000000237,Aminoacylation_B_fMetCAU,Aminoacylation_B_fMetCAU,false,2,1,ATP:1|MetRS_Met_tRNAfMetCAU:1,MetRS_Met_ATP_tRNAfMetCAU:1,ATP:-1|MetRS_Met_ATP_tRNAfMetCAU:+1|MetRS_Met_tRNAfMetCAU:-1,false,10.0,false,k1 * MetRS_Met_tRNAfMetCAU * ATP,Met
re0000000238,Aminoacylation_B_fMetCAU,Aminoacylation_B_fMetCAU,false,1,2,MetRS_Met_ATP_tRNAfMetCAU:1,ATP:1|MetRS_Met_tRNAfMetCAU:1,ATP:+1|MetRS_Met_ATP_tRNAfMetCAU:-1|MetRS_Met_tRNAfMetCAU:+1,false,2500.0,false,k1 * MetRS_Met_ATP_tRNAfMetCAU,Met
re0000000239,Aminoacylation_B_fMetCAU,Aminoacylation_B_fMetCAU,false,1,1,MetRS_Met_ATP_tRNAfMetCAU:1,MetRS_MetAMP_PPi_tRNAfMetCAU:1,MetRS_MetAMP_PPi_tRNAfMetCAU:+1|MetRS_Met_ATP_tRNAfMetCAU:-1,false,200.0,false,k1 * MetRS_Met_ATP_tRNAfMetCAU,Met
re0000000240,Aminoacylation_B_fMetCAU,Aminoacylation_B_fMetCAU,false,1,1,MetRS_MetAMP_PPi_tRNAfMetCAU:1,MetRS_Met_ATP_tRNAfMetCAU:1,MetRS_MetAMP_PPi_tRNAfMetCAU:-1|MetRS_Met_ATP_tRNAfMetCAU:+1,false,0.0,true,k1 * MetRS_MetAMP_PPi_tRNAfMetCAU,Met
re0000000241,Aminoacylation_B_fMetCAU,Aminoacylation_B_fMetCAU,false,2,1,MetRS:1|tRNAfMetCAU:1,MetRS_tRNAfMetCAU:1,MetRS:-1|MetRS_tRNAfMetCAU:+1|tRNAfMetCAU:-1,false,50.0,false,k1 * MetRS * tRNAfMetCAU,Met
re0000000242,Aminoacylation_B_fMetCAU,Aminoacylation_B_fMetCAU,false,2,1,MetRS_Met:1|tRNAfMetCAU:1,MetRS_Met_tRNAfMetCAU:1,MetRS_Met:-1|MetRS_Met_tRNAfMetCAU:+1|tRNAfMetCAU:-1,false,50.0,false,k1 * MetRS_Met * tRNAfMetCAU,Met
re0000000243,Aminoacylation_B_fMetCAU,Aminoacylation_B_fMetCAU,false,1,2,MetRS_tRNAfMetCAU:1,MetRS:1|tRNAfMetCAU:1,MetRS:+1|MetRS_tRNAfMetCAU:-1|tRNAfMetCAU:+1,false,150.0,false,k1 * MetRS_tRNAfMetCAU,Met
re0000000244,Aminoacylation_B_fMetCAU,Aminoacylation_B_fMetCAU,false,1,2,MetRS_Met_tRNAfMetCAU:1,MetRS_Met:1|tRNAfMetCAU:1,MetRS_Met:+1|MetRS_Met_tRNAfMetCAU:-1|tRNAfMetCAU:+1,false,150.0,false,k1 * MetRS_Met_tRNAfMetCAU,Met
re0000000245,Aminoacylation_B_fMetCAU,Aminoacylation_B_fMetCAU,false,2,1,MetRS_ATP:1|tRNAfMetCAU:1,MetRS_ATP_tRNAfMetCAU:1,MetRS_ATP:-1|MetRS_ATP_tRNAfMetCAU:+1|tRNAfMetCAU:-1,false,50.0,false,k1 * MetRS_ATP * tRNAfMetCAU,Met
re0000000246,Aminoacylation_B_fMetCAU,Aminoacylation_B_fMetCAU,false,1,2,MetRS_ATP_tRNAfMetCAU:1,MetRS_ATP:1|tRNAfMetCAU:1,MetRS_ATP:+1|MetRS_ATP_tRNAfMetCAU:-1|tRNAfMetCAU:+1,false,150.0,false,k1 * MetRS_ATP_tRNAfMetCAU,Met
re0000000247,Aminoacylation_B_fMetCAU,Aminoacylation_B_fMetCAU,false,2,1,MetRS_Met_ATP:1|tRNAfMetCAU:1,MetRS_Met_ATP_tRNAfMetCAU:1,MetRS_Met_ATP:-1|MetRS_Met_ATP_tRNAfMetCAU:+1|tRNAfMetCAU:-1,false,50.0,false,k1 * MetRS_Met_ATP * tRNAfMetCAU,Met
re0000000248,Aminoacylation_B_fMetCAU,Aminoacylation_B_fMetCAU,false,1,2,MetRS_Met_ATP_tRNAfMetCAU:1,MetRS_Met_ATP:1|tRNAfMetCAU:1,MetRS_Met_ATP:+1|MetRS_Met_ATP_tRNAfMetCAU:-1|tRNAfMetCAU:+1,false,150.0,false,k1 * MetRS_Met_ATP_tRNAfMetCAU,Met
re0000000249,Aminoacylation_B_fMetCAU,Aminoacylation_B_fMetCAU,false,2,1,MetRS_MetAMP_PPi:1|tRNAfMetCAU:1,MetRS_MetAMP_PPi_tRNAfMetCAU:1,MetRS_MetAMP_PPi:-1|MetRS_MetAMP_PPi_tRNAfMetCAU:+1|tRNAfMetCAU:-1,false,50.0,false,k1 * MetRS_MetAMP_PPi * tRNAfMetCAU,Met
re0000000250,Aminoacylation_B_fMetCAU,Aminoacylation_B_fMetCAU,false,1,2,MetRS_MetAMP_PPi_tRNAfMetCAU:1,MetRS_MetAMP_PPi:1|tRNAfMetCAU:1,MetRS_MetAMP_PPi:+1|MetRS_MetAMP_PPi_tRNAfMetCAU:-1|tRNAfMetCAU:+1,false,150.0,false,k1 * MetRS_MetAMP_PPi_tRNAfMetCAU,Met
re0000000251,Aminoacylation_B_fMetCAU,Aminoacylation_B_fMetCAU,false,2,1,MetRS_MetAMP:1|tRNAfMetCAU:1,MetRS_MetAMP_tRNAfMetCAU:1,MetRS_MetAMP:-1|MetRS_MetAMP_tRNAfMetCAU:+1|tRNAfMetCAU:-1,false,50.0,false,k1 * MetRS_MetAMP * tRNAfMetCAU,Met
re0000000252,Aminoacylation_B_fMetCAU,Aminoacylation_B_fMetCAU,false,1,2,MetRS_MetAMP_tRNAfMetCAU:1,MetRS_MetAMP:1|tRNAfMetCAU:1,MetRS_MetAMP:+1|MetRS_MetAMP_tRNAfMetCAU:-1|tRNAfMetCAU:+1,false,150.0,false,k1 * MetRS_MetAMP_tRNAfMetCAU,Met
re0000000253,Aminoacylation_B_fMetCAU,Aminoacylation_B_fMetCAU,false,1,2,MetRS_tRNAfMetCAU:1,MetRS_degraded:1|tRNAfMetCAU:1,MetRS_degraded:+1|MetRS_tRNAfMetCAU:-1|tRNAfMetCAU:+1,true,0.0,true,k1 * MetRS_tRNAfMetCAU,Met
re0000000254,Aminoacylation_B_fMetCAU,Aminoacylation_B_fMetCAU,false,1,3,MetRS_ATP_tRNAfMetCAU:1,ATP:1|MetRS_degraded:1|tRNAfMetCAU:1,ATP:+1|MetRS_ATP_tRNAfMetCAU:-1|MetRS_degraded:+1|tRNAfMetCAU:+1,true,0.0,true,k1 * MetRS_ATP_tRNAfMetCAU,Met
re0000000255,Aminoacylation_B_fMetCAU,Aminoacylation_B_fMetCAU,false,1,3,MetRS_Met_tRNAfMetCAU:1,Met:1|MetRS_degraded:1|tRNAfMetCAU:1,Met:+1|MetRS_Met_tRNAfMetCAU:-1|MetRS_degraded:+1|tRNAfMetCAU:+1,true,0.0,true,k1 * MetRS_Met_tRNAfMetCAU,Met
re0000000256,Aminoacylation_B_fMetCAU,Aminoacylation_B_fMetCAU,false,1,4,MetRS_Met_ATP_tRNAfMetCAU:1,ATP:1|Met:1|MetRS_degraded:1|tRNAfMetCAU:1,ATP:+1|Met:+1|MetRS_Met_ATP_tRNAfMetCAU:-1|MetRS_degraded:+1|tRNAfMetCAU:+1,true,0.0,true,k1 * MetRS_Met_ATP_tRNAfMetCAU,Met
re0000000257,Aminoacylation_B_fMetCAU,Aminoacylation_B_fMetCAU,false,1,4,MetRS_MetAMP_PPi_tRNAfMetCAU:1,MetAMP:1|MetRS_degraded:1|PPi:1|tRNAfMetCAU:1,MetAMP:+1|MetRS_MetAMP_PPi_tRNAfMetCAU:-1|MetRS_degraded:+1|PPi:+1|tRNAfMetCAU:+1,true,0.0,true,k1 * MetRS_MetAMP_PPi_tRNAfMetCAU,Met
re0000000258,Aminoacylation_B_fMetCAU,Aminoacylation_B_fMetCAU|Elongation_A_Met,true,1,1,MettRNAfMetCAU:1,MettRNAfMetCAU_degraded:1,MettRNAfMetCAU:-1|MettRNAfMetCAU_degraded:+1,true,0.0,true,k1 * MettRNAfMetCAU,shared
re0000000259,Aminoacylation_B_fMetCAU,Aminoacylation_B_fMetCAU,false,2,1,Met:1|tRNAfMetCAU:1,MettRNAfMetCAU:1,Met:-1|MettRNAfMetCAU:+1|tRNAfMetCAU:-1,false,0.0,true,k1 * tRNAfMetCAU * Met,shared
re0000000260,Aminoacylation_B_fMetCAU,Aminoacylation_B_fMetCAU,false,2,1,MetRS_MetAMP_tRNAfMetCAU:1|PPi:1,MetRS_MetAMP_PPi_tRNAfMetCAU:1,MetRS_MetAMP_PPi_tRNAfMetCAU:+1|MetRS_MetAMP_tRNAfMetCAU:-1|PPi:-1,false,0.0,true,k1 * MetRS_MetAMP_tRNAfMetCAU * PPi,Met
