id,max_absolute_error,y_scale,E_inf,threshold
re0000000001,8.107173028994228e-37,1.0,8.107173028994228e-37,1e-06
re0000000002,0.0,1.0,0.0,1e-06
re0000000003,0.0,1.0,0.0,1e-06
re0000000004,0.0,1.0,0.0,1e-06
re0000000005,0.0,1.0,0.0,1e-06
re0000000006,0.0,1.0,0.0,1e-06
re0000000007,0.0,1.0,0.0,1e-06
re0000000008,0.0,1.0,0.0,1e-06
re0000000009,0.0,1.0,0.0,1e-06
re0000000010,0.0,1.0,0.0,1e-06
re0000000011,0.0,1.0,0.0,1e-06
re0000000012,0.0,1.0,0.0,1e-06
re0000000013,3.9118204550499366e-41,1.0,3.9118204550499366e-41,1e-06
re0000000014,7.457059726531416e-42,1.0,7.457059726531416e-42,1e-06
re0000000015,0.0,1.0,0.0,1e-06
re0000000016,3.273401396071664e-42,1.0,3.273401396071664e-42,1e-06
re0000000017,1.557001174340651e-44,1.0,1.557001174340651e-44,1e-06
re0000000018,6.068954115680467e-45,1.0,6.068954115680467e-45,1e-06
re0000000019,4.179635522058942e-46,1.0,4.179635522058942e-46,1e-06
re0000000020,5.512988227180332e-48,1.0,5.512988227180332e-48,1e-06
re0000000021,6.596629867052045e-45,1.0,6.596629867052045e-45,1e-06
re0000000022,6.836105209207129e-48,1.0,6.836105209207129e-48,1e-06
re0000000023,1.724701503397426e-50,1.0,1.724701503397426e-50,1e-06
re0000000024,1.724701503397426e-50,1.0,1.724701503397426e-50,1e-06
re0000000025,5.635109002709355e-51,1.0,5.635109002709355e-51,1e-06
re0000000026,0.0,1.0,0.0,1e-06
re0000000027,0.0,1.0,0.0,1e-06
re0000000028,0.0,1.0,0.0,1e-06
re0000000029,0.0,1.0,0.0,1e-06
re0000000030,0.0,1.0,0.0,1e-06
re0000000031,0.0,1.0,0.0,1e-06
re0000000032,0.0,1.0,0.0,1e-06
re0000000033,0.0,1.0,0.0,1e-06
re0000000034,0.0,1.0,0.0,1e-06
re0000000035,0.0,1.0,0.0,1e-06
re0000000036,0.0,1.0,0.0,1e-06
re0000000037,0.0,1.0,0.0,1e-06
re0000000038,0.0,1.0,0.0,1e-06
re0000000039,0.0,1.0,0.0,1e-06
re0000000040,0.0,1.0,0.0,1e-06
re0000000041,0.0,1.0,0.0,1e-06
re0000000042,0.0,1.0,0.0,1e-06
re0000000043,0.0,1.0,0.0,1e-06
re0000000044,0.0,1.0,0.0,1e-06
re0000000045,0.0,1.0,0.0,1e-06
re0000000046,0.0,1.0,0.0,1e-06
re0000000047,0.0,1.0,0.0,1e-06
re0000000048,0.0,1.0,0.0,1e-06
re0000000049,0.0,1.0,0.0,1e-06
re0000000050,0.0,1.0,0.0,1e-06
re0000000051,0.0,1.0,0.0,1e-06
re0000000052,0.0,1.0,0.0,1e-06
re0000000053,0.0,1.0,0.0,1e-06
re0000000054,0.0,1.0,0.0,1e-06
re0000000055,0.0,1.0,0.0,1e-06
re0000000056,0.0,1.0,0.0,1e-06
re0000000057,0.0,1.0,0.0,1e-06
re0000000058,0.0,1.0,0.0,1e-06
re0000000059,0.0,1.0,0.0,1e-06
re0000000060,0.0,1.0,0.0,1e-06
re0000000061,0.0,1.0,0.0,1e-06
re0000000062,0.0,1.0,0.0,1e-06
re0000000063,0.0,1.0,0.0,1e-06
re0000000064,0.0,1.0,0.0,1e-06
re0000000065,0.0,1.0,0.0,1e-06
re0000000066,0.0,1.0,0.0,1e-06
re0000000067,0.0,1.0,0.0,1e-06
re0000000068,1.7889395812553692e-51,1.0,1.7889395812553692e-51,1e-06
re0000000069,0.0,1.0,0.0,1e-06
re0000000070,0.0,1.0,0.0,1e-06
re0000000071,0.0,1.0,0.0,1e-06
re0000000072,0.0,1.0,0.0,1e-06
re0000000073,0.0,1.0,0.0,1e-06
re0000000074,1.981455299223182e-56,1.0,1.981455299223182e-56,1e-06
re0000000075,1.8981409941123035e-57,1.0,1.8981409941123035e-57,1e-06
re0000000076,0.0,1.0,0.0,1e-06
re0000000077,5.176548768549543e-58,1.0,5.176548768549543e-58,1e-06
re0000000078,1.269116983424514e-60,1.0,1.269116983424514e-60,1e-06
re0000000079,3.198850454749979e-61,1.0,3.198850454749979e-61,1e-06
re0000000080,1.246511177058919e-62,1.0,1.246511177058919e-62,1e-06
re0000000081,9.454663667845695e-65,1.0,9.454663667845695e-65,1e-06
re0000000082,1.679124709848116e-60,1.0,1.679124709848116e-60,1e-06
re0000000083,1.1723782953788462e-64,1.0,1.1723782953788462e-64,1e-06
re0000000084,1.7347156093567315e-67,1.0,1.7347156093567315e-67,1e-06
re0000000085,1.7347156093567315e-67,1.0,1.7347156093567315e-67,1e-06
re0000000086,3.882118246253511e-68,1.0,3.882118246253511e-68,1e-06
re0000000087,0.0,1.0,0.0,1e-06
re0000000088,0.0,1.0,0.0,1e-06
re0000000089,0.0,1.0,0.0,1e-06
re0000000090,0.0,1.0,0.0,1e-06
re0000000091,0.0,1.0,0.0,1e-06
re0000000092,0.0,1.0,0.0,1e-06
re0000000093,0.0,1.0,0.0,1e-06
re0000000094,0.0,1.0,0.0,1e-06
re0000000095,0.0,1.0,0.0,1e-06
re0000000096,0.0,1.0,0.0,1e-06
re0000000097,0.0,1.0,0.0,1e-06
re0000000098,0.0,1.0,0.0,1e-06
re0000000099,0.0,1.0,0.0,1e-06
re0000000100,0.0,1.0,0.0,1e-06
re0000000101,0.0,1.0,0.0,1e-06
re0000000102,0.0,1.0,0.0,1e-06
re0000000103,0.0,1.0,0.0,1e-06
re0000000104,0.0,1.0,0.0,1e-06
re0000000105,0.0,1.0,0.0,1e-06
re0000000106,0.0,1.0,0.0,1e-06
re0000000107,0.0,1.0,0.0,1e-06
re0000000108,0.0,1.0,0.0,1e-06
re0000000109,0.0,1.0,0.0,1e-06
re0000000110,0.0,1.0,0.0,1e-06
re0000000111,0.0,1.0,0.0,1e-06
re0000000112,0.0,1.0,0.0,1e-06
re0000000113,0.0,1.0,0.0,1e-06
re0000000114,0.0,1.0,0.0,1e-06
re0000000115,0.0,1.0,0.0,1e-06
re0000000116,0.0,1.0,0.0,1e-06
re0000000117,0.0,1.0,0.0,1e-06
re0000000118,0.0,1.0,0.0,1e-06
re0000000119,0.0,1.0,0.0,1e-06
re0000000120,0.0,1.0,0.0,1e-06
re0000000121,0.0,1.0,0.0,1e-06
re0000000122,0.0,1.0,0.0,1e-06
re0000000123,0.0,1.0,0.0,1e-06
re0000000124,0.0,1.0,0.0,1e-06
re0000000125,0.0,1.0,0.0,1e-06
re0000000126,2.8227420401094605e-14,1.0,2.8227420401094605e-14,1e-06
re0000000127,2.0231212538579513e-16,1.0,2.0231212538579513e-16,1e-06
re0000000128,0.0,1.0,0.0,1e-06
re0000000129,0.0,1.0,0.0,1e-06
re0000000130,0.0,1.0,0.0,1e-06
re0000000131,5.924080670460796e-16,1.0,5.924080670460796e-16,1e-06
re0000000132,1.7141843500212417e-13,1.0,1.7141843500212417e-13,1e-06
re0000000133,1.9384494009955233e-13,1.0,1.9384494009955233e-13,1e-06
re0000000134,1.5677563414140394e-16,1.0,1.5677563414140394e-16,1e-06
re0000000135,5.198749417067994e-17,1.0,5.198749417067994e-17,1e-06
re0000000136,4.696243394164412e-14,1.0,4.696243394164412e-14,1e-06
re0000000137,7.310818617156656e-14,1.0,7.310818617156656e-14,1e-06
re0000000138,0.0,1.0,0.0,1e-06
re0000000139,0.0,1.0,0.0,1e-06
re0000000140,4.692427002517263e-16,1.0,4.692427002517263e-16,1e-06
re0000000141,9.513874063560301e-18,1.0,9.513874063560301e-18,1e-06
re0000000142,0.0,1.0,0.0,1e-06
re0000000143,0.0,1.0,0.0,1e-06
re0000000144,0.0,1.0,0.0,1e-06
re0000000145,1.870248747537495e-18,1.0,1.870248747537495e-18,1e-06
re0000000146,0.0,1.0,0.0,1e-06
re0000000147,9.115530350334365e-21,1.0,9.115530350334365e-21,1e-06
re0000000148,1.739381498027155e-24,1.0,1.739381498027155e-24,1e-06
re0000000149,0.0,1.0,0.0,1e-06
re0000000150,0.0,1.0,0.0,1e-06
re0000000151,2.3592239273284576e-15,1.0,2.3592239273284576e-15,1e-06
re0000000152,8.309325449928906e-16,1.0,8.309325449928906e-16,1e-06
re0000000153,0.0,1.0,0.0,1e-06
re0000000154,0.0,1.0,0.0,1e-06
re0000000155,0.0,1.0,0.0,1e-06
re0000000156,5.611830444784971e-16,1.0,5.611830444784971e-16,1e-06
re0000000157,5.81756864903582e-14,1.0,5.81756864903582e-14,1e-06
re0000000158,5.762057497804562e-14,1.0,5.762057497804562e-14,1e-06
re0000000159,3.469446951953614e-14,1.0,3.469446951953614e-14,1e-06
re0000000160,8.590350653037149e-15,1.0,8.590350653037149e-15,1e-06
re0000000161,6.117328865684613e-14,1.0,6.117328865684613e-14,1e-06
re0000000162,6.106226635438361e-14,1.0,6.106226635438361e-14,1e-06
re0000000163,0.0,1.0,0.0,1e-06
re0000000164,0.0,1.0,0.0,1e-06
re0000000165,1.4606371667724716e-15,1.0,1.4606371667724716e-15,1e-06
re0000000166,1.249000902703301e-16,1.0,1.249000902703301e-16,1e-06
re0000000167,0.0,1.0,0.0,1e-06
re0000000168,0.0,1.0,0.0,1e-06
re0000000169,0.0,1.0,0.0,1e-06
re0000000170,1.1434944787933055e-19,1.0,1.1434944787933055e-19,1e-06
re0000000171,0.0,1.0,0.0,1e-06
re0000000172,1.0164395367051604e-19,1.0,1.0164395367051604e-19,1e-06
re0000000173,1.4113769201686035e-23,1.0,1.4113769201686035e-23,1e-06
re0000000174,0.0,1.0,0.0,1e-06
re0000000175,0.0,1.0,0.0,1e-06
re0000000176,0.0,1.0,0.0,1e-06
re0000000177,0.0,1.0,0.0,1e-06
re0000000178,8.673617379884035e-18,1.0,8.673617379884035e-18,1e-06
re0000000179,0.0,1.0,0.0,1e-06
re0000000180,6.5052130349130266e-18,1.0,6.5052130349130266e-18,1e-06
re0000000181,0.0,1.0,0.0,1e-06
re0000000182,2.439454888092385e-18,1.0,2.439454888092385e-18,1e-06
re0000000183,1.315217173959314e-22,1.0,1.315217173959314e-22,1e-06
re0000000184,1.6805133673525319e-18,1.0,1.6805133673525319e-18,1e-06
re0000000185,1.498851269946086e-20,1.0,1.498851269946086e-20,1e-06
re0000000186,0.0,1.0,0.0,1e-06
re0000000187,0.0,1.0,0.0,1e-06
re0000000188,2.363387263670802e-14,1.0,2.363387263670802e-14,1e-06
re0000000189,1.706534219492184e-16,1.0,1.706534219492184e-16,1e-06
re0000000190,5.967448757360216e-16,1.0,5.967448757360216e-16,1e-06
re0000000191,1.4788170688007085e-13,1.0,1.4788170688007085e-13,1e-06
re0000000192,1.680877659282487e-13,1.0,1.680877659282487e-13,1e-06
re0000000193,1.36501053515925e-16,1.0,1.36501053515925e-16,1e-06
re0000000194,4.1579153314819095e-17,1.0,4.1579153314819095e-17,1e-06
re0000000195,3.552713678800501e-14,1.0,3.552713678800501e-14,1e-06
re0000000196,5.81756864903582e-14,1.0,5.81756864903582e-14,1e-06
re0000000197,2.5804011705155006e-17,1.0,2.5804011705155006e-17,1e-06
re0000000198,0.0,1.0,0.0,1e-06
re0000000199,7.237266341775239e-15,1.0,7.237266341775239e-15,1e-06
re0000000200,1.5161483180037294e-15,1.0,1.5161483180037294e-15,1e-06
re0000000201,3.937822290467352e-16,1.0,3.937822290467352e-16,1e-06
re0000000202,1.3183898417423734e-16,1.0,1.3183898417423734e-16,1e-06
re0000000203,3.3861802251067274e-14,1.0,3.3861802251067274e-14,1e-06
re0000000204,1.8925833122906965e-15,1.0,1.8925833122906965e-15,1e-06
re0000000205,2.1538326677728037e-14,1.0,2.1538326677728037e-14,1e-06
re0000000206,1.2958384365546749e-15,1.0,1.2958384365546749e-15,1e-06
re0000000207,2.8471149049469346e-16,1.0,2.8471149049469346e-16,1e-06
re0000000208,1.7062631689490626e-17,1.0,1.7062631689490626e-17,1e-06
re0000000209,1.4934884925987824e-16,1.0,1.4934884925987824e-16,1e-06
re0000000210,4.5102810375396984e-17,1.0,4.5102810375396984e-17,1e-06
re0000000211,0.0,1.0,0.0,1e-06
re0000000212,0.0,1.0,0.0,1e-06
re0000000213,0.0,1.0,0.0,1e-06
re0000000214,0.0,1.0,0.0,1e-06
re0000000215,0.0,1.0,0.0,1e-06
re0000000216,0.0,1.0,0.0,1e-06
re0000000217,0.0,1.0,0.0,1e-06
re0000000218,0.0,1.0,0.0,1e-06
re0000000219,0.0,1.0,0.0,1e-06
re0000000220,2.3418766925686896e-17,1.0,2.3418766925686896e-17,1e-06
re0000000221,0.0,1.0,0.0,1e-06
re0000000222,4.336808689942018e-17,1.0,4.336808689942018e-17,1e-06
re0000000223,0.0,1.0,0.0,1e-06
re0000000224,6.776263578034403e-20,1.0,6.776263578034403e-20,1e-06
re0000000225,5.225414636183982e-27,1.0,5.225414636183982e-27,1e-06
re0000000226,8.809142651444724e-20,1.0,8.809142651444724e-20,1e-06
re0000000227,1.9774786518845818e-24,1.0,1.9774786518845818e-24,1e-06
re0000000228,0.0,1.0,0.0,1e-06
re0000000229,0.0,1.0,0.0,1e-06
re0000000230,3.93348548177741e-16,1.0,3.93348548177741e-16,1e-06
re0000000231,7.962380754733545e-16,1.0,7.962380754733545e-16,1e-06
re0000000232,1.0007186052041206e-16,1.0,1.0007186052041206e-16,1e-06
re0000000233,9.908740494779522e-15,1.0,9.908740494779522e-15,1e-06
re0000000234,9.929557176491244e-15,1.0,9.929557176491244e-15,1e-06
re0000000235,5.981326545168031e-15,1.0,5.981326545168031e-15,1e-06
re0000000236,1.4606371667724716e-15,1.0,1.4606371667724716e-15,1e-06
re0000000237,1.0547118733938987e-14,1.0,1.0547118733938987e-14,1e-06
re0000000238,1.0533240946131173e-14,1.0,1.0533240946131173e-14,1e-06
re0000000239,8.430756093247282e-16,1.0,8.430756093247282e-16,1e-06
re0000000240,0.0,1.0,0.0,1e-06
re0000000241,3.0617869350990645e-16,1.0,3.0617869350990645e-16,1e-06
re0000000242,2.8796409701215e-16,1.0,2.8796409701215e-16,1e-06
re0000000243,3.9302328752599536e-17,1.0,3.9302328752599536e-17,1e-06
re0000000244,4.2934406030425976e-17,1.0,4.2934406030425976e-17,1e-06
re0000000245,4.440892098500626e-15,1.0,4.440892098500626e-15,1e-06
re0000000246,5.941427905220564e-16,1.0,5.941427905220564e-16,1e-06
re0000000247,4.350686477749832e-15,1.0,4.350686477749832e-15,1e-06
re0000000248,6.305719835175694e-16,1.0,6.305719835175694e-16,1e-06
re0000000249,1.5222198501696482e-16,1.0,1.5222198501696482e-16,1e-06
re0000000250,1.1839487723541708e-16,1.0,1.1839487723541708e-16,1e-06
re0000000251,1.942890293094024e-16,1.0,1.942890293094024e-16,1e-06
re0000000252,2.914335439641036e-16,1.0,2.914335439641036e-16,1e-06
re0000000253,0.0,1.0,0.0,1e-06
re0000000254,0.0,1.0,0.0,1e-06
re0000000255,0.0,1.0,0.0,1e-06
re0000000256,0.0,1.0,0.0,1e-06
re0000000257,0.0,1.0,0.0,1e-06
re0000000258,0.0,1.0,0.0,1e-06
re0000000259,0.0,1.0,0.0,1e-06
re0000000260,0.0,1.0,0.0,1e-06
re0000000261,3.318234575999668e-12,1.0,3.318234575999668e-12,1e-06
re0000000262,6.2511031507367365e-18,1.0,6.2511031507367365e-18,1e-06
re0000000263,1.2198711908312975e-14,1.0,1.2198711908312975e-14,1e-06
re0000000264,1.342065353618796e-14,1.0,1.342065353618796e-14,1e-06
re0000000265,3.7577829943677933e-14,1.0,3.7577829943677933e-14,1e-06
re0000000266,4.6355485182592966e-14,1.0,4.6355485182592966e-14,1e-06
re0000000267,2.3027279323201912e-18,1.0,2.3027279323201912e-18,1e-06
re0000000268,1.3856383302442697e-13,1.0,1.3856383302442697e-13,1e-06
re0000000269,3.106848112111038e-12,1.0,3.106848112111038e-12,1e-06
re0000000270,2.1804780203638074e-13,1.0,2.1804780203638074e-13,1e-06
re0000000271,1.5543122344752192e-13,1.0,1.5543122344752192e-13,1e-06
re0000000272,4.703792910731863e-12,1.0,4.703792910731863e-12,1e-06
re0000000273,3.595346242946107e-12,1.0,3.595346242946107e-12,1e-06
re0000000274,1.3183898417423734e-16,1.0,1.3183898417423734e-16,1e-06
re0000000275,7.318364664277155e-19,1.0,7.318364664277155e-19,1e-06
re0000000276,1.2666203129718236e-24,1.0,1.2666203129718236e-24,1e-06
re0000000277,0.0,1.0,0.0,1e-06
re0000000278,0.0,1.0,0.0,1e-06
re0000000279,0.0,1.0,0.0,1e-06
re0000000280,0.0,1.0,0.0,1e-06
re0000000281,0.0,1.0,0.0,1e-06
re0000000282,0.0,1.0,0.0,1e-06
re0000000283,0.0,1.0,0.0,1e-06
re0000000284,0.0,1.0,0.0,1e-06
re0000000285,0.0,1.0,0.0,1e-06
re0000000286,0.0,1.0,0.0,1e-06
re0000000287,0.0,1.0,0.0,1e-06
re0000000288,3.3457801416544863e-20,1.0,3.3457801416544863e-20,1e-06
re0000000289,5.790264287871194e-24,1.0,5.790264287871194e-24,1e-06
re0000000290,0.0,1.0,0.0,1e-06
re0000000291,0.0,1.0,0.0,1e-06
re0000000292,5.755064393792031e-14,1.0,5.755064393792031e-14,1e-06
re0000000293,6.2919212025968e-14,1.0,6.2919212025968e-14,1e-06
re0000000294,2.0872192862952943e-13,1.0,2.0872192862952943e-13,1e-06
re0000000295,8.326672684688674e-15,1.0,8.326672684688674e-15,1e-06
re0000000296,0.0,1.0,0.0,1e-06
re0000000297,0.0,1.0,0.0,1e-06
re0000000298,6.830473686658678e-18,1.0,6.830473686658678e-18,1e-06
re0000000299,6.539094352803199e-19,1.0,6.539094352803199e-19,1e-06
re0000000300,1.1574075031717257e-13,1.0,1.1574075031717257e-13,1e-06
re0000000301,1.9191245814731417e-14,1.0,1.9191245814731417e-14,1e-06
re0000000302,8.131516293641283e-19,1.0,8.131516293641283e-19,1e-06
re0000000303,1.1699642583950023e-20,1.0,1.1699642583950023e-20,1e-06
re0000000304,2.382469221906547e-14,1.0,2.382469221906547e-14,1e-06
re0000000305,5.193870507291809e-16,1.0,5.193870507291809e-16,1e-06
re0000000306,1.1699642583950023e-20,1.0,1.1699642583950023e-20,1e-06
re0000000307,5.193870507291809e-16,1.0,5.193870507291809e-16,1e-06
re0000000308,8.41738991333961e-21,1.0,8.41738991333961e-21,1e-06
re0000000309,4.1671310499480363e-16,1.0,4.1671310499480363e-16,1e-06
re0000000310,0.0,1.0,0.0,1e-06
re0000000311,0.0,1.0,0.0,1e-06
re0000000312,0.0,1.0,0.0,1e-06
re0000000313,0.0,1.0,0.0,1e-06
re0000000314,0.0,1.0,0.0,1e-06
re0000000315,0.0,1.0,0.0,1e-06
re0000000316,0.0,1.0,0.0,1e-06
re0000000317,0.0,1.0,0.0,1e-06
re0000000318,0.0,1.0,0.0,1e-06
re0000000319,0.0,1.0,0.0,1e-06
re0000000320,0.0,1.0,0.0,1e-06
re0000000321,0.0,1.0,0.0,1e-06
re0000000322,0.0,1.0,0.0,1e-06
re0000000323,0.0,1.0,0.0,1e-06
re0000000324,0.0,1.0,0.0,1e-06
re0000000325,0.0,1.0,0.0,1e-06
re0000000326,0.0,1.0,0.0,1e-06
re0000000327,0.0,1.0,0.0,1e-06
re0000000328,0.0,1.0,0.0,1e-06
re0000000329,0.0,1.0,0.0,1e-06
re0000000330,7.735634375797423e-15,1.0,7.735634375797423e-15,1e-06
re0000000331,7.333721795127349e-15,1.0,7.333721795127349e-15,1e-06
re0000000332,4.4423131839721464e-10,1.0,4.4423131839721464e-10,1e-06
re0000000333,4.503704076341819e-10,1.0,4.503704076341819e-10,1e-06
re0000000334,7.731295123417428e-13,1.0,7.731295123417428e-13,1e-06
re0000000335,7.329394320740486e-13,1.0,7.329394320740486e-13,1e-06
re0000000336,7.329575450265927e-13,1.0,7.329575450265927e-13,1e-06
re0000000337,7.329394320740486e-13,1.0,7.329394320740486e-13,1e-06
re0000000338,1.852437179903954e-15,1.0,1.852437179903954e-15,1e-06
re0000000339,7.975527349207858e-19,1.0,7.975527349207858e-19,1e-06
re0000000340,1.453243667638795e-15,1.0,1.453243667638795e-15,1e-06
re0000000341,1.1954566546197964e-15,1.0,1.1954566546197964e-15,1e-06
re0000000342,1.453243667638795e-15,1.0,1.453243667638795e-15,1e-06
re0000000343,1.9855025106214993e-18,1.0,1.9855025106214993e-18,1e-06
re0000000344,1.7969625787372934e-11,1.0,1.7969625787372934e-11,1e-06
re0000000345,2.2680524125462398e-11,1.0,2.2680524125462398e-11,1e-06
re0000000346,2.33206272399634e-16,1.0,2.33206272399634e-16,1e-06
re0000000347,3.873276546389048e-19,1.0,3.873276546389048e-19,1e-06
re0000000348,0.0,1.0,0.0,1e-06
re0000000349,0.0,1.0,0.0,1e-06
re0000000350,0.0,1.0,0.0,1e-06
re0000000351,0.0,1.0,0.0,1e-06
re0000000352,0.0,1.0,0.0,1e-06
re0000000353,0.0,1.0,0.0,1e-06
re0000000354,0.0,1.0,0.0,1e-06
re0000000355,1.3293810496861624e-12,1.0,1.3293810496861624e-12,1e-06
re0000000356,1.7192913759345174e-12,1.0,1.7192913759345174e-12,1e-06
re0000000357,1.7323846591907604e-14,1.0,1.7323846591907604e-14,1e-06
re0000000358,1.2589729448309446e-12,1.0,1.2589729448309446e-12,1e-06
re0000000359,2.6174277095886336e-12,1.0,2.6174277095886336e-12,1e-06
re0000000360,8.924274046312221e-13,1.0,8.924274046312221e-13,1e-06
re0000000361,3.5547689407195424e-14,1.0,3.5547689407195424e-14,1e-06
re0000000362,8.924274046312221e-13,1.0,8.924274046312221e-13,1e-06
re0000000363,4.194408801766762e-13,1.0,4.194408801766762e-13,1e-06
re0000000364,0.0,1.0,0.0,1e-06
re0000000365,3.0004104140680614e-13,1.0,3.0004104140680614e-13,1e-06
re0000000366,3.0004104140680614e-13,1.0,3.0004104140680614e-13,1e-06
re0000000367,1.7464989836904238e-14,1.0,1.7464989836904238e-14,1e-06
re0000000368,1.0098588631990424e-11,1.0,1.0098588631990424e-11,1e-06
re0000000369,0.0,1.0,0.0,1e-06
re0000000370,0.0,1.0,0.0,1e-06
re0000000371,0.0,1.0,0.0,1e-06
re0000000372,0.0,1.0,0.0,1e-06
re0000000373,0.0,1.0,0.0,1e-06
re0000000374,0.0,1.0,0.0,1e-06
re0000000375,3.1935219459790264e-14,1.0,3.1935219459790264e-14,1e-06
re0000000376,2.8306265310820236e-13,1.0,2.8306265310820236e-13,1e-06
re0000000377,1.035793673054286e-11,1.0,1.035793673054286e-11,1e-06
re0000000378,1.9845836370380448e-15,1.0,1.9845836370380448e-15,1e-06
re0000000379,0.0,1.0,0.0,1e-06
re0000000380,3.730349362740526e-13,1.0,3.730349362740526e-13,1e-06
re0000000381,6.394884621840902e-14,1.0,6.394884621840902e-14,1e-06
re0000000382,2.3081647812679684e-20,1.0,2.3081647812679684e-20,1e-06
re0000000383,4.997494388800372e-20,1.0,4.997494388800372e-20,1e-06
re0000000384,5.692061405548898e-18,1.0,5.692061405548898e-18,1e-06
re0000000385,5.041540102057596e-18,1.0,5.041540102057596e-18,1e-06
re0000000386,4.87890977618477e-18,1.0,4.87890977618477e-18,1e-06
re0000000387,5.041540102057596e-18,1.0,5.041540102057596e-18,1e-06
re0000000388,1.3823577699190182e-18,1.0,1.3823577699190182e-18,1e-06
re0000000389,2.253107639696439e-19,1.0,2.253107639696439e-19,1e-06
re0000000390,6.301925127571995e-19,1.0,6.301925127571995e-19,1e-06
re0000000391,1.0030383706764917e-19,1.0,1.0030383706764917e-19,1e-06
re0000000392,6.301925127571995e-19,1.0,6.301925127571995e-19,1e-06
re0000000393,3.1842184394290254e-21,1.0,3.1842184394290254e-21,1e-06
re0000000394,1.2768852273269127e-16,1.0,1.2768852273269127e-16,1e-06
re0000000395,1.3542125194429829e-16,1.0,1.3542125194429829e-16,1e-06
re0000000396,4.1811748562135126e-15,1.0,4.1811748562135126e-15,1e-06
re0000000397,4.40119081722987e-15,1.0,4.40119081722987e-15,1e-06
re0000000398,0.0,1.0,0.0,1e-06
re0000000399,0.0,1.0,0.0,1e-06
re0000000400,0.0,1.0,0.0,1e-06
re0000000401,0.0,1.0,0.0,1e-06
re0000000402,0.0,1.0,0.0,1e-06
re0000000403,0.0,1.0,0.0,1e-06
re0000000404,0.0,1.0,0.0,1e-06
re0000000405,1.734723475976807e-17,1.0,1.734723475976807e-17,1e-06
re0000000406,5.637851296924623e-18,1.0,5.637851296924623e-18,1e-06
re0000000407,2.2551405187698492e-17,1.0,2.2551405187698492e-17,1e-06
re0000000408,4.7704895589362195e-18,1.0,4.7704895589362195e-18,1e-06
re0000000409,1.734723475976807e-17,1.0,1.734723475976807e-17,1e-06
re0000000410,1.809457589959748e-23,1.0,1.809457589959748e-23,1e-06
re0000000411,1.3444106938820255e-17,1.0,1.3444106938820255e-17,1e-06
re0000000412,6.71803006291067e-20,1.0,6.71803006291067e-20,1e-06
re0000000413,0.0,1.0,0.0,1e-06
re0000000414,0.0,1.0,0.0,1e-06
re0000000415,0.0,1.0,0.0,1e-06
re0000000416,0.0,1.0,0.0,1e-06
re0000000417,0.0,1.0,0.0,1e-06
re0000000418,8.846257060213247e-13,1.0,8.846257060213247e-13,1e-06
re0000000419,8.704148513061227e-13,1.0,8.704148513061227e-13,1e-06
re0000000420,7.792703114739563e-20,1.0,7.792703114739563e-20,1e-06
re0000000421,5.505714157152952e-20,1.0,5.505714157152952e-20,1e-06
re0000000422,8.267041565201971e-19,1.0,8.267041565201971e-19,1e-06
re0000000423,5.963111948670274e-19,1.0,5.963111948670274e-19,1e-06
re0000000424,5.624298769768554e-19,1.0,5.624298769768554e-19,1e-06
re0000000425,5.963111948670274e-19,1.0,5.963111948670274e-19,1e-06
re0000000426,2.244637310223896e-20,1.0,2.244637310223896e-20,1e-06
re0000000427,0.0,1.0,0.0,1e-06
re0000000428,8.682087709356578e-21,1.0,8.682087709356578e-21,1e-06
re0000000429,0.0,1.0,0.0,1e-06
re0000000430,8.682087709356578e-21,1.0,8.682087709356578e-21,1e-06
re0000000431,0.0,1.0,0.0,1e-06
re0000000432,5.1880768019325896e-21,1.0,5.1880768019325896e-21,1e-06
re0000000433,0.0,1.0,0.0,1e-06
re0000000434,5.135137242729196e-21,1.0,5.135137242729196e-21,1e-06
re0000000435,0.0,1.0,0.0,1e-06
re0000000436,0.0,1.0,0.0,1e-06
re0000000437,0.0,1.0,0.0,1e-06
re0000000438,0.0,1.0,0.0,1e-06
re0000000439,0.0,1.0,0.0,1e-06
re0000000440,0.0,1.0,0.0,1e-06
re0000000441,0.0,1.0,0.0,1e-06
re0000000442,0.0,1.0,0.0,1e-06
re0000000443,0.0,1.0,0.0,1e-06
re0000000444,0.0,1.0,0.0,1e-06
re0000000445,2.504663143554353e-13,1.0,2.504663143554353e-13,1e-06
re0000000446,7.549516567451064e-15,1.0,7.549516567451064e-15,1e-06
re0000000447,1.1083421648047212e-15,1.0,1.1083421648047212e-15,1e-06
re0000000448,1.0750123447725506e-16,1.0,1.0750123447725506e-16,1e-06
re0000000449,7.99387343971246e-21,1.0,7.99387343971246e-21,1e-06
re0000000450,1.8776999904953728e-22,1.0,1.8776999904953728e-22,1e-06
re0000000451,0.0,1.0,0.0,1e-06
re0000000452,0.0,1.0,0.0,1e-06
re0000000453,0.0,1.0,0.0,1e-06
re0000000454,0.0,1.0,0.0,1e-06
re0000000455,2.456395547037471e-18,1.0,2.456395547037471e-18,1e-06
re0000000456,1.157265258846466e-24,1.0,1.157265258846466e-24,1e-06
re0000000457,8.261620554339544e-17,1.0,8.261620554339544e-17,1e-06
re0000000458,2.21022659674169e-20,1.0,2.21022659674169e-20,1e-06
re0000000459,1.8939656700606156e-18,1.0,1.8939656700606156e-18,1e-06
re0000000460,1.7147454098224264e-21,1.0,1.7147454098224264e-21,1e-06
re0000000461,5.761312966431838e-22,1.0,5.761312966431838e-22,1e-06
re0000000462,3.3163712455491336e-26,1.0,3.3163712455491336e-26,1e-06
re0000000463,2.4275964268308248e-18,1.0,2.4275964268308248e-18,1e-06
re0000000464,1.2401091743394991e-20,1.0,1.2401091743394991e-20,1e-06
re0000000465,6.8473126573183825e-28,1.0,6.8473126573183825e-28,1e-06
re0000000466,1.5185957611493355e-30,1.0,1.5185957611493355e-30,1e-06
re0000000467,4.678684725059245e-28,1.0,4.678684725059245e-28,1e-06
re0000000468,1.5185957611493355e-30,1.0,1.5185957611493355e-30,1e-06
re0000000469,7.697742780418476e-21,1.0,7.697742780418476e-21,1e-06
re0000000470,2.6717772226749405e-24,1.0,2.6717772226749405e-24,1e-06
re0000000471,4.355105925091691e-21,1.0,4.355105925091691e-21,1e-06
re0000000472,4.739486415987426e-23,1.0,4.739486415987426e-23,1e-06
re0000000473,2.290893668848617e-31,1.0,2.290893668848617e-31,1e-06
re0000000474,1.2178121474518899e-34,1.0,1.2178121474518899e-34,1e-06
re0000000475,2.1670563734245178e-30,1.0,2.1670563734245178e-30,1e-06
re0000000476,7.55551344979727e-33,1.0,7.55551344979727e-33,1e-06
re0000000477,9.340760230278094e-32,1.0,9.340760230278094e-32,1e-06
re0000000478,6.044410759837816e-32,1.0,6.044410759837816e-32,1e-06
re0000000479,2.8091614168832222e-30,1.0,2.8091614168832222e-30,1e-06
re0000000480,7.55551344979727e-33,1.0,7.55551344979727e-33,1e-06
re0000000481,3.6908798932116095e-21,1.0,3.6908798932116095e-21,1e-06
re0000000482,2.7594228246886158e-24,1.0,2.7594228246886158e-24,1e-06
re0000000483,3.640777966869631e-30,1.0,3.640777966869631e-30,1e-06
re0000000484,3.527235368851389e-33,1.0,3.527235368851389e-33,1e-06
re0000000485,4.0178396911105787e-35,1.0,4.0178396911105787e-35,1e-06
re0000000486,1.0197413493383344e-36,1.0,1.0197413493383344e-36,1e-06
re0000000487,9.378348791999613e-18,1.0,9.378348791999613e-18,1e-06
re0000000488,5.0535565548161535e-24,1.0,5.0535565548161535e-24,1e-06
re0000000489,3.191891195797325e-16,1.0,3.191891195797325e-16,1e-06
re0000000490,3.6761229910836635e-19,1.0,3.6761229910836635e-19,1e-06
re0000000491,8.294146619514109e-18,1.0,8.294146619514109e-18,1e-06
re0000000492,6.617444900424221e-22,1.0,6.617444900424221e-22,1e-06
re0000000493,1.0217334926254998e-20,1.0,1.0217334926254998e-20,1e-06
re0000000494,3.966266413706412e-25,1.0,3.966266413706412e-25,1e-06
re0000000495,6.938893903907228e-18,1.0,6.938893903907228e-18,1e-06
re0000000496,2.964615315390051e-20,1.0,2.964615315390051e-20,1e-06
re0000000497,1.0622485405344057e-25,1.0,1.0622485405344057e-25,1e-06
re0000000498,4.1115430380119135e-27,1.0,4.1115430380119135e-27,1e-06
re0000000499,3.27156394613258e-26,1.0,3.27156394613258e-26,1e-06
re0000000500,6.168892278828312e-27,1.0,6.168892278828312e-27,1e-06
re0000000501,4.525269048372138e-13,1.0,4.525269048372138e-13,1e-06
re0000000502,5.551115123125783e-16,1.0,5.551115123125783e-16,1e-06
re0000000503,7.420008617947671e-19,1.0,7.420008617947671e-19,1e-06
re0000000504,1.0323214044661785e-21,1.0,1.0323214044661785e-21,1e-06
re0000000505,1.6393136847980827e-16,1.0,1.6393136847980827e-16,1e-06
re0000000506,1.0232158002831948e-18,1.0,1.0232158002831948e-18,1e-06
re0000000507,4.130979683759223e-18,1.0,4.130979683759223e-18,1e-06
re0000000508,5.823351512373315e-21,1.0,5.823351512373315e-21,1e-06
re0000000509,1.2358210700440242e-18,1.0,1.2358210700440242e-18,1e-06
re0000000510,6.154223757394526e-22,1.0,6.154223757394526e-22,1e-06
re0000000511,1.1669224940481817e-27,1.0,1.1669224940481817e-27,1e-06
re0000000512,8.226340127257864e-29,1.0,8.226340127257864e-29,1e-06
re0000000513,3.239901023247699e-20,1.0,3.239901023247699e-20,1e-06
re0000000514,2.4505225646883445e-23,1.0,2.4505225646883445e-23,1e-06
re0000000515,2.837560373301906e-20,1.0,2.837560373301906e-20,1e-06
re0000000516,4.301339185275744e-22,1.0,4.301339185275744e-22,1e-06
re0000000517,7.987216665362745e-29,1.0,7.987216665362745e-29,1e-06
re0000000518,7.915572071431539e-32,1.0,7.915572071431539e-32,1e-06
re0000000519,1.575749658178971e-28,1.0,1.575749658178971e-28,1e-06
re0000000520,1.8766261378109226e-28,1.0,1.8766261378109226e-28,1e-06
re0000000521,6.744760739639651e-29,1.0,6.744760739639651e-29,1e-06
re0000000522,2.8145540207275065e-30,1.0,2.8145540207275065e-30,1e-06
re0000000523,1.3025671267009347e-26,1.0,1.3025671267009347e-26,1e-06
re0000000524,2.8150008364746043e-28,1.0,2.8150008364746043e-28,1e-06
re0000000525,1.2197274440461925e-19,1.0,1.2197274440461925e-19,1e-06
re0000000526,2.9116757561866574e-22,1.0,2.9116757561866574e-22,1e-06
re0000000527,1.475800981487469e-26,1.0,1.475800981487469e-26,1e-06
re0000000528,1.1260912384832168e-30,1.0,1.1260912384832168e-30,1e-06
re0000000529,1.9747522684774523e-30,1.0,1.9747522684774523e-30,1e-06
re0000000530,1.9245456822397075e-31,1.0,1.9245456822397075e-31,1e-06
re0000000531,7.502528155855961e-21,1.0,7.502528155855961e-21,1e-06
re0000000532,2.4505225646883445e-23,1.0,2.4505225646883445e-23,1e-06
re0000000533,1.5590402899814674e-31,1.0,1.5590402899814674e-31,1e-06
re0000000534,3.702600318084461e-32,1.0,3.702600318084461e-32,1e-06
re0000000535,4.532949756790592e-21,1.0,4.532949756790592e-21,1e-06
re0000000536,8.68539643180679e-24,1.0,8.68539643180679e-24,1e-06
re0000000537,7.742238376436688e-30,1.0,7.742238376436688e-30,1e-06
re0000000538,4.69108386204121e-31,1.0,4.69108386204121e-31,1e-06
re0000000539,4.4777518558697987e-35,1.0,4.4777518558697987e-35,1e-06
re0000000540,1.374703909088202e-35,1.0,1.374703909088202e-35,1e-06
re0000000541,0.0,1.0,0.0,1e-06
re0000000542,0.0,1.0,0.0,1e-06
re0000000543,0.0,1.0,0.0,1e-06
re0000000544,0.0,1.0,0.0,1e-06
re0000000545,0.0,1.0,0.0,1e-06
re0000000546,0.0,1.0,0.0,1e-06
re0000000547,0.0,1.0,0.0,1e-06
re0000000548,0.0,1.0,0.0,1e-06
re0000000549,0.0,1.0,0.0,1e-06
re0000000550,0.0,1.0,0.0,1e-06
re0000000551,0.0,1.0,0.0,1e-06
re0000000552,0.0,1.0,0.0,1e-06
re0000000553,0.0,1.0,0.0,1e-06
re0000000554,0.0,1.0,0.0,1e-06
re0000000555,0.0,1.0,0.0,1e-06
re0000000556,0.0,1.0,0.0,1e-06
re0000000557,0.0,1.0,0.0,1e-06
re0000000558,0.0,1.0,0.0,1e-06
re0000000559,0.0,1.0,0.0,1e-06
re0000000560,0.0,1.0,0.0,1e-06
re0000000561,0.0,1.0,0.0,1e-06
re0000000562,0.0,1.0,0.0,1e-06
re0000000563,0.0,1.0,0.0,1e-06
re0000000564,0.0,1.0,0.0,1e-06
re0000000565,0.0,1.0,0.0,1e-06
re0000000566,0.0,1.0,0.0,1e-06
re0000000567,0.0,1.0,0.0,1e-06
re0000000568,0.0,1.0,0.0,1e-06
re0000000569,0.0,1.0,0.0,1e-06
re0000000570,0.0,1.0,0.0,1e-06
re0000000571,0.0,1.0,0.0,1e-06
re0000000572,0.0,1.0,0.0,1e-06
re0000000573,0.0,1.0,0.0,1e-06
re0000000574,0.0,1.0,0.0,1e-06
re0000000575,0.0,1.0,0.0,1e-06
re0000000576,0.0,1.0,0.0,1e-06
re0000000577,0.0,1.0,0.0,1e-06
re0000000578,0.0,1.0,0.0,1e-06
re0000000579,0.0,1.0,0.0,1e-06
re0000000580,0.0,1.0,0.0,1e-06
re0000000581,0.0,1.0,0.0,1e-06
re0000000582,0.0,1.0,0.0,1e-06
re0000000583,0.0,1.0,0.0,1e-06
re0000000584,0.0,1.0,0.0,1e-06
re0000000585,0.0,1.0,0.0,1e-06
re0000000586,0.0,1.0,0.0,1e-06
re0000000587,0.0,1.0,0.0,1e-06
re0000000588,0.0,1.0,0.0,1e-06
re0000000589,0.0,1.0,0.0,1e-06
re0000000590,0.0,1.0,0.0,1e-06
re0000000591,0.0,1.0,0.0,1e-06
re0000000592,0.0,1.0,0.0,1e-06
re0000000593,0.0,1.0,0.0,1e-06
re0000000594,0.0,1.0,0.0,1e-06
re0000000595,0.0,1.0,0.0,1e-06
re0000000596,0.0,1.0,0.0,1e-06
re0000000597,0.0,1.0,0.0,1e-06
re0000000598,0.0,1.0,0.0,1e-06
re0000000599,0.0,1.0,0.0,1e-06
re0000000600,0.0,1.0,0.0,1e-06
re0000000601,0.0,1.0,0.0,1e-06
re0000000602,0.0,1.0,0.0,1e-06
re0000000603,0.0,1.0,0.0,1e-06
re0000000604,0.0,1.0,0.0,1e-06
re0000000605,0.0,1.0,0.0,1e-06
re0000000606,0.0,1.0,0.0,1e-06
re0000000607,0.0,1.0,0.0,1e-06
re0000000608,0.0,1.0,0.0,1e-06
re0000000609,4.069993311556913e-19,1.0,4.069993311556913e-19,1e-06
re0000000610,1.6067983398842563e-21,1.0,1.6067983398842563e-21,1e-06
re0000000611,2.0199769554315534e-28,1.0,2.0199769554315534e-28,1e-06
re0000000612,3.8843599565860063e-32,1.0,3.8843599565860063e-32,1e-06
re0000000613,4.365697997936986e-30,1.0,4.365697997936986e-30,1e-06
re0000000614,3.8843599565860063e-32,1.0,3.8843599565860063e-32,1e-06
re0000000615,7.623296525288703e-19,1.0,7.623296525288703e-19,1e-06
re0000000616,8.271806125530277e-22,1.0,8.271806125530277e-22,1e-06
re0000000617,1.4653091314480294e-28,1.0,1.4653091314480294e-28,1e-06
re0000000618,8.101424311064908e-31,1.0,8.101424311064908e-31,1e-06
re0000000619,1.2143011392278446e-21,1.0,1.2143011392278446e-21,1e-06
re0000000620,2.138633468490372e-25,1.0,2.138633468490372e-25,1e-06
re0000000621,1.1451760005258791e-32,1.0,1.1451760005258791e-32,1e-06
re0000000622,1.9516879643496292e-36,1.0,1.9516879643496292e-36,1e-06
re0000000623,9.509279100411977e-32,1.0,9.509279100411977e-32,1e-06
re0000000624,3.774512360490365e-35,1.0,3.774512360490365e-35,1e-06
re0000000625,3.4141879783126217e-22,1.0,3.4141879783126217e-22,1e-06
re0000000626,3.0914259807035517e-24,1.0,3.0914259807035517e-24,1e-06
re0000000627,1.4865771758238977e-33,1.0,1.4865771758238977e-33,1e-06
re0000000628,3.019609888392292e-34,1.0,3.019609888392292e-34,1e-06
re0000000629,5.001399324330603e-33,1.0,5.001399324330603e-33,1e-06
re0000000630,3.774512360490365e-35,1.0,3.774512360490365e-35,1e-06
re0000000631,4.802817431636017e-22,1.0,4.802817431636017e-22,1e-06
re0000000632,1.8023893962489678e-25,1.0,1.8023893962489678e-25,1e-06
re0000000633,9.297426806529381e-32,1.0,9.297426806529381e-32,1e-06
re0000000634,1.76265377905802e-35,1.0,1.76265377905802e-35,1e-06
re0000000635,1.737906466973911e-21,1.0,1.737906466973911e-21,1e-06
re0000000636,3.0502285087892896e-24,1.0,3.0502285087892896e-24,1e-06
re0000000637,7.375709833895492e-33,1.0,7.375709833895492e-33,1e-06
re0000000638,6.491079805240672e-35,1.0,6.491079805240672e-35,1e-06
re0000000639,1.465764045443965e-21,1.0,1.465764045443965e-21,1e-06
re0000000640,3.1552416724923106e-24,1.0,3.1552416724923106e-24,1e-06
re0000000641,1.4247066763604577e-31,1.0,1.4247066763604577e-31,1e-06
re0000000642,4.032415821060775e-33,1.0,4.032415821060775e-33,1e-06
re0000000643,1.2536087619363645e-18,1.0,1.2536087619363645e-18,1e-06
re0000000644,2.139295859215268e-22,1.0,2.139295859215268e-22,1e-06
re0000000645,1.6004410045123888e-26,1.0,1.6004410045123888e-26,1e-06
re0000000646,2.2803010541544873e-30,1.0,2.2803010541544873e-30,1e-06
re0000000647,4.283514715350094e-28,1.0,4.283514715350094e-28,1e-06
re0000000648,3.377310750477457e-30,1.0,3.377310750477457e-30,1e-06
re0000000649,2.590332631822057e-19,1.0,2.590332631822057e-19,1e-06
re0000000650,1.5023667875494365e-22,1.0,1.5023667875494365e-22,1e-06
re0000000651,4.971056298056782e-29,1.0,4.971056298056782e-29,1e-06
re0000000652,1.5653958587979453e-30,1.0,1.5653958587979453e-30,1e-06
re0000000653,1.1926223897340549e-18,1.0,1.1926223897340549e-18,1e-06
re0000000654,2.4616895029578104e-21,1.0,2.4616895029578104e-21,1e-06
re0000000655,1.2975184169075202e-26,1.0,1.2975184169075202e-26,1e-06
re0000000656,3.2905360509031455e-28,1.0,3.2905360509031455e-28,1e-06
re0000000657,7.643148859989976e-22,1.0,7.643148859989976e-22,1e-06
re0000000658,3.697675052696762e-25,1.0,3.697675052696762e-25,1e-06
re0000000659,1.5684773467089649e-30,1.0,1.5684773467089649e-30,1e-06
re0000000660,3.6863502841786936e-34,1.0,3.6863502841786936e-34,1e-06
re0000000661,3.4512664603419266e-31,1.0,3.4512664603419266e-31,1e-06
re0000000662,2.2659769501931072e-33,1.0,2.2659769501931072e-33,1e-06
re0000000663,2.157041537713704e-31,1.0,2.157041537713704e-31,1e-06
re0000000664,1.5061374018215805e-33,1.0,1.5061374018215805e-33,1e-06
re0000000665,9.343071346211359e-30,1.0,9.343071346211359e-30,1e-06
re0000000666,1.5061374018215805e-33,1.0,1.5061374018215805e-33,1e-06
re0000000667,4.7645603283054394e-21,1.0,4.7645603283054394e-21,1e-06
re0000000668,2.7917345673664684e-24,1.0,2.7917345673664684e-24,1e-06
re0000000669,1.3281212896494378e-30,1.0,1.3281212896494378e-30,1e-06
re0000000670,4.206953222270868e-33,1.0,4.206953222270868e-33,1e-06
re0000000671,1.9935052762527967e-21,1.0,1.9935052762527967e-21,1e-06
re0000000672,3.474158572722716e-23,1.0,3.474158572722716e-23,1e-06
re0000000673,8.005705592828862e-30,1.0,8.005705592828862e-30,1e-06
re0000000674,1.501146835853187e-29,1.0,1.501146835853187e-29,1e-06
re0000000675,5.6645328347631335e-21,1.0,5.6645328347631335e-21,1e-06
re0000000676,6.397725050214823e-25,1.0,6.397725050214823e-25,1e-06
re0000000677,5.883322106783409e-22,1.0,5.883322106783409e-22,1e-06
re0000000678,6.397725050214823e-25,1.0,6.397725050214823e-25,1e-06
re0000000679,5.001857766531589e-22,1.0,5.001857766531589e-22,1e-06
re0000000680,2.5940270918563575e-25,1.0,2.5940270918563575e-25,1e-06
re0000000681,8.735027268559972e-22,1.0,8.735027268559972e-22,1e-06
re0000000682,2.5940270918563575e-25,1.0,2.5940270918563575e-25,1e-06
re0000000683,2.4969380802426702e-33,1.0,2.4969380802426702e-33,1e-06
re0000000684,1.7340892663330385e-34,1.0,1.7340892663330385e-34,1e-06
re0000000685,4.835287866627204e-32,1.0,4.835287866627204e-32,1e-06
re0000000686,1.057004520259401e-33,1.0,1.057004520259401e-33,1e-06
re0000000687,8.52955853770219e-30,1.0,8.52955853770219e-30,1e-06
re0000000688,1.057004520259401e-33,1.0,1.057004520259401e-33,1e-06
re0000000689,0.0,1.0,0.0,1e-06
re0000000690,0.0,1.0,0.0,1e-06
re0000000691,0.0,1.0,0.0,1e-06
re0000000692,0.0,1.0,0.0,1e-06
re0000000693,0.0,1.0,0.0,1e-06
re0000000694,0.0,1.0,0.0,1e-06
re0000000695,0.0,1.0,0.0,1e-06
re0000000696,0.0,1.0,0.0,1e-06
re0000000697,0.0,1.0,0.0,1e-06
re0000000698,0.0,1.0,0.0,1e-06
re0000000699,0.0,1.0,0.0,1e-06
re0000000700,0.0,1.0,0.0,1e-06
re0000000701,0.0,1.0,0.0,1e-06
re0000000702,0.0,1.0,0.0,1e-06
re0000000703,0.0,1.0,0.0,1e-06
re0000000704,0.0,1.0,0.0,1e-06
re0000000705,0.0,1.0,0.0,1e-06
re0000000706,0.0,1.0,0.0,1e-06
re0000000707,0.0,1.0,0.0,1e-06
re0000000708,0.0,1.0,0.0,1e-06
re0000000709,0.0,1.0,0.0,1e-06
re0000000710,0.0,1.0,0.0,1e-06
re0000000711,0.0,1.0,0.0,1e-06
re0000000712,0.0,1.0,0.0,1e-06
re0000000713,0.0,1.0,0.0,1e-06
re0000000714,0.0,1.0,0.0,1e-06
re0000000715,6.704565191384346e-38,1.0,6.704565191384346e-38,1e-06
re0000000716,1.4279231351469886e-40,1.0,1.4279231351469886e-40,1e-06
re0000000717,1.2647190740271024e-32,1.0,1.2647190740271024e-32,1e-06
re0000000718,5.455671320257784e-35,1.0,5.455671320257784e-35,1e-06
re0000000719,1.0450018505002919e-37,1.0,1.0450018505002919e-37,1e-06
re0000000720,6.494850226329808e-38,1.0,6.494850226329808e-38,1e-06
re0000000721,8.158920178684815e-40,1.0,8.158920178684815e-40,1e-06
re0000000722,3.1174697930982476e-34,1.0,3.1174697930982476e-34,1e-06
re0000000723,6.794615993818173e-40,1.0,6.794615993818173e-40,1e-06
re0000000724,5.094336489145013e-40,1.0,5.094336489145013e-40,1e-06
re0000000725,1.7684605572664242e-42,1.0,1.7684605572664242e-42,1e-06
re0000000726,7.055828789540525e-37,1.0,7.055828789540525e-37,1e-06
re0000000727,0.0,1.0,0.0,1e-06
re0000000728,0.0,1.0,0.0,1e-06
re0000000729,0.0,1.0,0.0,1e-06
re0000000730,0.0,1.0,0.0,1e-06
re0000000731,0.0,1.0,0.0,1e-06
re0000000732,0.0,1.0,0.0,1e-06
re0000000733,0.0,1.0,0.0,1e-06
re0000000734,0.0,1.0,0.0,1e-06
re0000000735,0.0,1.0,0.0,1e-06
re0000000736,0.0,1.0,0.0,1e-06
re0000000737,0.0,1.0,0.0,1e-06
re0000000738,0.0,1.0,0.0,1e-06
re0000000739,0.0,1.0,0.0,1e-06
re0000000740,0.0,1.0,0.0,1e-06
re0000000741,0.0,1.0,0.0,1e-06
re0000000742,0.0,1.0,0.0,1e-06
re0000000743,0.0,1.0,0.0,1e-06
re0000000744,0.0,1.0,0.0,1e-06
re0000000745,0.0,1.0,0.0,1e-06
re0000000746,0.0,1.0,0.0,1e-06
re0000000747,2.037726803990128e-34,1.0,2.037726803990128e-34,1e-06
re0000000748,0.0,1.0,0.0,1e-06
re0000000749,8.150974255872707e-37,1.0,8.150974255872707e-37,1e-06
re0000000750,8.814941587084319e-43,1.0,8.814941587084319e-43,1e-06
re0000000751,3.659544790447639e-43,1.0,3.659544790447639e-43,1e-06
re0000000752,8.2724911599005e-43,1.0,8.2724911599005e-43,1e-06
re0000000753,3.1837931588348084e-37,1.0,3.1837931588348084e-37,1e-06
re0000000754,0.0,1.0,0.0,1e-06
re0000000755,4.420928499129079e-40,1.0,4.420928499129079e-40,1e-06
re0000000756,0.0,1.0,0.0,1e-06
re0000000757,1.2840181933421089e-34,1.0,1.2840181933421089e-34,1e-06
re0000000758,0.0,1.0,0.0,1e-06
re0000000759,5.13605796489468e-37,1.0,5.13605796489468e-37,1e-06
re0000000760,8.782974626232792e-43,1.0,8.782974626232792e-43,1e-06
re0000000761,3.1837931588348084e-37,1.0,3.1837931588348084e-37,1e-06
re0000000762,0.0,1.0,0.0,1e-06
re0000000763,1.964734344522574e-37,1.0,1.964734344522574e-37,1e-06
re0000000764,0.0,1.0,0.0,1e-06
re0000000765,5.088167188577915e-37,1.0,5.088167188577915e-37,1e-06
re0000000766,0.0,1.0,0.0,1e-06
re0000000767,0.0,1.0,0.0,1e-06
re0000000768,0.0,1.0,0.0,1e-06
re0000000769,0.0,1.0,0.0,1e-06
re0000000770,0.0,1.0,0.0,1e-06
re0000000771,0.0,1.0,0.0,1e-06
re0000000772,0.0,1.0,0.0,1e-06
re0000000773,0.0,1.0,0.0,1e-06
re0000000774,0.0,1.0,0.0,1e-06
re0000000775,0.0,1.0,0.0,1e-06
re0000000776,0.0,1.0,0.0,1e-06
re0000000777,0.0,1.0,0.0,1e-06
re0000000778,0.0,1.0,0.0,1e-06
re0000000779,0.0,1.0,0.0,1e-06
re0000000780,0.0,1.0,0.0,1e-06
re0000000781,0.0,1.0,0.0,1e-06
re0000000782,0.0,1.0,0.0,1e-06
re0000000783,0.0,1.0,0.0,1e-06
re0000000784,0.0,1.0,0.0,1e-06
re0000000785,0.0,1.0,0.0,1e-06
re0000000786,0.0,1.0,0.0,1e-06
re0000000787,0.0,1.0,0.0,1e-06
re0000000788,0.0,1.0,0.0,1e-06
re0000000789,0.0,1.0,0.0,1e-06
re0000000790,0.0,1.0,0.0,1e-06
re0000000791,0.0,1.0,0.0,1e-06
re0000000792,0.0,1.0,0.0,1e-06
re0000000793,0.0,1.0,0.0,1e-06
re0000000794,0.0,1.0,0.0,1e-06
re0000000795,0.0,1.0,0.0,1e-06
re0000000796,1.2904420709713355e-70,1.0,1.2904420709713355e-70,1e-06
re0000000797,9.719297283783382e-77,1.0,9.719297283783382e-77,1e-06
re0000000798,1.7355887990449312e-74,1.0,1.7355887990449312e-74,1e-06
re0000000799,1.2591416168385014e-80,1.0,1.2591416168385014e-80,1e-06
re0000000800,2.755947695681823e-82,1.0,2.755947695681823e-82,1e-06
re0000000801,0.0,1.0,0.0,1e-06
re0000000802,0.0,1.0,0.0,1e-06
re0000000803,0.0,1.0,0.0,1e-06
re0000000804,0.0,1.0,0.0,1e-06
re0000000805,0.0,1.0,0.0,1e-06
re0000000806,0.0,1.0,0.0,1e-06
re0000000807,0.0,1.0,0.0,1e-06
re0000000808,0.0,1.0,0.0,1e-06
re0000000809,0.0,1.0,0.0,1e-06
re0000000810,0.0,1.0,0.0,1e-06
re0000000811,4.946694598193312e-71,1.0,4.946694598193312e-71,1e-06
re0000000812,2.1284272909536825e-76,1.0,2.1284272909536825e-76,1e-06
re0000000813,1.9954005862310272e-74,1.0,1.9954005862310272e-74,1e-06
re0000000814,8.27221509397292e-80,1.0,8.27221509397292e-80,1e-06
re0000000815,1.0564466171689416e-82,1.0,1.0564466171689416e-82,1e-06
re0000000816,0.0,1.0,0.0,1e-06
re0000000817,0.0,1.0,0.0,1e-06
re0000000818,0.0,1.0,0.0,1e-06
re0000000819,0.0,1.0,0.0,1e-06
re0000000820,0.0,1.0,0.0,1e-06
re0000000821,0.0,1.0,0.0,1e-06
re0000000822,0.0,1.0,0.0,1e-06
re0000000823,0.0,1.0,0.0,1e-06
re0000000824,0.0,1.0,0.0,1e-06
re0000000825,1.0437389505923699e-20,1.0,1.0437389505923699e-20,1e-06
re0000000826,4.757416631099309e-17,1.0,4.757416631099309e-17,1e-06
re0000000827,4.2521541843143495e-14,1.0,4.2521541843143495e-14,1e-06
re0000000828,2.498001805406602e-16,1.0,2.498001805406602e-16,1e-06
re0000000829,2.6582291721597505e-85,1.0,2.6582291721597505e-85,1e-06
re0000000830,2.0733567622476814e-87,1.0,2.0733567622476814e-87,1e-06
re0000000831,9.433774013595788e-77,1.0,9.433774013595788e-77,1e-06
re0000000832,5.92314613382105e-79,1.0,5.92314613382105e-79,1e-06
re0000000833,9.788071940427048e-80,1.0,9.788071940427048e-80,1e-06
re0000000834,2.66720416606322e-82,1.0,2.66720416606322e-82,1e-06
re0000000835,0.0,1.0,0.0,1e-06
re0000000836,0.0,1.0,0.0,1e-06
re0000000837,0.0,1.0,0.0,1e-06
re0000000838,7.10777535606104e-81,1.0,7.10777535606104e-81,1e-06
re0000000839,8.17031845821811e-83,1.0,8.17031845821811e-83,1e-06
re0000000840,2.1106656018597542e-82,1.0,2.1106656018597542e-82,1e-06
re0000000841,2.5093596861504852e-85,1.0,2.5093596861504852e-85,1e-06
re0000000842,2.5093596861504852e-85,1.0,2.5093596861504852e-85,1e-06
re0000000843,8.708098400035759e-88,1.0,8.708098400035759e-88,1e-06
re0000000844,1.8093731216555488e-85,1.0,1.8093731216555488e-85,1e-06
re0000000845,2.3692584520203467e-79,1.0,2.3692584520203467e-79,1e-06
re0000000846,2.6611700273230106e-79,1.0,2.6611700273230106e-79,1e-06
re0000000847,4.742031745727808e-86,1.0,4.742031745727808e-86,1e-06
re0000000848,0.0,1.0,0.0,1e-06
re0000000849,0.0,1.0,0.0,1e-06
re0000000850,0.0,1.0,0.0,1e-06
re0000000851,0.0,1.0,0.0,1e-06
re0000000852,0.0,1.0,0.0,1e-06
re0000000853,0.0,1.0,0.0,1e-06
re0000000854,0.0,1.0,0.0,1e-06
re0000000855,0.0,1.0,0.0,1e-06
re0000000856,0.0,1.0,0.0,1e-06
re0000000857,0.0,1.0,0.0,1e-06
re0000000858,0.0,1.0,0.0,1e-06
re0000000859,0.0,1.0,0.0,1e-06
re0000000860,0.0,1.0,0.0,1e-06
re0000000861,0.0,1.0,0.0,1e-06
re0000000862,0.0,1.0,0.0,1e-06
re0000000863,0.0,1.0,0.0,1e-06
re0000000864,0.0,1.0,0.0,1e-06
re0000000865,0.0,1.0,0.0,1e-06
re0000000866,0.0,1.0,0.0,1e-06
re0000000867,0.0,1.0,0.0,1e-06
re0000000868,0.0,1.0,0.0,1e-06
re0000000869,0.0,1.0,0.0,1e-06
re0000000870,3.0561702684424496e-85,1.0,3.0561702684424496e-85,1e-06
re0000000871,2.383755699998795e-87,1.0,2.383755699998795e-87,1e-06
re0000000872,1.0846028913789667e-76,1.0,1.0846028913789667e-76,1e-06
re0000000873,6.80912083345672e-79,1.0,6.80912083345672e-79,1e-06
re0000000874,1.1253366113861852e-79,1.0,1.1253366113861852e-79,1e-06
re0000000875,3.0663748401193383e-82,1.0,3.0663748401193383e-82,1e-06
re0000000876,0.0,1.0,0.0,1e-06
re0000000877,0.0,1.0,0.0,1e-06
re0000000878,0.0,1.0,0.0,1e-06
re0000000879,2.0972092181147186e-80,1.0,2.0972092181147186e-80,1e-06
re0000000880,3.1319554086767903e-83,1.0,3.1319554086767903e-83,1e-06
re0000000881,1.0011773945893851e-87,1.0,1.0011773945893851e-87,1e-06
re0000000882,2.0802310569100876e-85,1.0,2.0802310569100876e-85,1e-06
re0000000883,2.723648332879997e-79,1.0,2.723648332879997e-79,1e-06
re0000000884,3.059282627699999e-79,1.0,3.059282627699999e-79,1e-06
re0000000885,0.0,1.0,0.0,1e-06
re0000000886,0.0,1.0,0.0,1e-06
re0000000887,0.0,1.0,0.0,1e-06
re0000000888,0.0,1.0,0.0,1e-06
re0000000889,0.0,1.0,0.0,1e-06
re0000000890,0.0,1.0,0.0,1e-06
re0000000891,0.0,1.0,0.0,1e-06
re0000000892,0.0,1.0,0.0,1e-06
re0000000893,0.0,1.0,0.0,1e-06
re0000000894,0.0,1.0,0.0,1e-06
re0000000895,3.527908177182318e-83,1.0,3.527908177182318e-83,1e-06
re0000000896,4.0451961321360446e-86,1.0,4.0451961321360446e-86,1e-06
re0000000897,0.0,1.0,0.0,1e-06
re0000000898,0.0,1.0,0.0,1e-06
re0000000899,0.0,1.0,0.0,1e-06
re0000000900,1.0112990330340111e-86,1.0,1.0112990330340111e-86,1e-06
re0000000901,3.592108318168697e-83,1.0,3.592108318168697e-83,1e-06
re0000000902,6.050879854440541e-88,1.0,6.050879854440541e-88,1e-06
re0000000903,0.0,1.0,0.0,1e-06
re0000000904,1.1391250473521232e-81,1.0,1.1391250473521232e-81,1e-06
re0000000905,1.6269962657810246e-85,1.0,1.6269962657810246e-85,1e-06
re0000000906,2.9878606812590737e-81,1.0,2.9878606812590737e-81,1e-06
re0000000907,1.7381169287028704e-84,1.0,1.7381169287028704e-84,1e-06
re0000000908,5.225045005082722e-85,1.0,5.225045005082722e-85,1e-06
re0000000909,6.050879854440541e-88,1.0,6.050879854440541e-88,1e-06
re0000000910,1.1198113777847694e-88,1.0,1.1198113777847694e-88,1e-06
re0000000911,2.0361686140219815e-89,1.0,2.0361686140219815e-89,1e-06
re0000000912,0.0,1.0,0.0,1e-06
re0000000913,1.4982579328783188e-89,1.0,1.4982579328783188e-89,1e-06
re0000000914,1.4982579328783188e-89,1.0,1.4982579328783188e-89,1e-06
re0000000915,1.4982579328783188e-89,1.0,1.4982579328783188e-89,1e-06
re0000000916,2.2852917369570793e-90,1.0,2.2852917369570793e-90,1e-06
re0000000917,2.2852917369570793e-90,1.0,2.2852917369570793e-90,1e-06
re0000000918,8.085233340935068e-91,1.0,8.085233340935068e-91,1e-06
re0000000919,8.085233340935068e-91,1.0,8.085233340935068e-91,1e-06
re0000000920,2.2852917369570793e-90,1.0,2.2852917369570793e-90,1e-06
re0000000921,2.2852917369570793e-90,1.0,2.2852917369570793e-90,1e-06
re0000000922,2.2852917369570793e-90,1.0,2.2852917369570793e-90,1e-06
re0000000923,2.2852917369570793e-90,1.0,2.2852917369570793e-90,1e-06
re0000000924,0.0,1.0,0.0,1e-06
re0000000925,0.0,1.0,0.0,1e-06
re0000000926,0.0,1.0,0.0,1e-06
re0000000927,0.0,1.0,0.0,1e-06
re0000000928,0.0,1.0,0.0,1e-06
re0000000929,0.0,1.0,0.0,1e-06
re0000000930,0.0,1.0,0.0,1e-06
re0000000931,0.0,1.0,0.0,1e-06
re0000000932,0.0,1.0,0.0,1e-06
re0000000933,0.0,1.0,0.0,1e-06
re0000000934,0.0,1.0,0.0,1e-06
re0000000935,0.0,1.0,0.0,1e-06
re0000000936,0.0,1.0,0.0,1e-06
re0000000937,0.0,1.0,0.0,1e-06
re0000000938,0.0,1.0,0.0,1e-06
re0000000939,0.0,1.0,0.0,1e-06
re0000000940,0.0,1.0,0.0,1e-06
re0000000941,0.0,1.0,0.0,1e-06
re0000000942,0.0,1.0,0.0,1e-06
re0000000943,0.0,1.0,0.0,1e-06
re0000000944,0.0,1.0,0.0,1e-06
re0000000945,0.0,1.0,0.0,1e-06
re0000000946,0.0,1.0,0.0,1e-06
re0000000947,0.0,1.0,0.0,1e-06
re0000000948,0.0,1.0,0.0,1e-06
re0000000949,0.0,1.0,0.0,1e-06
re0000000950,0.0,1.0,0.0,1e-06
re0000000951,0.0,1.0,0.0,1e-06
re0000000952,0.0,1.0,0.0,1e-06
re0000000953,0.0,1.0,0.0,1e-06
re0000000954,0.0,1.0,0.0,1e-06
re0000000955,0.0,1.0,0.0,1e-06
re0000000956,0.0,1.0,0.0,1e-06
re0000000957,0.0,1.0,0.0,1e-06
re0000000958,0.0,1.0,0.0,1e-06
re0000000959,0.0,1.0,0.0,1e-06
re0000000960,0.0,1.0,0.0,1e-06
re0000000961,0.0,1.0,0.0,1e-06
re0000000962,0.0,1.0,0.0,1e-06
re0000000963,0.0,1.0,0.0,1e-06
re0000000964,0.0,1.0,0.0,1e-06
re0000000965,0.0,1.0,0.0,1e-06
re0000000966,0.0,1.0,0.0,1e-06
re0000000967,0.0,1.0,0.0,1e-06
re0000000968,0.0,1.0,0.0,1e-06
