id,reference_scale,max_abs_error,E_inf,post_0p05_E_inf
fMettRNAfMetCAU,0.0017232662588841014,0.00024621284830097503,0.1428756856531328,0.1428756856531328
tRNAfMetCAU,3.54767184,0.22757591245998343,0.06414796033107263,0.0013579648404466475
fMet,1e-06,0.0,0.0,0.0
elRS70SAGGU0002_fMettRNAfMetCAU,1e-06,2.4911018158237262e-16,2.4911018158237263e-10,2.4911018158237263e-10
elRS70SAGGU0002_fMet,1e-06,2.842543360305465e-15,2.842543360305465e-09,2.842543360305465e-09
RS50S,0.0005737765194994138,4.732045159362708e-12,8.24719206615694e-09,8.24719206615694e-09
RS30S,2.6647628586301625e-06,9.310556510066115e-16,3.4939531222873104e-10,1.0637552793219553e-10
mRNA,0.1,7.523022482747166e-10,7.523022482747166e-09,7.523022482747166e-09
RS50S_degraded,1e-06,1.0806938816641141e-14,1.0806938816641143e-08,1.0806938816641143e-08
RS30S_degraded,1e-06,1.0814710630256444e-14,1.0814710630256444e-08,1.0814710630256444e-08
fMettRNAfMetCAU_degraded,1e-06,0.0,0.0,0.0
tRNAfMetCAU_degraded,1e-06,0.0,0.0,0.0
fMet_degraded,1e-06,0.0,0.0,0.0
mRNA_degraded,1e-06,3.416270371634423e-16,3.416270371634423e-10,3.416270371634423e-10
PO4,0.35870901204955163,0.021587854890187747,0.06018208119958142,0.05563526945904995
EFTu_GTP_GlytRNAGlyGCC,0.051140666867929604,9.479428190637545e-05,0.001853598861962066,0.001853598861962066
GlytRNAGlyGCC,0.0086969835347379,2.7881932732564795e-05,0.0032059314153231946,0.0014899694105069447
EFG_GTP,4.222536511702719,4.814814769105169e-09,1.1402659884079052e-09,1.2316304138903003e-10
EFG_GDP,0.0005823454810127836,1.7565836675850766e-10,3.016394433988089e-07,3.016394433988089e-07
elRS70SAGGU0003_Pept0002tRNAGlyGCC,1e-06,1.5175590750087667e-21,1.5175590750087667e-15,1.5175590750087667e-15
Pept0002tRNAGlyGCC,1e-06,0.0,0.0,0.0
EFTu,80.0,8.366731663045357e-08,1.0458414578806697e-09,1.8526388067966262e-10
GTP,2500.0,2.3636365767742973e-05,9.454546307097188e-09,9.454546307097188e-09
GDP,0.01261212922635293,8.292319474134668e-08,6.574876712179528e-06,6.574876712179528e-06
EFTu_GDP,0.0003357158763310514,8.392510584599201e-10,2.4998849254073697e-06,2.4998849254073697e-06
EFG,4.3,4.894887828399419e-09,1.1383460066045161e-09,8.787661167217639e-11
EFTu_degraded,1e-06,2.2220630435624833e-13,2.2220630435624834e-07,2.2220630435624834e-07
EFG_degraded,1e-06,7.171067540573763e-15,7.1710675405737634e-09,6.9400602423147946e-09
GlytRNAGlyGCC_degraded,1e-06,1.7320017372144438e-12,1.732001737214444e-06,8.723268122412638e-07
Pept0002tRNAGlyGCC_degraded,1e-06,1.727387237243075e-12,1.727387237243075e-06,8.705601263973893e-07
elRS70SAGGU0002_fMet_EFTu_GTP_GlytRNAGlyGCC,1e-06,5.601435759664813e-17,5.601435759664814e-11,5.601435759664814e-11
elRS70SAGGU0002_fMet_EFTu_GDP_PO4_GlytRNAGlyGCC,1e-06,1.320898285357968e-17,1.320898285357968e-11,1.320898285357968e-11
elRS70SAGGU0002_fMet_EFTu_GDP_GlytRNAGlyGCC,1e-06,1.0873479621201434e-16,1.0873479621201435e-10,1.0873479621201435e-10
elRS70SAGGU0002_fMet_EFTu_GDP,1e-06,0.0,0.0,0.0
elRS70SAGGU0002_fMet_GlytRNAGlyGCC,1e-06,6.821502803355465e-19,6.821502803355465e-13,6.821502803355465e-13
elRS70SBGGU0002_Pept0002tRNAGlyGCC,1e-06,2.9283508768585683e-18,2.9283508768585684e-12,2.9283508768585684e-12
elRS70SBGGU0002_Pept0002tRNAGlyGCC_EFG_GTP,1e-06,1.9809744269072537e-18,1.980974426907254e-12,1.980974426907254e-12
elRS70SBGGU0002_Pept0002tRNAGlyGCC_EFG_GDP_PO4,1e-06,3.988677584510669e-19,3.988677584510669e-13,3.988677584510669e-13
elRS70SCGGU0003_Pept0002tRNAGlyGCC_EFG_GDP,1e-06,1.740926575024487e-21,1.7409265750244871e-15,1.7409265750244871e-15
tRNAGlyGCC,3.54767184,0.3226393258359499,0.09094395997910278,0.0001008143056098893
Pept0002,1e-06,0.0,0.0,0.0
elRS70SAGGU0003_Pept0002,1e-06,9.160388159479641e-21,9.160388159479642e-15,9.160388159479642e-15
tRNAGlyGCC_degraded,1e-06,0.0,0.0,0.0
Pept0002_degraded,1e-06,8.639881020036083e-13,8.639881020036083e-07,3.1379950989817297e-07
elRS70SAUAA0004_Pept0003tRNAGlyGCC,1e-06,2.7903972612397764e-27,2.7903972612397766e-21,2.7903972612397766e-21
Pept0003tRNAGlyGCC,1e-06,0.0,0.0,0.0
Pept0003tRNAGlyGCC_degraded,1e-06,0.0,0.0,0.0
elRS70SAGGU0003_Pept0002_EFTu_GTP_GlytRNAGlyGCC,1e-06,1.4811103666374378e-22,1.4811103666374378e-16,1.4811103666374378e-16
elRS70SAGGU0003_Pept0002_EFTu_GDP_PO4_GlytRNAGlyGCC,1e-06,3.2551420978112755e-23,3.2551420978112757e-17,3.2551420978112757e-17
elRS70SAGGU0003_Pept0002_EFTu_GDP_GlytRNAGlyGCC,1e-06,1.6090816193463612e-22,1.6090816193463613e-16,1.6090816193463613e-16
elRS70SAGGU0003_Pept0002_EFTu_GDP,1e-06,0.0,0.0,0.0
elRS70SAGGU0003_Pept0002_GlytRNAGlyGCC,1e-06,9.406624550043114e-25,9.406624550043115e-19,9.406624550043115e-19
elRS70SBGGU0003_Pept0003tRNAGlyGCC,1e-06,2.930470570388606e-24,2.930470570388606e-18,2.930470570388606e-18
elRS70SBGGU0003_Pept0003tRNAGlyGCC_EFG_GTP,1e-06,1.3671065799903451e-24,1.3671065799903451e-18,1.3671065799903451e-18
elRS70SBGGU0003_Pept0003tRNAGlyGCC_EFG_GDP_PO4,1e-06,1.7787320193909088e-25,1.7787320193909089e-19,1.7787320193909089e-19
elRS70SCUAA0004_Pept0003tRNAGlyGCC_EFG_GDP,1e-06,7.2268757084473735e-28,7.226875708447373e-22,7.226875708447373e-22
AMP,0.1796979453693011,0.016220838879377367,0.0902672473301883,0.05383596429427536
ATP,3750.0,0.7306322677168282,0.00019483527139115418,1.9770664902656184e-06
PPi,0.4091612938586614,0.14951403272044358,0.36541587624388283,0.047964638004046614
Gly,300.0,0.3335064566650203,0.001111688188883401,1.3482251328393128e-06
GlyRS,0.35,0.3496692386608733,0.9990549676024952,9.695002427217447e-05
GlyRS_Gly_ATP,0.07336805158624286,0.050772135926289104,0.6920196847071418,0.0014986976170583521
GlyRS_Gly,0.012914660118794078,0.010175152327957987,0.7878761217378522,0.0013757044089497696
GlyRS_ATP,0.20486491644134752,0.20351517041089529,0.9934115315892135,0.0006199365523177542
GlyAMP,1.9311096300779297e-05,2.563050935337351e-07,0.013272425839613876,0.013272425839613876
GlyRS_GlyAMP_PPi,0.0007901040098298802,0.0004643287206137505,0.5876805013478246,0.001755737392211641
GlyRS_GlyAMP,0.0039846612196747745,0.00027061809743706165,0.06791495751278682,0.005808530826271415
GlyRS_degraded,1e-06,9.084530003256042e-16,9.084530003256042e-10,9.084530003256042e-10
GlyRS_AMP,0.00023787437902474232,2.3198849083373973e-06,0.009752563171572573,0.0006714904325225978
Met,300.0,0.36671101996893185,0.0012223700665631061,3.7340192604536545e-06
MetRS,0.44,0.4363735712270755,0.9917581164251715,0.00031783308079391757
MetRS_Met_ATP,0.23722917311307495,0.14502366190846927,0.6113230510622905,0.022633269254913213
MetRS_Met,0.015870213150316052,0.009704017050297036,0.6114610407802735,0.02268632174061633
MetRS_ATP,0.34331611741019213,0.29816497314949425,0.8684852182260014,0.005030784115014957
MetAMP,0.0009576738018729714,5.2732901756489707e-05,0.05506353170918667,0.04374985597564465
MetRS_MetAMP_PPi,0.010590548680787721,0.008416705776977541,0.794737461737583,0.028983867660140716
MetRS_MetAMP,0.168844263305981,0.046948638233072444,0.27805882956172295,0.06317506276898305
MetRS_degraded,1e-06,2.656170385229766e-15,2.656170385229766e-09,2.656170385229766e-09
MetRS_AMP,4.1789889491985655e-06,2.8799883506326437e-06,0.6891591209364073,0.08649701846225458
GlyRS_GlytRNAGlyGCC,0.001901549596280455,1.160866830676824e-05,0.0061048464523226174,0.0007558303885066896
GlyRS_AMP_GlytRNAGlyGCC,0.0006762023123773784,8.518303919083754e-06,0.012597271205913618,0.0006172278611658848
GlyRS_GlyAMP_tRNAGlyGCC,0.04165498785196062,0.0009482172596251533,0.022763594674305554,0.006364530564864864
GlyRS_tRNAGlyGCC,0.015808438135786862,0.012995471808208136,0.8220591874151828,0.001678039197714717
GlyRS_Gly_tRNAGlyGCC,0.03240286367985816,0.03301982708192958,1.0190403974218776,0.0003958894654286713
GlyRS_ATP_tRNAGlyGCC,0.07472486454962614,0.06275941171631294,0.83987320812918,0.0016866504740848116
GlyRS_Gly_ATP_tRNAGlyGCC,0.2690929000341634,0.27480785572282806,1.0212378538710576,0.0005230167132172141
GlyRS_GlyAMP_PPi_tRNAGlyGCC,0.0009556538978273447,0.0001952129131001215,0.20427156059733884,0.0012909464373164915
MetRS_MettRNAfMetCAU,0.18409013369262503,0.0185115161817914,0.10055680774668807,0.07672809507145834
MetRS_AMP_MettRNAfMetCAU,0.002481028885458076,0.0016227138819443947,0.654048766403133,0.08144552185054135
MettRNAfMetCAU,0.000983229122338046,9.477227667615727e-05,0.0963888014736543,0.09608957682437382
MetRS_MetAMP_tRNAfMetCAU,0.1814655225446655,0.1118424880885755,0.616329132499794,0.07634009822333776
MetRS_tRNAfMetCAU,0.0015450939665777453,0.0015032507172314166,0.9729186377971509,0.03449878713404103
MetRS_Met_tRNAfMetCAU,0.006044782108101533,0.005632729165285503,0.9318332844018024,0.03295896527051108
MetRS_ATP_tRNAfMetCAU,0.02312389076918674,0.022506026509564563,0.973280263871273,0.03444195521985289
MetRS_Met_ATP_tRNAfMetCAU,0.09003454353785763,0.08405580823468521,0.933595095079718,0.032956957730847794
MetRS_MetAMP_PPi_tRNAfMetCAU,0.01672897718826081,0.015833369717921025,0.9464637042503556,0.033214760125353356
MettRNAfMetCAU_degraded,1e-06,5.276973392151085e-15,5.2769733921510855e-09,2.339672283722236e-09
EFTs,13.0,3.2177038645220257e-06,2.475156818863097e-07,2.475156818863097e-07
EFTs_degraded,1e-06,2.912307981578488e-14,2.912307981578488e-08,2.912307981578488e-08
EFTu_EFTs,0.5013505409940324,1.808046444506939e-08,3.606351837024267e-08,3.606351837024267e-08
EFTu_GDP_EFTs,4.195600335906844e-05,3.2894690813747244e-10,7.840282243336539e-06,7.840282243336539e-06
EFTu_GTP,67.37069813631103,0.0006006912379916685,8.916209191958954e-06,8.916209191958954e-06
EFTu_GTP_EFTs,12.553523131150635,3.1999523475434444e-06,2.5490472388607785e-07,2.5490472388607785e-07
EFTu_GTP_MettRNAfMetCAU,0.00402333183434238,0.0006956922620052885,0.1729144626021136,0.1729144626021136
RS70S_EFG_GDP,0.00016824203547041475,7.068220249546731e-13,4.201221311774769e-09,4.201221311774769e-09
RS50S_EFG_GDP,8.074828292434602e-06,1.1973456148545343e-14,1.4828124778533568e-09,1.4828124778533568e-09
RS70S_EFG_GTP,0.07097402770251043,1.5208768619490165e-10,2.142863961904224e-09,2.142863961904224e-09
RS50S_EFG_GTP,0.0012910912309871936,6.0163954981179435e-12,4.6599305716898794e-09,4.6599305716898794e-09
RS70S,3.0,3.3355683493052624e-10,1.1118561164350875e-10,5.189290114513782e-13
RS70S_EFG_GDP_PO4,0.033655908393791484,1.349396636096678e-10,4.009390031337267e-09,4.009390031337267e-09
RS50S_EFG_GDP_PO4,0.0016385730895336736,2.5487450691641378e-12,1.5554662074241026e-09,1.5554662074241026e-09
CK_ADP,0.000492766564006297,4.660207340647813e-05,0.09457231234926607,0.09457231234926607
CK_ATP,1.4511318397139217,0.00022036185000673392,0.00015185515469785045,0.00015185515469785045
CK_CP,28.26730834137406,0.004451279758544757,0.00015747094505031258,0.00015747094505031258
CK_CP_ADP,0.04924756900145516,0.004657455404002225,0.09457229054016063,0.09457229054016063
CK_Cr,1.7276394441241627e-05,1.6916985511668974e-06,0.09791965313830366,0.09791965313830366
CK_Cr_ATP,0.00010596827804743744,1.0321537946549812e-05,0.09740214842341124,0.09740214842341124
CK_degraded,1e-06,0.0,0.0,0.0
CK,30.0,4.441577676822517e-05,1.4805258922741722e-06,1.4805258922741722e-06
ADP,0.09098660785226227,0.008452685538672525,0.09290032608312432,0.09290032608312432
CP,50000.0,0.0009432410806766711,1.8864821613533422e-08,1.8864821613533422e-08
Cr,0.0037545576115400785,0.0007250745762940412,0.1931185112369666,0.1931185112369666
NDK,1.8,1.0686550644914417e-05,5.936972580508009e-06,5.936972580508009e-06
NDK_degraded,1e-06,0.0,0.0,0.0
NDK_GDP,1.974020426087104e-05,2.113721667446354e-09,0.00010707699066904618,0.00010707699066904618
NDK_ATP,0.19548680819011066,2.2594093233213597e-05,0.00011557860830814154,0.00011557860830814154
NDK_GDP_ATP,3.680608781825712e-05,4.017437407361781e-09,0.00010915143785993441,0.00010915143785993441
NDK_GTP_ADP,0.002055508570716994,0.00019295845799794688,0.09387382798926493,0.09387382798926493
NDK_ADP,0.00012790293179783835,1.2012336899769265e-05,0.09391760400579248,0.09391760400579248
NDK_GTP,1.5168271449779873,0.00017168525718957994,0.00011318709436207478,0.00011318709436207478
MK,5.6,1.0941013794313337e-05,1.953752463270239e-06,1.2276282636528818e-06
MK_degraded,1e-06,6.130637374311824e-15,6.130637374311824e-09,6.033923903060734e-09
MK_AMP,0.00010856615551826086,9.854306552448523e-06,0.09076775819689983,0.05539695362232224
MK_ATP,5.511628781433978,0.0008189251656514074,0.00014858133559538184,9.430125050958593e-05
MK_ATP_AMP,0.006747923505166328,0.0006125175280028575,0.09077126134193776,0.05539794563055663
MK_ADP_1,0.0007357543827668784,6.689300603707099e-05,0.09091757739248947,0.05831576805114641
MK_ADP_2,0.0010105289337377073,7.58030517238356e-05,0.0750132422665604,0.06195620333979862
MK_ADP_ADP,0.0007343265429782987,6.673724735300666e-05,0.09088224849170258,0.05621239396771209
PPiase,0.16,0.004084583299979211,0.025528645624870068,0.003653767941220673
PPiase_PPi,0.0034202461295879017,0.0011966993506680509,0.34988691027690416,0.044178957666234295
PPiase_degraded,1e-06,8.322335875998732e-16,8.322335875998732e-10,7.346553920761778e-10
PPiase_PO4,0.0051986680759658534,0.0015578394802472691,0.2996612704414371,0.04354309421422374
PPiase_PO4_PO4,0.004716404332932053,0.0015531807490629904,0.3293145878562584,0.04411348499240676
FD,126.8498943,0.0010533601142554971,8.30398890017441e-06,8.30398890017441e-06
MTF,2.4,4.305064477971854e-05,1.7937768658216058e-05,1.788466316030024e-05
THF,0.005926196639010279,0.0010591334911844025,0.1787206121734911,0.1787206121734911
MTF_FD,2.165530614685646,0.00041839110939267954,0.0001932048923969677,0.00019294445196247142
MTF_MettRNAfMetCAU,0.0004416708169979036,4.304420647190769e-05,0.09745766488373625,0.09730875023730098
MTF_FD_MettRNAfMetCAU,0.004065520336982977,0.0003962249016710754,0.0974598252692825,0.09731059151381526
MTF_THF_fMettRNAfMetCAU,7.538845044978831e-05,7.3892875665126656e-06,0.09801617518898631,0.09792508529705092
MTF_THF,7.451544286197017e-05,7.3856323775297e-06,0.09911545974719078,0.09911545974719078
MTF_fMettRNAfMetCAU,7.451544286197017e-05,7.3856323775297e-06,0.09911545974719078,0.09911545974719078
MTF_degraded,1e-06,1.003989198466212e-13,1.003989198466212e-07,8.590815504718602e-08
IF2_GTP,4.088822068834733,0.000810232400495714,0.00019815790143360795,0.00019815790143360795
IF2_GDP,4.170813212621887e-05,5.853116070806015e-09,0.00014033512824532813,0.00014033512824532813
IF2_GTP_fMettRNAfMetCAU,0.004201335237996658,0.0008124902114168171,0.19338856944066207,0.19338856944066207
IF2_degraded,1e-06,2.00038862282788e-14,2.00038862282788e-08,1.769998257545449e-08
IF2,4.1,2.251980982862639e-06,5.492636543567413e-07,5.492636543567413e-07
RS30S_IF1,5.587800558503985e-06,4.463033006111097e-13,7.987101471112597e-08,7.987101471112597e-08
RS30S_IF1_IF3,3.638702881153799e-05,2.3205811180797547e-11,6.377495480872898e-07,6.377495480872898e-07
RS30S_IF1_IF3_IF2_GTP,0.0029175395364500357,3.7486411228046176e-07,0.00012848638642154746,0.00012848638642154746
RS30S_IF1_IF3_IF2_GTP_fMettRNAfMetCAU,1.399508453844226e-06,3.741350798283203e-07,0.26733320459810805,0.26733320459810805
RS30S_IF1_IF3_IF2_GTP_fMettRNAfMetCAU_mRNA,1e-06,5.6077523417595976e-08,0.056077523417595976,0.056077523417595976
RS30S_IF1_IF3_IF2_GTP_mRNA,0.0005485982426466229,5.5338318568796604e-08,0.00010087221260831223,0.00010087221260831223
RS30S_IF1_IF3_fMettRNAfMetCAU_mRNA,1e-06,1.3376809109997025e-12,1.3376809109997025e-06,1.3376809109997025e-06
RS30S_IF1_IF3_mRNA,1e-06,7.696708920590419e-13,7.696708920590419e-07,7.696708920590419e-07
RS30S_IF3,3.2459996806314055e-06,3.9263203536450974e-14,1.2095874121840201e-08,1.2095874121840201e-08
RS30S_IF3_IF2_GTP,2.5199615013743606e-06,9.113107163746346e-12,3.6163676146544908e-06,3.6163676146544908e-06
RS30S_IF3_IF2_GTP_fMettRNAfMetCAU,1e-06,9.151545415613198e-12,9.151545415613199e-06,9.151545415613199e-06
RS30S_IF3_IF2_GTP_fMettRNAfMetCAU_mRNA,1e-06,1.5071256987829015e-13,1.5071256987829016e-07,1.5071256987829016e-07
RS30S_IF3_IF2_GTP_mRNA,1e-06,1.0066266309358208e-12,1.006626630935821e-06,1.006626630935821e-06
RS30S_IF3_fMettRNAfMetCAU_mRNA,1e-06,9.788264406703535e-16,9.788264406703535e-10,9.788264406703535e-10
RS30S_IF3_mRNA,1e-06,4.178816526004171e-15,4.178816526004171e-09,4.178816526004171e-09
RS70S_IF1,2.920264924742157,2.376232544065715e-10,8.137044430225875e-11,8.807375817092056e-12
RS70S_IF1_IF3,0.11329866169708057,1.9982071552959724e-12,1.7636635114353354e-11,1.7636635114353354e-11
RS70S_IF1_IF3_IF2_GTP_fMettRNAfMetCAU_mRNA,1e-06,1.2879172048320659e-11,1.287917204832066e-05,1.287917204832066e-05
RS70S_IF3,0.0002249818770438154,1.7346689948176397e-13,7.710261011289419e-10,3.89140962782229e-12
RS70S_IF3_IF2_GTP_fMettRNAfMetCAU_mRNA,1e-06,2.1679097210637972e-17,2.1679097210637974e-11,2.1679097210637974e-11
IF1_degraded,1e-06,9.579124060164171e-14,9.579124060164172e-08,7.135168767353379e-08
IF3_degraded,1e-06,1.2261203927796695e-14,1.2261203927796695e-08,1.2261203927796695e-08
IF1,99.0,2.3736390630801907e-10,2.3976152152325157e-12,2.883798699276851e-13
IF3,4.9,1.9761969838327786e-12,4.033055069046487e-13,4.033055069046487e-13
RS30S_IF2_GTP,1e-06,7.972187611325895e-14,7.972187611325895e-08,7.972187611325895e-08
RS30S_IF2_GTP_fMettRNAfMetCAU,1e-06,8.000432759709765e-14,8.000432759709765e-08,8.000432759709765e-08
RS30S_mRNA,1e-06,1.2055116919164214e-18,1.2055116919164214e-12,1.2055116919164214e-12
RS30S_fMettRNAfMetCAU_mRNA,1e-06,5.829211853212014e-19,5.829211853212014e-13,5.829211853212014e-13
RS30S_IF2_GTP_mRNA,1e-06,2.800916028284851e-16,2.800916028284851e-10,2.800916028284851e-10
RS30S_IF2_GTP_fMettRNAfMetCAU_mRNA,1e-06,1.9016922635720307e-16,1.901692263572031e-10,1.901692263572031e-10
RS30S_IF1_IF2_GTP,1e-06,1.9325557096585716e-10,0.00019325557096585717,0.00019325557096585717
RS30S_IF1_IF2_GTP_fMettRNAfMetCAU,1e-06,1.9369063794733966e-10,0.00019369063794733967,0.00019369063794733967
RS30S_IF1_mRNA,1e-06,1.1969665719119772e-15,1.1969665719119772e-09,1.1969665719119772e-09
RS30S_IF1_fMettRNAfMetCAU_mRNA,1e-06,8.391021491929473e-16,8.391021491929474e-10,8.391021491929474e-10
RS30S_IF1_IF2_GTP_mRNA,1e-06,1.0780094743327042e-12,1.0780094743327043e-06,1.0780094743327043e-06
RS30S_IF1_IF2_GTP_fMettRNAfMetCAU_mRNA,1e-06,1.0894381898572164e-12,1.0894381898572164e-06,1.0894381898572164e-06
RS70S_IF1_IF2_GDP_fMettRNAfMetCAU_mRNA,1e-06,4.370795922483219e-15,4.370795922483219e-09,4.370795922483219e-09
RS70S_IF1_IF3_IF2_GDP_PO4_fMettRNAfMetCAU_mRNA,1e-06,4.115271325053616e-13,4.115271325053616e-07,4.115271325053616e-07
RS70S_IF1_IF3_IF2_GDP_fMettRNAfMetCAU_mRNA,1e-06,4.647469309183421e-15,4.647469309183421e-09,4.647469309183421e-09
RS70S_IF1_IF3_fMettRNAfMetCAU_mRNA,1e-06,9.02877635316245e-18,9.02877635316245e-12,9.02877635316245e-12
RS70S_IF1_fMettRNAfMetCAU_mRNA,1e-06,2.5013154170229086e-17,2.5013154170229086e-11,2.5013154170229086e-11
RS70S_IF2_GDP_fMettRNAfMetCAU_mRNA,1e-06,5.827942244197227e-14,5.8279422441972273e-08,5.8279422441972273e-08
RS70S_IF3_IF2_GDP_PO4_fMettRNAfMetCAU_mRNA,1e-06,6.706096193456095e-19,6.706096193456096e-13,6.706096193456096e-13
RS70S_IF3_IF2_GDP_fMettRNAfMetCAU_mRNA,1e-06,7.593478456099606e-21,7.593478456099606e-15,7.593478456099606e-15
RS70S_IF3_fMettRNAfMetCAU_mRNA,1e-06,8.520271732970877e-18,8.520271732970877e-12,8.520271732970877e-12
GMP,1e-06,0.0,0.0,0.0
RF1,0.2,0.0,0.0,0.0
Pept0003,1e-06,5.269574450705534e-31,5.269574450705534e-25,5.269574450705534e-25
RF1_degraded,1e-06,2.127912909479883e-28,2.1279129094798833e-22,2.1279129094798833e-22
termRS70SUAA0004_tRNAGlyGCC,1e-06,1.0375821630242822e-35,1.0375821630242823e-29,1.0375821630242823e-29
elRS70SAUAA0004_Pept0003tRNAGlyGCC_RF1,1e-06,1.3116691885353078e-28,1.311669188535308e-22,1.311669188535308e-22
termRS70SUAA0004_tRNAGlyGCC_RF1,1e-06,2.2963019251211766e-31,2.2963019251211766e-25,2.2963019251211766e-25
RF2,0.2,0.0,0.0,0.0
RF2_degraded,1e-06,8.156599066993039e-29,8.156599066993039e-23,8.156599066993039e-23
elRS70SAUAA0004_Pept0003tRNAGlyGCC_RF2,1e-06,5.0090926511705075e-29,5.009092651170508e-23,5.009092651170508e-23
termRS70SUAA0004_tRNAGlyGCC_RF2,1e-06,2.6310485981007516e-31,2.631048598100752e-25,2.631048598100752e-25
RF3,0.7,2.5586424645673844e-10,3.6552035208105495e-10,1.0122537109120383e-11
RF3_degraded,1e-06,2.265680573249008e-15,2.265680573249008e-09,2.265680573249008e-09
RF3_GDP,2.3437272402135766e-06,9.019456242650054e-12,3.8483387008072405e-06,3.8483387008072405e-06
RF3_GTP,0.6992862664320519,2.558639966565579e-10,3.658930668866777e-10,2.302730015180118e-11
termRS70SUAA0004_tRNAGlyGCC_RF1_RF3_GDP,1e-06,4.871903157393276e-38,4.871903157393276e-32,4.871903157393276e-32
termRS70SUAA0004_tRNAGlyGCC_RF1_RF3_GTP,1e-06,1.5921553750644706e-32,1.5921553750644707e-26,1.5921553750644707e-26
termRS70SUAA0004_tRNAGlyGCC_RF1_RF3,1e-06,2.7124932030988676e-36,2.7124932030988677e-30,2.7124932030988677e-30
termRS70SUAA0004_tRNAGlyGCC_RF3_GTP,1e-06,5.610624908180266e-35,5.610624908180267e-29,5.610624908180267e-29
termRS70SUAA0004_tRNAGlyGCC_RF3_GDP,1e-06,2.1552541848031697e-38,2.15525418480317e-32,2.15525418480317e-32
termRS70SUAA0004_tRNAGlyGCC_RF3_GDP_PO4,1e-06,5.6148587987734625e-36,5.6148587987734626e-30,5.6148587987734626e-30
termRS70SUAA0004_tRNAGlyGCC_RF2_RF3_GDP,1e-06,5.582738025875215e-38,5.582738025875214e-32,5.582738025875214e-32
termRS70SUAA0004_tRNAGlyGCC_RF2_RF3_GTP,1e-06,1.821628540025385e-32,1.821628540025385e-26,1.821628540025385e-26
termRS70SUAA0004_tRNAGlyGCC_RF2_RF3,1e-06,3.1035770256660995e-36,3.1035770256660998e-30,3.1035770256660998e-30
RRF,16.0,0.0,0.0,0.0
RRF_degraded,1e-06,3.773102158526733e-36,3.7731021585267326e-30,3.7731021585267326e-30
RS50S_RRF,1e-06,8.269702472971902e-41,8.269702472971902e-35,8.269702472971902e-35
RS50S_RRF_EFG_GDP,1e-06,5.436619799731283e-41,5.436619799731283e-35,5.436619799731283e-35
RS50S_tRNAGlyGCC,1e-06,8.269702472971902e-41,8.269702472971902e-35,8.269702472971902e-35
RS50S_tRNAGlyGCC_EFG_GDP,1e-06,5.436619799731283e-41,5.436619799731283e-35,5.436619799731283e-35
RS50S_tRNAGlyGCC_RRF,1e-06,5.436619799731283e-41,5.436619799731283e-35,5.436619799731283e-35
RS50S_tRNAGlyGCC_RRF_EFG_GDP,1e-06,1.2568699964932534e-40,1.2568699964932535e-34,1.2568699964932535e-34
termRS70SUAA0004_tRNAGlyGCC_EFG_GTP,1e-06,4.0426284943585796e-36,4.04262849435858e-30,4.04262849435858e-30
termRS70SUAA0004_tRNAGlyGCC_RRF,1e-06,1.2503801262731751e-36,1.2503801262731752e-30,1.2503801262731752e-30
termRS70SUAA0004_tRNAGlyGCC_RRF_EFG_GDP,1e-06,4.160484963481228e-40,4.160484963481229e-34,4.160484963481229e-34
termRS70SUAA0004_tRNAGlyGCC_RRF_EFG_GDP_PO4,1e-06,1.0892508314411483e-37,1.0892508314411484e-31,1.0892508314411484e-31
termRS70SUAA0004_tRNAGlyGCC_RRF_EFG_GTP,1e-06,1.110853742956476e-36,1.1108537429564761e-30,1.1108537429564761e-30
termRS30S_mRNA,1e-06,3.1711642037367005e-40,3.1711642037367006e-34,3.1711642037367006e-34
