condition,sample_index,time_s,physical_root,minimum_state,Gq_condition,Gq_max_real_eigenvalue,Gq_min_real_eigenvalue,fast_attracting,tau_fast_s,complement_fastest_abs_real_s_inverse,epsilon_screen_only,gap_ratio_descriptive,closure_max,velocity_max,defect_max,occupancy_error_scaled_l2,branch_step_scaled_l2
R3_METRS_HIGH,0,0.0,True,0.0,241.79396765922374,-1088.814839886354,-52903.66047140548,True,0.0009184298040099966,106195.64245041153,97.53324308244713,0.010252914477115014,1.31161748129216e-12,6.2195474668492094,6.219547466849302,1.5182012439476424,0.0
R3_METRS_HIGH,1,0.0001,True,-4.312106227644108e-13,240.7422501164006,-1091.2044658995267,-52789.637176865035,True,0.0009164185368098335,106065.29422936992,97.20020174398365,0.010288044490215231,3.079758670310184e-13,0.9979280265432497,0.9979280265433776,1.9328758926549572,0.0028135328152593168
R3_METRS_HIGH,2,0.00010843659686896097,True,-2.852162950262027e-13,240.73943031199582,-1091.2108793344157,-52789.331938184754,True,0.0009164131506917803,106065.25154951068,97.19959135140331,0.010288109096927418,5.222489107836736e-13,0.9884398024903334,0.9884398024898111,1.921620263755061,2.0811638497036944e-05
R3_METRS_HIGH,3,0.0001175849554052157,True,-3.524958103184872e-13,240.73726985325672,-1091.215784984924,-52789.09850536738,True,0.0009164090308809231,106065.21945149248,97.19912496771465,0.010288158461633855,4.711786516509164e-13,0.9813810969593121,0.9813810969593902,1.9126298673757283,2.533045643216719e-05
R3_METRS_HIGH,4,0.00012750512407130128,True,-3.028688411177427e-13,240.73564275517904,-1091.2194693000442,-52788.923243848534,True,0.0009164059367832244,106065.19558034616,97.19877491590303,0.010288195513422943,1.0058620603103918e-12,0.9762340662246617,0.9762340662244876,1.9058065773334065,3.117937582475027e-05
R3_METRS_HIGH,5,0.00013826221737646565,True,-3.4561242756581123e-13,240.73443716927932,-1091.2221863755135,-52788.79406090037,True,0.000916403654989359,106065.17805942663,97.19851684075573,0.010288222829967051,2.3054891329366e-12,0.9725556776083065,0.9725556776085055,1.9010075509871651,3.836927548343289e-05
R3_METRS_HIGH,6,0.00014992684327860457,True,-3.9979131116751887e-13,240.73355673371276,-1091.2241548456077,-52788.70055339823,True,0.0009164020018797012,106065.1653794508,97.19832988343029,0.01028824261897604,1.5869527913991988e-12,0.9699776389060284,0.9699776389057939,1.8980590678983509,4.7030973329152535e-05
R3_METRS_HIGH,7,0.00016257556664437935,True,-3.339550858072471e-13,240.7329208712302,-1091.2255571772073,-52788.63404133397,True,0.0009164008242134739,106065.15632878499,97.19819668002951,0.010288256718300429,4.888311977424564e-12,0.9682024887795215,0.968202488779621,1.8967668489452583,5.738033288179711e-05
R3_METRS_HIGH,8,0.0001762914118095948,True,-2.7622348852673895e-13,240.73246418400768,-1091.2265410258753,-52788.587503225186,True,0.0009163999979874828,106065.14994667507,97.1981031976751,0.01028826661325135,6.441513988875158e-13,0.9669968946679157,0.9669968946679335,1.8969223677262395,6.969776884319594e-05
R3_METRS_HIGH,9,0.00019116440753857018,True,-3.417266469796232e-13,240.73213514171735,-1091.2272222072895,-52788.555434702634,True,0.000916399425939211,106065.14548664619,97.19803843612146,0.010288273468164688,1.7630341631047486e-12,0.9661832050630688,0.9661832050633992,1.8983043006193152,8.431862612908478e-05
R3_METRS_HIGH,10,0.0002072921779595372,True,-3.838040996129166e-13,240.73189428530443,-1091.227688776844,-52788.53365435294,True,0.0009163990341199086,106065.14238313984,97.19799403369994,0.0102882781680997,2.8683722064215544e-12,0.9656301948077337,0.9656301948079291,1.9006745146984774,0.00010162945739868521
R3_METRS_HIGH,11,0.00022478058335487252,True,-1.7785772854495008e-13,240.7317121756972,-1091.22800569698,-52788.51908159769,True,0.0009163987679745154,106065.14021900538,97.19796382174074,0.010288281365996323,4.6209702730948266e-12,0.9652437837579877,0.9652437837580907,1.9037688991186976,0.00012206677365655114
R3_METRS_HIGH,12,0.00024374441501222218,True,-2.657873920952625e-13,240.73156730429315,-1091.2282196004983,-52788.50951000019,True,0.0009163985883412205,106065.13869419383,97.19794337157498,0.010288283530620923,2.360334150353083e-13,0.9649583414460173,0.9649583414458539,1.9072844997112957,0.0001461160640581836
R3_METRS_HIGH,13,0.00026430814869741055,True,-3.4150460237469815e-13,240.73144414968195,-1091.2283632321917,-52788.50339582765,True,0.0009163984677212976,106065.13759713694,97.19792957266489,0.010288284991218902,1.0191847366058937e-12,0.9647290240916204,0.964729024091695,1.9108652863711295,0.00017430955104307498
R3_METRS_HIGH,14,0.000286606761694825,True,-3.779199175824033e-13,240.73133151413492,-1091.2284592700796,-52788.49967610544,True,0.0009163983870700164,106065.13678027737,97.19792026980686,0.01028828597591543,2.1735946376111315e-12,0.9645254204902275,0.9645254204901031,1.9140891379111513,0.0002072214583999032
R3_METRS_HIGH,15,0.0003107866187782014,True,-3.9679370900103095e-13,240.73122121080866,-1091.228523369669,-52788.49762355051,True,0.0009163983332400816,106065.13614062112,97.19791397414754,0.010288286642303636,1.1666223542761145e-12,0.9643266084501451,0.9643266084501699,1.916458277682043,0.00024545969389638253
R3_METRS_HIGH,16,0.00033700643292719284,True,-3.299582829185965e-13,240.73110711040314,-1091.2285664189899,-52788.4967389585,True,0.0009163982970878701,106065.13560535037,97.19790964913709,0.010288287100101004,9.93205517829665e-13,0.9641175582052239,0.964117558205192,1.9173946968573372,0.00028965290780681236
R3_METRS_HIGH,17,0.00036543830709572547,True,-3.6415315207705135e-13,240.73098450740622,-1091.2285961037048,-52788.49667626583,True,0.0009163982721590674,106065.13512186345,97.19790656199369,0.010288287426871597,2.673417043297377e-13,0.963886690102063,0.9638866901021305,1.9162413782857413,0.00034043197926166794
R3_METRS_HIGH,18,0.0003962688638701478,True,-4.722888746755416e-13,240.7308497390921,-1091.2286179435605,-52788.4971925601,True,0.0009163982538182673,106065.13465120907,97.19790418536739,0.010288287678434784,5.324629626102251e-13,0.9636243237890645,0.963624323789164,1.9122695911296905,0.0003984051847254206
R3_METRS_HIGH,19,0.00042970047043208395,True,-4.689582056016661e-13,240.73069998668578,-1091.2286359713871,-52788.498114864626,True,0.0009163982386787555,106065.13416383776,97.19790213296682,0.010288287895679055,6.890044090823721e-13,0.9633217505384759,0.9633217505385754,1.9046922119832932,0.0004641266938604403
R3_METRS_HIGH,20,0.0004659525668664682,True,-3.517186542012496e-13,240.730533200612,-1091.2286531955442,-52788.499316912435,True,0.0009163982242141543,106065.13363676507,97.19790011576848,0.01028828810919722,2.390088127413037e-12,0.962970704223177,0.9629707042232623,1.8926828713381203,0.0005380586947515473
R3_METRS_HIGH,21,0.0005052631065335679,True,-3.5438318946034997e-13,240.7303481110909,-1091.2286719419035,-52788.500701315934,True,0.0009163982084712301,106065.13305154933,97.19789790970246,0.010288288342706826,2.155386980007279e-12,0.9625630732809626,0.9625630732809128,1.875400618197255,0.0006205284499225815
R3_METRS_HIGH,22,0.0005478901179593945,True,-3.006483950684924e-13,240.73014430287245,-1091.2286941276893,-52788.502184609424,True,0.0009163981898399253,106065.1323927464,97.19789532984481,0.010288288615781868,1.318944953254686e-13,0.9620907603950862,0.9620907603949583,1.852019657223391,0.0007116829925236702
R3_METRS_HIGH,23,0.0005941133984965033,True,-2.546851618490109e-13,240.72992234340913,-1091.2287214898301,-52788.50368409129,True,0.0009163981668615928,106065.13164670859,97.19789220897727,0.010288288946122222,6.696865284538944e-13,0.9615456434807743,0.9615456434806322,1.8217635028244097,0.0008114460192152233
R3_METRS_HIGH,24,0.0006442363508721371,True,-4.241051954068098e-13,240.7296839568136,-1091.2287557747309,-52788.50510614897,True,0.0009163981380696278,106065.13080066977,97.19788837984531,0.010288289351431603,2.4158453015843406e-13,0.9609196174073077,0.9609196174075493,1.7839426090931796,0.0009194837772604196
R3_METRS_HIGH,25,0.0006985879746785249,True,-3.637090628672013e-13,240.72943223278196,-1091.228798892572,-52788.50633602414,True,0.0009163981018598894,106065.12984210235,97.1978836608253,0.010288289850934693,5.577760475716786e-13,0.9602047048743264,0.9602047048748842,1.7379941887566215,0.0010351891943931632
R3_METRS_HIGH,26,0.0007575250258771912,True,-4.89386309254769e-13,240.7291718532127,-1091.2288530390383,-52788.50722903075,True,0.0009163980563884754,106065.12875830987,97.19787784470856,0.010288290466564336,2.466693516112173e-12,0.9593932235441552,0.9593932235444181,1.6835225523717452,0.0011576957516961004
R3_METRS_HIGH,27,0.0008214343584919422,True,-4.383160501220118e-13,240.72890931123655,-1091.2289207876174,-52788.50760328719,True,0.0009163979994942115,106065.12753621029,97.1978706902815,0.010288291223852775,1.0382805726294464e-12,0.958477990235308,0.958477990235475,1.620337911073202,0.0012859338970659638
R3_METRS_HIGH,28,0.000890735463861044,True,-4.4231285301066237e-13,240.72865308944228,-1091.2290051555933,-52788.50723414651,True,0.0009163979286432315,106065.1261622587,97.19786191637691,0.010288292152561327,8.204548151979907e-13,0.9574525347527955,0.9574525347527564,1.5484912302020457,0.0014187419148839451
R3_METRS_HIGH,29,0.0009658832241158709,True,-3.1175062531474396e-13,240.72841375717425,-1091.2291096440833,-52788.50585070959,True,0.0009163978408953563,106065.12462246914,97.19785119832761,0.010288293287055774,4.034550471487819e-13,0.9563112870755333,0.9563112870753627,1.4683024434188268,0.0015550383041563892
R3_METRS_HIGH,30,0.0010473708979594498,True,-1.9984014443252818e-13,240.72820394199724,-1091.2292382494416,-52788.50313500961,True,0.000916397732894518,106065.12290249218,97.19783816702224,0.010288294666406324,1.1470824290427117e-12,0.9550496928778959,0.9550496928779278,1.380379191161718,0.001694051599703459
R3_METRS_HIGH,31,0.001135733358343105,True,-2.4780177909633494e-13,240.72803812947123,-1091.229395441105,-52788.49872461064,True,0.0009163976008873666,106065.12098772722,97.1978224109815,0.010288296334167864,4.707345624410664e-11,0.9536642047738318,0.9536642048207525,1.285623293938691,0.0018355840817714348
R3_METRS_HIGH,32,0.0012315506032928262,True,-2.993161274389422e-13,240.7279322501217,-1091.2295860995139,-52788.492219383006,True,0.000916397440775406,106065.11886344824,97.19780348200321,0.010288298337782461,1.7113421790782013e-11,0.95215209214032,0.9521520921574335,1.1852224637306323,0.001980257673119536
R3_METRS_HIGH,33,0.0013354515629298987,True,-2.9887203822909214e-13,240.727903025502,-1091.2298154088137,-52788.483193058375,True,0.0009163972482051036,106065.11651492774,97.19778090483346,0.010288300727555724,5.5138116294983774e-12,0.9505110137082181,0.9505110137136253,1.080625349737302,0.0021296585007081824
R3_METRS_HIGH,34,0.001448118227674533,True,-2.9620750296999176e-13,240.72796706838866,-1091.2300887012896,-52788.47120978979,True,0.0009163970186985353,106065.11392754498,97.19775419112273,0.010288303555179592,1.6484591469634324e-12,0.9487383074809073,0.9487383074822893,0.9734989362355208,0.0022862752694991014
R3_METRS_HIGH,35,0.0015702901247293774,True,-4.014566457044566e-13,240.72813976598022,-1091.2304112563556,-52788.45584533282,True,0.0009163967478221943,106065.11108687261,97.19772285740983,0.010288306871828792,4.440892098500626e-13,0.9468299754679976,0.9468299754682037,0.8656685645886681,0.0024531403409058595
R3_METRS_HIGH,36,0.0017027691722258996,True,-3.7347902548390266e-13,240.728434018632,-1091.2307880634546,-52788.436711654176,True,0.0009163964313861079,106065.10797872349,97.19768644628441,0.010288310725920855,6.783462680459706e-13,0.9447793781391538,0.9447793781390863,0.759042401352024,0.0026331552348545727
R3_METRS_HIGH,37,0.0018464249428955426,True,-5.586642259913788e-13,240.72885895516336,-1091.2312235665952,-52788.41348283352,True,0.0009163960656583727,106065.104589161,97.19764454915095,0.01028831516070659,1.333155807969888e-12,0.9425757056344165,0.9425757056341039,0.6555239252912813,0.00282821270166031
R3_METRS_HIGH,38,0.0020022003718155844,True,-4.773959005888173e-13,240.72941879170992,-1091.2317214165175,-52788.385919218395,True,0.0009163956475732849,106065.1009044635,97.19759682827163,0.01028832021193689,6.559197629485425e-13,0.9402023558475452,0.9402023558476589,0.5569177985827433,0.0030383646665799176
R3_METRS_HIGH,39,0.002171117945694505,True,-4.556355293061642e-13,240.73011203284642,-1091.2322842630836,-52788.35388611363,True,0.0009163951749056863,106065.09691106185,97.19754303520108,0.010288325905911427,1.0347278589506459e-12,0.9376354150739574,0.9376354150739823,0.4648360886517354,0.0032613446355150124
R3_METRS_HIGH,40,0.0023542864143224177,True,-4.813927034774679e-13,240.7309312186043,-1091.232913622175,-52788.31736309039,True,0.0009163946463827399,106065.09259546534,97.19748302257402,0.010288332258230915,1.0960121699099545e-12,0.9348424911094215,0.9348424911088815,0.3806129236956174,0.0034926794001334245
R3_METRS_HIGH,41,0.0025529080682395165,True,-4.640732242933154e-13,240.73186338725608,-1091.2336098477815,-52788.27644052897,True,0.0009163940617073663,106065.08794420805,97.19741674654182,0.01028833927353917,4.816147480823929e-13,0.931782173299245,0.9317821732993551,0.3052359806556028,0.0037264451606841584
R3_METRS_HIGH,42,0.0027682866303920667,True,-6.199485369506874e-13,240.73289134508286,-1091.2343722292221,-52788.23130137038,True,0.000916393421476594,106065.08294386597,97.19734425812807,0.010288346946438051,6.945555242054979e-13,0.9284043696198512,0.9284043696197943,0.23930245077625834,0.003956524331549018
R3_METRS_HIGH,43,0.003001835813575589,True,-5.497824417943775e-13,240.73399571474567,-1091.235199213596,-52788.182188234656,True,0.0009163927269947441,106065.07758121539,97.19726568355907,0.010288355263569417,9.234835118832052e-13,0.9246516823988745,0.9246516823985725,0.18300518867576976,0.004178076697889154
R3_METRS_HIGH,44,0.0032550885998350564,True,-5.60440582830779e-13,240.7351575900592,-1091.2360887316042,-52788.12935872136,True,0.0009163919799998071,106065.0718435927,97.1971811955717,0.010288364206652115,1.7432721932664208e-12,0.9204618284812888,0.9204618284810401,0.1361517893176932,0.004388878123197755
R3_METRS_HIGH,45,0.00352970730273065,True,-6.954437026251981e-13,240.7363614871606,-1091.2370385809986,-52788.07303434865,True,0.0009163911823414282,106065.0657195596,97.1970909798685,0.01028837375603268,2.353450767600407e-12,0.915770902422121,0.9157709024221139,0.09821593085193,0.00459019649663126
R3_METRS_HIGH,46,0.003827494478516315,True,-7.66053886991358e-13,240.73759818756278,-1091.2380468042484,-52788.013350457404,True,0.0009163903356637499,106065.05919996004,97.1969952024469,0.010288383894143523,2.652100761224574e-11,0.910517061427219,0.91051706145374,0.06841763676600089,0.004786962407579049
R3_METRS_HIGH,47,0.004150404757850472,True,-4.605205106145149e-13,240.7388670523331,-1091.2391119918868,-52787.95031487707,True,0.0009163894411506713,106065.05227947768,97.19689398400729,0.010288394608211857,2.3669954885008337e-12,0.9046440367480687,0.9046440367485448,0.045829241603190504,0.004987149652271162
R3_METRS_HIGH,48,0.004500557675700498,True,-4.1744385725905886e-13,240.7401774676111,-1091.2402334530807,-52787.88378180821,True,0.0009163884993826122,106065.04495879685,97.19678738674114,0.010288405891658232,2.0894397323445446e-12,0.8981038130531882,0.8981038130532983,0.029509909969478568,0.005200490138784296
R3_METRS_HIGH,49,0.004880251583654433,True,-5.400124791776761e-13,240.74154925225284,-1091.2414112200502,-52787.81344433215,True,0.0009163875103328065,106065.03724747432,97.19667541656938,0.010288417743859656,5.511147094239277e-13,0.8908579140991469,0.8908579140994347,0.018676631476792906,0.005436851911562455
R3_METRS_HIGH,50,0.005291978735958442,True,-5.648814749292796e-13,240.74301208077324,-1091.2426458878365,-52787.73884486435,True,0.000916386473501866,106065.0291676412,97.19655804080728,0.0102884301682798,1.1475265182525618e-12,0.882876998669573,0.882876998670312,0.012795475974248505,0.005704717576954959
R3_METRS_HIGH,51,0.005738441648302393,True,-4.2232883856740955e-13,240.7446041901159,-1091.2439383268236,-52787.65939881579,True,0.0009163853881591997,106065.02075863816,97.1964352180182,0.010288443169308959,2.7036151095671812e-12,0.8741388559614549,0.8741388559641585,0.01095570581086461,0.0060101434496389545
R3_METRS_HIGH,52,0.006222570836730231,True,-6.061817714453355e-13,240.74637078498446,-1091.245289331547,-52787.57442385287,True,0.0009163842536379332,106065.0120827055,97.19630693450844,0.010288456748401018,3.9044323330017505e-12,0.8646252907732491,0.8646252907769972,0.011162557862487833,0.006356375941888519
R3_METRS_HIGH,53,0.006747544053110693,True,-5.31574784190525e-13,240.7483625919041,-1091.246699279179,-52787.4831662933,True,0.0009163830696216979,106065.00323185652,97.196173241044,0.010288470900186841,4.781952611665474e-12,0.8543186763395025,0.8543186763442845,0.011777591423030294,0.006744063018525769
R3_METRS_HIGH,54,0.007316807143427192,True,-6.803446694902959e-13,240.75063493144577,-1091.2481678615882,-52787.38481747848,True,0.0009163818363696332,106064.99433604746,97.19603428420191,0.010288485609155542,5.201172825763933e-12,0.8431990202987981,0.8431990203039993,0.012224674373443437,0.00717184462505316
R3_METRS_HIGH,55,0.007934096665797492,True,-5.835332217429823e-13,240.75324751545747,-1091.249693932335,-52787.27851586521,True,0.0009163805548448629,106064.98557280582,97.19589032882018,0.010288500847277938,4.842348744205083e-12,0.8312422038733269,0.8312422038777323,0.012428969765983311,0.007637076008168363
R3_METRS_HIGH,56,0.00860346441668451,True,-5.924150059399835e-13,240.75626499043207,-1091.2512754802538,-52787.16333399754,True,0.0009163792267366702,106064.97717846566,97.19574177064493,0.010288516572667591,5.337730257792828e-12,0.8184196794231564,0.8184196794277252,0.012446447699027462,0.00813649063234063
R3_METRS_HIGH,57,0.009329304026284686,True,-6.403766406037903e-13,240.7597580993158,-1091.252909716829,-52787.03825236583,True,0.0009163778543871114,106064.96946121656,97.19558914050413,0.010288532729138754,4.7408743597543435e-12,0.8046994872384761,0.8046994872427677,0.012343260945880704,0.008666687123013763
R3_METRS_HIGH,58,0.01011637979766207,True,-5.124789481669723e-13,240.7638052598895,-1091.2545932491216,-52786.90212365171,True,0.0009163764406457906,106064.9628161973,97.19543310273501,0.010288549246372573,4.1602277178753866e-12,0.79004813530674,0.7900481353109002,0.012167274276739786,0.009224396071650248
R3_METRS_HIGH,59,0.01096985797892384,True,-3.2240876635114546e-13,240.76849436247687,-1091.2563223091538,-52786.75363087537,True,0.000916374988677224,106064.95774293627,97.19527445073346,0.010288566040387921,3.851141627819743e-12,0.7744327774151285,0.7744327774188269,0.011947251407570202,0.009806539263143127
R3_METRS_HIGH,60,0.011895340673703195,True,-2.509104035652854e-13,240.77392464886012,-1091.2580930182107,-52786.591241883274,True,0.000916373501738889,106064.95486549598,97.19511410187177,0.010288583014079122,3.5207392556912964e-12,0.7578232286101078,0.7578232286135788,0.011698483941354375,0.010410132453192436
R3_METRS_HIGH,61,0.01289890261253308,True,-2.8910207561239076e-13,240.7802086112129,-1091.259901678725,-52786.41316109185,True,0.0009163719829361121,106064.95495574079,97.19495309282159,0.010288600057710772,3.2294167340296553e-12,0.7401935868926289,0.7401935868958583,0.011428282251183235,0.011032099240759248
R3_METRS_HIGH,62,0.013987131026472387,True,-2.637889906509372e-13,240.7874739130114,-1091.26174510048,-52786.21727804839,True,0.0009163704349481462,106064.95896020945,97.19479257512441,0.010288617049386403,2.8599345114344032e-12,0.7215234654912897,0.7215234654939613,0.011139782284775518,0.011669058261195724
R3_METRS_HIGH,63,0.015167168884709226,True,-2.1582735598713043e-13,240.79586536845989,-1091.2636209784928,-52786.00111151174,True,0.0009163688597108549,106064.9680310933,97.19463380992124,0.010288633855606173,2.6858515411731787e-12,0.701798989675536,0.7017989896782219,0.010834180607057308,0.012317126473786284
R3_METRS_HIGH,64,0.016446761779946643,True,-9.202014150666571e-14,240.80554702421347,-1091.2655283460786,-52785.76174747391,True,0.0009163672580362723,106064.9835618165,97.19447816020408,0.010288650332086934,2.3163693185779266e-12,0.6810137488889227,0.6810137488910366,0.01051190133320179,0.012971758872813906
R3_METRS_HIGH,65,0.017834308769319095,True,-7.408657021201748e-14,240.8167043779512,-1091.2674681275673,-52785.49576968821,True,0.0009163656291484918,106065.00722765173,97.19432707880641,0.010288666325033427,4.122258090433206e-12,0.659169848892652,0.6591698488944319,0.010173150125194765,0.013627628244712899
R3_METRS_HIGH,66,0.0193389175045523,True,-3.730349362740526e-14,240.8295467542553,-1091.269443811726,-52785.19918172336,True,0.0009163639701182063,106065.04103168036,97.19418209054106,0.01028868167302907,3.674172077694493e-12,0.6362791312760738,0.6362791312778431,0.009818159177332648,0.014278540760497426
R3_METRS_HIGH,67,0.02097046401323233,True,-6.039613253960852e-14,240.84430984674003,-1091.2714622607443,-52784.86732018102,True,0.0009163622751834261,106065.08735619964,97.19404476725595,0.010288696209676559,1.4779288903810084e-12,0.6123645591725966,0.6123645591738827,0.009447293965534646,0.014917382612794131
R3_METRS_HIGH,68,0.022739657523579274,True,-8.260059303211165e-14,240.86125842850214,-1091.2735346595398,-52784.49475943683,True,0.0009163605349523888,106065.14901943356,97.19391669525298,0.010288709767046982,1.2683187833317788e-12,0.587461723494453,0.5874617234953021,0.009061105170031872,0.015536096065780164
R3_METRS_HIGH,69,0.024658110758226038,True,-5.950795411990839e-14,240.88068923015393,-1091.2756775991495,-52784.07520907665,True,0.0009163587354938949,106065.22933705714,97.19379943517565,0.0102887221799263,2.142286348316702e-12,0.561620399901769,0.5616203999026714,0.008660361168782634,0.01612568719967309
R3_METRS_HIGH,70,0.026738416158399468,True,-6.306066779870889e-14,240.90293398400644,-1091.2779142766665,-52783.6014060226,True,0.0009163568573298138,106065.33218770062,97.1936944751641,0.01028873329077464,9.023892744153272e-13,0.5349060735441967,0.5349060735450991,0.008246073712193172,0.016676270746028492
R3_METRS_HIGH,71,0.028994228538828753,True,-7.283063041541027e-14,240.9283626329597,-1091.28027578325,-52783.06500414527,True,0.0009163548743536714,106065.46208115973,97.19360317864522,0.0102887429552536,7.993605777301127e-13,0.5074013391156671,0.5074013391164665,0.007819519963457913,0.01717715932695908
R3_METRS_HIGH,72,0.031440354715915,True,-1.5587531265737198e-13,240.95738670289097,-1091.2828024432506,-52782.456464873925,True,0.000916352752706375,106065.62422762258,97.19352672850194,0.01028875104813694,1.376232461325344e-12,0.47920707527533507,0.4792070752757614,0.007382260671935914,0.017617005240502727
R3_METRS_HIGH,73,0.03409285069746811,True,-1.2079226507921703e-13,240.99046283775746,-1091.2855451623857,-52781.76495288735,True,0.0009163504496444125,106065.82460573234,97.19346606936823,0.010288757469419674,4.369837824924616e-13,0.4504432848431832,0.45044328484335017,0.006936153131953691,0.01798400282806004
R3_METRS_HIGH,74,0.036969127071950283,True,-1.5054624213917123e-13,241.0280964979399,-1091.2885667403245,-52780.978241359124,True,0.0009163479124380426,106066.07002679532,97.19342184956113,0.010288762150465591,4.46886971872118e-12,0.421249486088916,0.42124948608942403,0.0064833572276819995,0.018266158433176694
R3_METRS_HIGH,75,0.04008806328898465,True,-1.6964207816272392e-13,241.07084582569627,-1091.2919431054238,-52780.082631400495,True,0.0009163450773349982,106066.36819190027,97.19339436344924,0.010288765060108469,1.2350120925930241e-12,0.3917845369414001,0.39178453694144627,0.006026332753382764,0.018451632901062047
R3_METRS_HIGH,76,0.04347013158125022,True,-1.780797731498751e-13,241.1193256883971,-1091.2957644352655,-52779.062890257854,True,0.0009163418686202726,106066.72773811544,97.19338349398241,0.01028876621073608,3.019806626980426e-13,0.36222577439024245,0.36222577439054443,0.00556782619373187,0.018529158297372804
R3_METRS_HIGH,77,0.047137531341167244,True,-1.4876988529977098e-13,241.17421192234272,-1091.3001361362121,-52777.902212443216,True,0.0009163381977945466,106067.15826930197,97.19338865368111,0.010288765664537059,2.0370372055822372e-12,0.3327673578508334,0.3327673578512988,0.005110845248766847,0.018488525867577755
R3_METRS_HIGH,78,0.051114334834401656,True,-1.3455903058456897e-13,241.23624581980968,-1091.3051796696468,-52776.58220729183,True,0.000916333962881688,106067.67036642811,97.19340872049764,0.010288763540290409,2.141398169897002e-12,0.30361772050097924,0.3036177205009437,0.004658619626096496,0.01832113612945826
R3_METRS_HIGH,79,0.05542664520663107,True,-2.993161274389422e-13,241.30623893210372,-1091.3110332295275,-52775.082915436826,True,0.0009163290478615341,106068.27557156634,97.1934419628082,0.010288760021305321,4.4586556668946287e-13,0.27499605949587447,0.27499605949558314,0.0042145470428003404,0.018020594423434354
R3_METRS_HIGH,80,0.06010276782070382,True,-2.353672812205332e-13,241.3850783047963,-1091.3178522959756,-52773.38285542489,True,0.0009163233222073148,106068.98633907059,97.19348594537945,0.010288755365374769,1.5449863610683678e-12,0.24712783707110603,0.24712783707099234,0.0037821240192682415,0.017583326512701097
R3_METRS_HIGH,81,0.0651733960488242,True,-3.423927807943983e-13,241.47373232080824,-1091.325810110991,-52771.45910020665,True,0.000916316640489147,106069.81594675152,97.1935374056295,0.010288749917873444,4.4364512064021255e-13,0.22023932140624664,0.220239321406474,0.0033648619307301247,0.01700917947805894
R3_METRS_HIGH,82,0.07067181273927492,True,-3.0730973321624333e-13,241.57325740503097,-1091.3350981463634,-52769.28738164812,True,0.0009163088419849261,106070.7783592234,97.19359208677976,0.010288744129418997,7.740474927686591e-13,0.1945512686582009,0.19455126865816538,0.0029661899086144737,0.016301964108733732
R3_METRS_HIGH,83,0.07663410868007454,True,-2.1938006966593093e-13,241.68480594174753,-1091.3459266585005,-52766.84221959331,True,0.0009162997502192684,106071.88803514457,97.19364451188918,0.01028873857979135,4.831690603168681e-13,0.17027193351609482,0.170271933516578,0.0025893475191946214,0.01546988758145408
R3_METRS_HIGH,84,0.08309941949353396,True,-2.7977620220553945e-13,241.80963587297006,-1091.3585254575514,-52764.097070472424,True,0.0009162891723237793,106073.15966984282,97.19368767964836,0.010288734010134616,2.440270208126094e-13,0.14758969002014968,0.14758969001993652,0.0022372716154679417,0.014525821165645892
R3_METRS_HIGH,85,0.09011018251665019,True,-1.7008616737257398e-13,241.94912257928263,-1091.3731450621985,-52761.02448905269,True,0.0009162768980750474,106074.60786504418,97.1937126591097,0.01028873136585829,1.326494469822137e-12,0.1266656391864534,0.1266656391863859,0.0019124832349198357,0.013487349047985715
R3_METRS_HIGH,86,0.09771241535346502,True,-2.0516921495072893e-13,242.1047737896992,-1091.3900584788207,-52757.59629571034,True,0.0009162626984103189,106076.24671830483,97.19370805535272,0.010288731853202789,6.092903959142859e-13,0.10762666407839941,0.10762666407849533,0.0016169817213986487,0.012376553250676317
R3_METRS_HIGH,87,0.10595601792776159,True,-2.2604140781368187e-13,242.27824841679177,-1091.409563951544,-52753.78374058959,True,0.0009162463231304409,106078.08932654142,97.19365931014605,0.010288737013275618,9.550138457825597e-13,0.09055945261624539,0.09055945261627381,0.0013521541489635949,0.011219507846454247
R3_METRS_HIGH,88,0.11489510001873086,True,-2.722266856380884e-13,242.47138035986882,-1091.431989196877,-52749.55765521377,True,0.0009162274973595407,106080.14720097916,97.19354778948482,0.010288748818655512,1.2252421299763228e-12,0.07550602849207691,0.07550602849192414,0.0011187083291807466,0.010045483940304105
R3_METRS_HIGH,89,0.12458833642950082,True,-2.162714451969805e-13,242.6862084553867,-1091.4576978992632,-52744.88858157936,True,0.0009162059161108191,106082.4295951785,97.19334959051199,0.01028876979971498,7.218670106112768e-13,0.06246129666181552,0.06246129666179065,0.000916636849179996,0.008885903357129356
R3_METRS_HIGH,90,0.13509935211980265,True,-3.228528555609955e-13,242.92501387703018,-1091.4870996422715,-52739.74686851793,True,0.0009161812359740616,106084.94275362385,97.19303397025267,0.010288803211000331,1.857403120197887e-12,0.0513730112573187,0.051373011257251196,0.0007452173358528547,0.007773116314334864
R3_METRS_HIGH,91,0.14649713983072862,True,-2.3669954885008337e-13,243.19036640128255,-1091.5206650589198,-52734.10272521144,True,0.0009161530624305866,106087.68909572202,97.19256125122968,0.01028885325302967,1.2101430968414206e-12,0.042144406781344075,0.042144406781500394,0.0006030501419817575,0.006739098003425588
R3_METRS_HIGH,92,0.15885651294280528,True,-2.993161274389422e-13,243.4851810729653,-1091.558948916151,-52727.926222206814,True,0.0009161209305213766,106090.66635874685,97.19187998420807,0.010288925372803593,2.9265478929119126e-13,0.03463950495750673,0.03463950495736817,0.00048812900668790816,0.005814122295609747
R3_METRS_HIGH,93,0.17225859653987857,True,-2.327027459614328e-13,243.81278695798494,-1091.6026253073458,-52721.187231000564,True,0.000916084275373051,106093.86673288613,97.19092302752104,0.010289026679135822,2.893241202173158e-13,0.028690839300654615,0.02869083930051606,0.0003979346105144362,0.005025318862396936
R3_METRS_HIGH,94,0.1867913599020783,True,-2.7267077484793845e-13,244.17700990466125,-1091.6525414741382,-52713.85529409893,True,0.0009160423871222128,106097.27603140239,97.18960200297018,0.010289166530072212,2.8066438062523957e-13,0.024109060042041545,0.024109060042133916,0.000329540322582758,0.004394739409316629
R3_METRS_HIGH,95,0.20255019392306664,True,-1.1013412404281553e-13,244.58227161672315,-1091.7098007111836,-52705.899418061344,True,0.0009159943414894324,106100.87294806632,97.18779924751793,0.010289357385829877,9.336975637097567e-13,0.020693636284635792,0.02069363628471395,0.0002797310866378455,0.00393642595115854
R3_METRS_HIGH,96,0.2196385372416547,True,-1.3100631690576847e-13,245.03370795655908,-1091.7758916704458,-52697.287782090636,True,0.0009159388915155231,106104.62846134295,97.18535577754888,0.010289616084638685,1.34692257347524e-12,0.018243706562422492,0.018243706562454467,0.0002451573979639192,0.0036528025220466803
R3_METRS_HIGH,97,0.23816855519761582,True,-2.6645352591003757e-13,245.53731034918468,-1091.8528939429248,-52687.98735390529,True,0.0009158742954728787,106108.50544892963,97.18205267171854,0.010289965816816043,7.096545573404001e-13,0.01656808297692645,0.016568082976681314,0.00022254643719370713,0.0035328238301158875
R3_METRS_HIGH,98,0.2582618760682675,True,-2.446931546273845e-13,246.1000955668177,-1091.9438139924607,-52677.96340274584,True,0.0009157980357466492,106112.45857623115,97.17758113236017,0.01029043930037686,5.162537064506978e-13,0.015493512271767313,0.015493512271447568,0.000208942204164288,0.0035550294282942064
R3_METRS_HIGH,99,0.2800503894183631,True,-2.753353101070388e-13,246.7303111723242,-1092.0531549000907,-52667.17889655464,True,0.0009157063422352254,106116.4345171745,97.17149210276567,0.010291084127250303,8.01136934569513e-13,0.01487053256516885,0.01487053256516885,0.00020189044702849395,0.003694859895522284
R3_METRS_HIGH,100,0.30367711180354573,True,-2.149391775674303e-13,247.4376866503722,-1092.1879312630933,-52655.59376676597,True,0.0009155933437604646,106120.3725557924,97.1631067494642,0.010291972266577555,2.469136006766348e-13,0.014576607113710272,0.014576607113699614,0.0001995043313859051,0.003931481785357605
R3_METRS_HIGH,101,0.3292971255097151,True,-2.3447910280083306e-13,248.23374395496865,-1092.3595965429959,-52643.164020123295,True,0.0009154494574540404,106124.20560304275,97.15134644204652,0.01029321812432654,1.7674750552032492e-12,0.014516601203696869,0.01451660120372529,0.00020042385015664466,0.004250831737844565
R3_METRS_HIGH,102,0.35707859649004625,True,-2.651212582804874e-13,249.1321861352902,-1092.5880241207954,-52629.84067255023,True,0.000915258064268734,106127.86164782707,97.13438121677021,0.010295015909643232,4.0456527017340704e-13,0.014621021527692134,0.01462102152798701,0.00020372591448303436,0.0046455236996962475
R3_METRS_HIGH,103,0.3872038781812553,True,-3.752553823233029e-13,250.14938929679343,-1092.9107197954258,-52615.568475100896,True,0.0009149878227813365,106131.26564679762,97.108815683191,0.010297726246218596,8.406608742461685e-13,0.014842690282126089,0.014842690282321488,0.00020883040323893746,0.005113670227557953
R3_METRS_HIGH,104,0.419870708444391,True,-3.801403636316536e-13,251.30503208045153,-1093.4079108784642,-52600.28439601786,True,0.0009145717623321212,106134.34184663574,97.06747206663745,0.010302112321556015,2.17970086424657e-12,0.015152633142336381,0.01515263314228309,0.00021542036889848177,0.005657884648931493
R3_METRS_HIGH,105,0.4552935074866948,True,-3.4727776210274897e-13,252.62290915155307,-1094.2912513780357,-52583.915816010296,True,0.0009138334961014308,106137.01652426516,96.99156087614456,0.010310175348935474,1.7896795156957523e-13,0.015535914415738534,0.015535914415745639,0.00022337943820238023,0.006284787975538275
R3_METRS_HIGH,106,0.4937047852839004,True,-3.126388037344441e-13,254.1319925236314,-1096.445576252183,-52566.378387333316,True,0.0009120379722066566,106139.2211191834,96.80300000113398,0.010330258359640566,1.6155965454345278e-12,0.015987989689957238,0.015987989689911053,0.00023274589780902742,0.007004947769113112
R3_METRS_HIGH,107,0.5353566677410724,True,-1.2434497875801753e-13,255.86782943492338,-1100.0217550964599,-52547.573504845815,True,0.0009090729300279257,106140.89570513998,96.48981505446007,0.010363788130753358,1.0399459071663841e-12,0.0165119240905654,0.016511924090611585,0.00024368332577503457,0.00783315287401312
R3_METRS_HIGH,108,0.5805225516094895,True,-3.1663560662309465e-13,257.8744018616521,-1091.3527213003729,-52527.38534431446,True,0.0009162940454379186,106141.992688806,97.25727587166803,0.010282007089315459,8.418821195732562e-13,0.017116612153669688,0.017116612153577317,0.000256468062443483,0.008789018969048745
R3_METRS_HIGH,109,0.6294988990221888,True,-3.4283687000424834e-13,260.2066267010326,-1081.8919504002788,-52505.677444587054,True,0.0009243067199363297,106142.48051760388,98.10820801313221,0.010192827086049168,4.711786516509164e-13,0.01781598509634419,0.017815985096230502,0.0002714939912131027,0.009898008022717156
R3_METRS_HIGH,110,0.6826071834272386,True,-2.76667577736589e-13,262.9337569237229,-1058.021307892228,-52482.28884444427,True,0.0009451605487910097,106142.34703180923,100.32155897055061,0.009967947171689686,9.265921363521556e-13,0.018629129976411113,0.018629129976258346,0.00028929585321787354,0.011193014612855944
R3_METRS_HIGH,111,0.7401959996915645,True,-3.5083047578154947e-13,266.14406858879374,-1033.1733325693124,-52457.02981794107,True,0.0009678918033174391,106141.60194449167,102.73358651305584,0.009733915012038595,1.4788170688007085e-12,0.019581275132901827,0.019581275132820115,0.00031059441347636635,0.012716750375996105
R3_METRS_HIGH,112,0.8026433522257174,True,-3.859135233597044e-13,269.9514138443379,-1007.5828481178745,-52429.6772539113,True,0.0009924742187384006,106140.27785004927,105.34148933590441,0.009492935844216906,1.0795808691455022e-12,0.020705707263746022,0.020705707263891683,0.0003363708813586578,0.014525282199599152
R3_METRS_HIGH,113,0.8703591361485166,True,-2.433608869978343e-13,274.5045343408584,-980.057974906251,-52399.9696549626,True,0.0010203478014610887,106138.42923788459,108.29811292340887,0.009233771235766823,2.049693748062964e-12,0.02204687540927218,0.022046875409329023,0.0003679851397740283,0.016693295501550017
R3_METRS_HIGH,114,0.9437878277775381,True,-2.4513724383723456e-13,280.00055215459946,-950.1143446225446,-52367.60155166241,True,0.0010525048965525025,106136.12928186142,111.70879577028857,0.00895184656771649,2.842170943040401e-14,0.023665232786722425,0.023665232786750846,0.00040736491932281727,0.019322030807800337
R3_METRS_HIGH,115,1.0234114021054528,True,-2.9665159217984183e-13,286.70495741183174,-917.3694132119983,-52332.21682462752,True,0.0010900734051058952,106133.4646640295,115.69326722200483,0.00864354533337788,1.676769834091374e-12,0.025644853403268913,0.02564485340325115,0.00045731631877503256,0.022551508126719032
R3_METRS_HIGH,116,1.1097524964120722,True,-4.2810199829546036e-13,294.9820343687386,-881.4386666449283,-52293.400019274864,True,0.001134508886257916,106130.52923907954,120.40602852499131,0.008305231990875286,1.5156764732182637e-12,0.028105729930412077,0.028105729930426288,0.0005220516690026909,0.026579864265820378
R3_METRS_HIGH,117,1.2033778407775906,True,-3.561595462997502e-13,305.34272058152726,-841.8979407772327,-52250.66426350137,True,0.0011877924289454952,106127.417749064,126.05734330587399,0.007932897630354886,7.30526750203353e-14,0.031224333307448466,0.031224333307512415,0.0006081253802985225,0.031694907795132066
R3_METRS_HIGH,118,1.3049019780144016,True,-4.121147867408581e-13,318.52292643467996,-798.2590547167636,-52203.4338855176,True,0.0012527261596234792,106124.22087711259,132.9445876624191,0.007521930885514949,1.8258727862985324e-12,0.03526943769512457,0.035269437694975356,0.0007261769027911803,0.038327460992876344
R3_METRS_HIGH,119,1.414991297434576,True,-4.085620730620576e-13,335.6179233997024,-749.9461601700201,-52151.01928552982,True,0.0013334290554581816,106121.02263901354,141.50485498179611,0.00706689533817511,6.034062138837726e-13,0.040667626401492435,0.04066762640146046,0.0008943704439727381,0.04714516751482961
R3_METRS_HIGH,120,1.5343684089300131,True,-2.4158453015843406e-13,358.3262825267821,-696.2683399116047,-52092.58115865063,True,0.0014362278774975692,106117.90059030267,152.40948712930845,0.006561271341012861,1.0217382495625316e-12,0.048129932926206334,0.0481299329262916,0.0011456653285910117,0.059224774563984936
R3_METRS_HIGH,121,1.6638168860761273,True,-7.283063041541027e-14,389.423008734685,-636.3879374300684,-52027.0817002453,True,0.0015713685649641786,106114.92884259648,166.74566345666676,0.00599715746286785,1.6182610806936282e-12,0.05891275920890731,0.05891275920906008,0.0015444925684463273,0.07638307293132329
R3_METRS_HIGH,122,1.8041864093920719,True,-2.3714363805993344e-13,433.75138055828097,-569.2935194930177,-51953.22661384557,True,0.00175656311860101,106112.18369103989,186.39274830589625,0.005365015587188306,8.526512829121202e-14,0.07539402503962207,0.07539402503965405,0.00222890791849638,0.1018370583780096
R3_METRS_HIGH,123,1.9563983435170649,True,-1.8562928971732617e-13,500.49671859595054,-493.82392935623164,-51869.436006175965,True,0.0020250132497702964,106109.75170322182,214.87365312886047,0.004653897699595104,6.146194664324867e-13,0.10242626411839105,0.10242626411900567,0.003529613768021457,0.14151574262478023
R3_METRS_HIGH,124,2.1214517849106276,True,-2.6645352591003757e-13,608.9062969406417,-408.95100004834285,-51774.05781009899,True,0.0024452807301651985,106107.73878069874,259.46320896184517,0.0038541109701108064,6.732392421326949e-12,0.15046533822129482,0.1504653382278407,0.006341562046861245,0.20610428008367881
R3_METRS_HIGH,125,2.300430119772917,True,-3.934630399271555e-13,803.3078921443516,-315.2219714138019,-51666.961656188076,True,0.003172367698593155,106106.26363029465,336.6080833591564,0.002970813980521713,6.794564910705958e-14,0.23879898587958784,0.23879898587965356,0.01319189285904343,0.3070220697478461
R3_METRS_HIGH,126,2.4945081352303164,True,-7.549516567451064e-14,1182.4706550724532,-220.11381050812324,-51557.82309199705,True,0.004543104304502944,106105.2967944718,482.04743059752724,0.0020744846596535923,5.453415496958769e-13,0.3378842611252645,0.33788426112526004,0.026310667680137373,0.37957536039365675
R3_METRS_HIGH,127,2.704959730463137,True,-4.951594689828198e-14,1878.503768041087,-143.0278350859454,-51483.96134958557,True,0.006991646062454207,106103.59895833493,741.8388098692627,0.0013480017312335467,4.4192427495204356e-13,0.21082852218964065,0.2108285221896563,0.014179125560039868,0.735068610005652
R3_METRS_HIGH,128,2.9331662783900425,True,-2.566835632933362e-13,2538.677279618764,-107.69367678479072,-51466.52118445245,True,0.009285596237914195,106097.81582187755,985.1814794465394,0.001015041412026732,9.862781164687862e-14,0.07676639474078183,0.07676639474076179,0.0017871351799824719,0.9558602648144727
R3_METRS_HIGH,129,3.180625692794119,True,-1.270095140171179e-13,2675.4575555232027,-102.4746407439852,-51469.39882472887,True,0.009758511888793281,106088.49053025142,1035.265796103592,0.0009659355150761079,4.5202438390653035e-15,0.005949201821775688,0.00594920182177733,0.00018606147585090648,0.18204300024627018
R3_METRS_HIGH,130,3.44896226040576,True,-9.214851104388799e-14,2685.260912532054,-102.13117524986727,-51473.9965989188,True,0.009791329606787224,106078.9906441517,1038.6543617521875,0.0009627841915697745,1.199512579243495e-15,0.00026691487531095624,0.0002669148753114466,8.492346789556658e-06,0.012493052247662655
R3_METRS_HIGH,131,3.739937302478794,True,-1.0391687510491465e-13,2685.8960892718924,-102.11800417838948,-51477.847996266486,True,0.00979259248205737,106070.66277256556,1038.706774833468,0.0009627356095374715,5.357243310482462e-15,2.3852233018688514e-07,2.385223302364552e-07,6.512837004915727e-08,0.000501719037219773
R3_METRS_HIGH,132,4.0554607358408274,True,-2.9043434324194095e-13,2686.0300559675266,-102.12051527307823,-51480.74778301584,True,0.009792351686886048,106063.71173566655,1038.6131665321498,0.0009628223791336324,5.945979277943958e-15,9.92038747352088e-06,9.920387470467144e-06,3.275902954606512e-07,7.3259130280981e-05
R3_METRS_HIGH,133,4.397603609302721,True,-4.662936703425657e-13,2686.073861218896,-102.12392213670935,-51482.71596845091,True,0.009792025013114347,106058.0720462995,1038.5232943200483,0.0009629057003047094,3.9060001626115145e-15,1.0426770435073382e-05,1.0426770432314042e-05,3.4386316589055033e-07,0.00010293753248624845
R3_METRS_HIGH,134,4.768611697714475,True,-1.5631940186722204e-13,2686.0463347250006,-102.12769188906071,-51483.81035762619,True,0.009791663568449977,106053.6157244034,1038.4413253910343,0.0009629817068609448,3.215037218113996e-15,1.0549868199540979e-05,1.0549868196325941e-05,3.4788441152396355e-07,0.00011423942596304469
R3_METRS_HIGH,135,5.170920242896756,True,-1.2634338020234281e-13,2685.953666333636,-102.13178812729019,-51484.104674648275,True,0.009791270850498253,106050.19076927277,1038.3661415689594,0.0009630514324061178,3.419850631793033e-15,1.0515924771837825e-05,1.0515924769688952e-05,3.467165379263404e-07,0.0001243589288054648
R3_METRS_HIGH,136,5.607169938205458,True,-1.4921397450962104e-13,2685.802450904971,-102.13618024086989,-51483.680701379926,True,0.009790849801134907,106047.63373451009,1038.2964536603556,0.0009631160700536467,2.558825547283039e-15,1.0350979817864677e-05,1.0350979815305852e-05,3.412270828353732e-07,0.00013352289990602525
R3_METRS_HIGH,137,6.080224261649427,True,-1.2567724638756772e-13,2685.599218500837,-102.14084361616433,-51482.6216669703,True,0.00979040278693904,106045.77910474865,1038.230891290253,0.0009631768890610239,3.879419792270642e-15,1.0109522673611112e-05,1.0109522670685349e-05,3.332234058975642e-07,0.00014190306060373495
R3_METRS_HIGH,138,6.593188271333542,True,-2.078337502098293e-13,2685.3495803585893,-102.1457754513448,-51481.006320556575,True,0.009789930083563084,106044.46744023665,1038.1679219885987,0.0009632353098374602,6.980869362762244e-15,9.861989823436806e-06,9.861989820549301e-06,3.2502597870422326e-07,0.00015015752644911558
R3_METRS_HIGH,139,7.149428986597577,True,-1.0658141036401503e-13,2685.057670076448,-102.15100274025251,-51478.904111588825,True,0.009789429111555368,106043.5518213987,1038.1058332931307,0.0009632929205568093,2.653329224966438e-15,9.662394622387198e-06,9.66239461982553e-06,3.184032678190086e-07,0.00015919897233859475
R3_METRS_HIGH,140,7.752597488629465,True,-1.0125233984581428e-13,2684.7261043056897,-102.15657517481291,-51476.37181448693,True,0.009788895117996807,106042.90211685837,1038.0428468299283,0.0009633513713368315,5.3986049351485146e-15,9.525746715349512e-06,9.52574671293866e-06,3.138380246439742e-07,0.00016973248232672342
R3_METRS_HIGH,141,8.406652885618316,True,-7.860379014346108e-14,2684.3563187327395,-102.16254847753805,-51473.45172532526,True,0.009788322774855845,106042.40688346754,1037.9773063979756,0.0009634121997042828,8.451449743423415e-15,9.433933227975948e-06,9.433933226277765e-06,3.10729391505954e-07,0.00018195479301573661
R3_METRS_HIGH,142,9.115888299750818,True,-5.684341886080802e-14,2683.9489269192272,-102.16897063584571,-51470.171335472885,True,0.009787707498436445,106041.97302755165,1037.9078145507624,0.0009634767037887945,1.0173886159467352e-14,9.358150827083466e-06,9.358150825223327e-06,3.0813130845681824e-07,0.0001956368314395882
R3_METRS_HIGH,143,9.884959046625585,True,-2.7711166694643907e-13,2683.503921203975,-102.17587684196168,-51466.54419517043,True,0.00978704593400973,106041.52363309439,1037.833262709473,0.0009635459142919531,1.1141798119833129e-14,9.274684752001801e-06,9.274684751312411e-06,3.0526754489263584e-07,0.0002103904175510749
R3_METRS_HIGH,144,10.718913192051286,True,-1.1191048088221578e-13,2683.0207799112504,-102.18328980271531,-51462.57156347324,True,0.009786335925675268,106040.99453535708,1037.7527944156998,0.000963620628516875,9.50883739389769e-15,9.167895431499465e-06,9.167895429066048e-06,3.0162739612976165e-07,0.00022583559352984481
R3_METRS_HIGH,145,11.623224686798519,True,-1.3855583347321954e-13,2682.4985816838616,-102.19122070356417,-51458.24441892494,True,0.00978557642344635,106040.33026026991,1037.6657557293618,0.0009637014563491237,1.9105611630796954e-15,9.027701810635704e-06,9.02770180979172e-06,2.968826126503595e-07,0.00024162224631403702
R3_METRS_HIGH,146,12.603829296797274,True,-2.4868995751603507e-13,2681.9361482075583,-102.19966912632067,-51453.54546333156,True,0.009784767490430734,106039.47987218575,1037.5716553555474,0.0009637888572209766,3.1242484151790175e-15,8.847268613145815e-06,8.847268611011482e-06,2.90811716482536e-07,0.00025739825844486733
R3_METRS_HIGH,147,13.667163564620074,True,-2.0605739337042905e-13,2681.332190081232,-102.20862217198516,-51448.45085847027,True,0.009783910385929209,106038.39311348829,1037.4701356903024,0.0009638831669449735,3.635404846759728e-15,8.621972808082618e-06,8.621972806121649e-06,2.8326628137993406e-07,0.00027278500945126323
R3_METRS_HIGH,148,14.82020705798857,True,-3.3928415632544784e-13,2680.685429802667,-102.2180533821741,-51442.931559215875,True,0.00978300766755152,106037.01702969869,1037.3609506458336,0.0009639846182540671,1.1312399025739618e-14,8.349145365645613e-06,8.349145365342931e-06,2.7416249332918496e-07,0.0002873711118084446
R3_METRS_HIGH,149,16.070528182616385,True,-2.362554596402333e-13,2679.994687250597,-102.22792192134638,-51436.954217031285,True,0.009782063268090245,106035.29310084475,1037.2439457629564,0.0009640933592188275,7.373802123642002e-15,8.02813521448183e-06,8.028135212901863e-06,2.6348315615962345e-07,0.0003007203438831659
R3_METRS_HIGH,150,17.42633386009651,True,-3.6770586575585185e-13,2679.2589217691766,-102.23817236448191,-51430.481705327824,True,0.009781082514219564,106033.15477665627,1037.1190361134893,0.000964209473723875,5.1585043406451e-15,7.660455951065665e-06,7.660455949613824e-06,2.5128229386976865e-07,0.00031239010649755075
R3_METRS_HIGH,151,18.896523396912077,True,-4.884981308350689e-13,2678.4772300811255,-102.24873534707922,-51423.47335616977,True,0.009780072062559406,106030.52525111826,1036.9861777869614,0.0009643330079231202,1.3490659869601351e-15,7.24987357532985e-06,7.2498735745806935e-06,2.3768772051432716e-07,0.00032195768795668787
R3_METRS_HIGH,152,20.49074689815846,True,-4.636291350834654e-13,2677.6488026889583,-102.25952922085102,-51415.88500183345,True,0.009779039739565875,106027.31530292425,1036.8453298267773,0.0009644640056073427,1.8927663561105982e-14,6.802337111659791e-06,6.802337110322604e-06,2.2289840941042231e-07,0.00032905088320665647
R3_METRS_HIGH,153,22.21946860939524,True,-5.062616992290714e-13,2676.7728443482724,-102.27046271009434,-51407.66889740781,True,0.00977799428594252,106023.42105276059,1036.6964052299709,0.0009646025537998942,1.351210674382583e-15,6.325703896719155e-06,6.325703897144663e-06,2.071751305892484e-07,0.00033337842193918287
R3_METRS_HIGH,154,24.09403560239527,True,-6.057376822354854e-13,2675.848466397164,-102.28143842268682,-51398.77357660551,True,0.009776945019754358,106018.72152350136,1036.5392113999208,0.0009647488382513075,1.6817051427093187e-15,5.829284014635995e-06,5.829284013578735e-06,1.9082522024470053e-07,0.00033475592521300447
R3_METRS_HIGH,155,26.126752255633264,True,-5.915268275202834e-13,2674.8745590847175,-102.2923570094846,-51389.14367432728,True,0.009775901438142436,106013.07591728086,1036.3733813216493,0.000964903207688272,3.0648083016219206e-15,5.323297009943031e-06,5.323297009259388e-06,1.7418458720770323e-07,0.00033312553524885455
R3_METRS_HIGH,156,28.330961018393243,True,-6.572520305780927e-13,2673.849650395359,-102.30312180769735,-51378.71974273382,True,0.009774872773479326,106006.32053614767,1036.1982964255124,0.0009650662459585365,1.8128622653610163e-15,4.818342830204367e-06,4.818342830394902e-06,1.576002958291883e-07,0.0003285705022695776
R3_METRS_HIGH,157,30.72112998861759,True,-5.293543381412746e-13,2672.771757026017,-102.31364384100104,-51367.43809043438,True,0.009773867516184203,105998.26527685854,1036.0130017613637,0.0009652388515393758,7.023962269832925e-15,4.324903315693986e-06,4.324903314015424e-06,1.4141426991286585e-07,0.00032132589074606276
R3_METRS_HIGH,158,33.3129478793467,True,-4.583000645652646e-13,2671.6382382752604,-102.32384686544192,-51355.23067520683,True,0.00977289293389274,105988.68964577417,1035.8161161117368,0.0009654223220177497,8.877228006777971e-15,3.852765758598096e-06,3.85276575771008e-06,1.2594456148263517e-07,0.00031177988537775216
R3_METRS_HIGH,159,36.123426997094306,True,-4.849454171562684e-13,2670.44567623863,-102.33367164743497,-51342.02506409725,True,0.009771954664592212,105977.33828849411,1035.6057452293169,0.0009656184359797728,7.967584925161475e-15,3.4102436398662017e-06,3.410243640994829e-06,1.1146014014327524e-07,0.00030045046922382663
R3_METRS_HIGH,160,39.17101490809261,True,-5.222489107836736e-13,2669.1898170440763,-102.3430781452431,-51327.744436054,True,0.009771056510346713,105963.91611108408,1035.379412379041,0.0009658295191539997,7.3075226425523e-16,3.003265156844497e-06,3.0032651561137446e-06,9.815149981634165e-08,0.00028792183254437487
R3_METRS_HIGH,161,42.47571552536894,True,-5.737632591262809e-13,2667.865601261134,-102.35204439085608,-51312.30755930636,True,0.009770200546080523,105948.08314718909,1035.1340198208513,0.0009660584821403784,1.201302783377517e-15,2.6346885154405803e-06,2.6346885163805565e-06,8.610877288965715e-08,0.0002747442340025091
R3_METRS_HIGH,162,46.05922041145104,True,-6.341593916658894e-13,2666.467279156692,-102.36056200870465,-51295.62866172249,True,0.009769387549034373,105929.44934117829,1034.8658434697745,0.0009663088276709629,7.536687406431951e-16,2.3042798924000643e-06,2.3042798924029645e-06,7.532143685845783e-08,0.0002613318821334313
R3_METRS_HIGH,163,49.9450511585514,True,-5.950795411990839e-13,2664.9885644103974,-102.36862992662648,-51277.61714662875,True,0.009768617600106184,105907.56934763565,1034.5705459137798,0.0009665846412791062,7.872509711996916e-15,2.009484544176297e-06,2.0094845449198158e-06,6.570373085560114e-08,0.00024790798979359925
R3_METRS_HIGH,164,54.15871378079476,True,-6.270539643082884e-13,2663.4227601798357,-102.37624872326363,-51258.17717095344,True,0.009767890623763043,105881.93733675299,1034.2431829375355,0.000966890588690877,9.88544370059824e-15,1.7466477524473206e-06,1.7466477538937818e-06,5.7134528017225034e-08,0.00023452407734896066
R3_METRS_HIGH,165,58.72786613189477,True,-5.364597654988756e-13,2661.762811583609,-102.38341746071028,-51237.20715310548,True,0.009767206690319268,105851.98172802672,1033.8781841175355,0.0009672319383095871,4.007643216309524e-15,1.5121098982972067e-06,1.5121098993959914e-06,4.9492955761878595e-08,0.00022113547696667158
R3_METRS_HIGH,166,63.68249944718586,True,-4.973799150320701e-13,2660.001282938275,-102.39013325621423,-51214.59928251243,True,0.009766566056688948,105817.0598054554,1033.469304514585,0.0009676146119015065,4.1276779493308255e-15,1.302787636553177e-06,1.3027876369766935e-06,4.267720961475857e-08,0.00020768461234785067
R3_METRS_HIGH,167,69.0551352016233,True,-5.666578317686799e-13,2658.130292082852,-102.39639251152114,-51190.23906546026,True,0.009765969049031535,105776.4522784226,1033.0095590674364,0.0009680452530398304,4.9890426940526686e-15,1.1162431888269563e-06,1.1162431870946994e-06,3.660672107506751e-08,0.00019415146696597852
R3_METRS_HIGH,168,74.88103857590015,True,-5.417888360170764e-13,2656.141437772107,-102.40219245797721,-51164.0048936745,True,0.009765415915390386,105729.35797718496,1032.4911551144096,0.0009685312993206133,6.415330980748084e-15,9.504964489630831e-07,9.504964493485712e-07,3.121599927726893e-08,0.0001805632911232891
R3_METRS_HIGH,169,81.19844993184009,True,-5.417888360170764e-13,2654.0257378252713,-102.40753226003208,-51135.76759191473,True,0.009764906720540936,105674.88895153013,1031.9054333152137,0.0009690810492074736,1.6425103871410204e-15,8.038235728639506e-07,8.038235722157604e-07,2.6448057569118967e-08,0.00016698132380397508
R3_METRS_HIGH,170,88.04883581643465,True,-5.151434834260726e-13,2651.7735771070174,-102.41241358715601,-51105.38989672101,True,0.009764441291572239,105612.0662607079,1031.2428206843194,0.0009697037205421831,1.2964440651119617e-14,6.746386898639873e-07,6.746386913215887e-07,2.2250557776714197e-08,0.00015348481168464895
R3_METRS_HIGH,171,95.47716114208066,True,-4.618527782440651e-13,2649.3746573497037,-102.41684085064466,-51072.725829694835,True,0.009764019195420297,105539.81672348175,1030.492796369216,0.0009704095007003904,6.853719658863125e-15,5.614457058559091e-07,5.614457065134506e-07,1.8574232276335095e-08,0.00014016107761821164
R3_METRS_HIGH,172,103.53218432956616,True,-4.0678571622265736e-13,2646.8179425117596,-102.42082127407927,-51037.61994157589,True,0.009763639732237537,105456.97086337044,1029.64387076302,0.0009712095884754285,3.182538257993743e-15,4.6282215942982513e-07,4.6282216017578333e-07,1.537235097887325e-08,0.00012710083247626105
R3_METRS_HIGH,173,112.26677735108136,True,-5.133671265866724e-13,2644.0915967168107,-102.42436486757282,-50999.90641226736,True,0.009763301937902437,105362.26224194223,1028.6835791285393,0.0009721162272728812,1.183789530160087e-15,3.77413346939294e-07,3.774133463918261e-07,1.2600523954935235e-08,0.0001143957637702036
R3_METRS_HIGH,174,121.7382727739662,True,-5.577760475716786e-13,2641.1829138189855,-102.42748432044257,-50959.40799932789,True,0.009763004594270007,105254.3283121805,1027.598490878622,0.0009731427292628421,6.948433188959206e-15,3.03929578979197e-07,3.0392957872064187e-07,1.0216608638241355e-08,0.0001021368348898535
R3_METRS_HIGH,175,132.00884008314168,True,-5.790923296444817e-13,2638.0782387627787,-102.43019481281954,-50915.93483753763,True,0.009762746247113903,105131.71283275612,1026.3742349106465,0.0009743034908578521,6.0401445130253695e-15,2.411452403649151e-07,2.4114523981460117e-07,8.18068108289957e-09,9.041295514976091e-05
R3_METRS_HIGH,176,143.14589375234786,True,-4.920508445138694e-13,2634.7628819844804,-102.43251374487505,-50869.283107395626,True,0.009762525231887443,104992.86975724778,1024.9955401734035,0.00097561400104319,9.168355771848116e-15,1.878986716204973e-07,1.8789867286348088e-07,6.455049025643188e-09,7.931021482007518e-05
R3_METRS_HIGH,177,155.2225357427048,True,-4.4231285301066237e-13,2631.2210295091363,-102.4344603848975,-50819.23361140022,True,0.009762339707189356,104836.16835126889,1023.4462890451804,0.0009770908456104184,4.3017804894412634e-15,1.4309313924536776e-07,1.4309314015108315e-07,5.004320387427211e-09,6.89120909406258e-05
R3_METRS_HIGH,178,168.31803533309548,True,-5.080380560684716e-13,2627.4356530743607,-102.43605544215018,-50765.55032318431,True,0.009762187695373929,104659.89910289312,1021.7095792213402,0.000978751712166695,1.763644568927858e-15,1.0569846524020548e-07,1.0569846528541672e-07,3.795550082720142e-09,5.9301334526223454e-05
R3_METRS_HIGH,179,182.51834943190426,True,-5.115907697472721e-13,2623.38842656884,-102.43732057701389,-50707.979005099405,True,0.009762067129120047,104462.27979031175,1019.7677877739437,0.0009806154028290156,5.256356127810759e-15,7.475332979016392e-08,7.475333015968713e-08,2.7985294550940484e-09,5.05645526274679e-05
R3_METRS_HIGH,180,197.91668678535575,True,-4.334310688136611e-13,2619.0596571748697,-102.43827786783265,-50646.24602339467,True,0.00976197590211556,104241.46087346406,1017.6026290480783,0.0009827018636296718,3.682509619505961e-15,4.9368102078313075e-08,4.936810153838039e-08,1.986423383576481e-09,4.280070404981936e-05
R3_METRS_HIGH,181,214.6141197858406,True,-5.666578317686799e-13,2614.4282418844095,-102.43894926241059,-50580.05752580595,True,0.009761911921200704,103995.52920580232,1015.1951963056977,0.0009850322417196287,9.25804300843519e-15,2.8727698780110784e-08,2.872769917719983e-08,1.3373995290147298e-09,3.613388433006401e-05
R3_METRS_HIGH,182,232.72024789604072,True,-5.915268275202834e-13,2609.471662480993,-102.43935604579247,-50509.099183605285,True,0.00976187315696303,103722.50894495897,1012.5259758426528,0.0009876289832147483,1.5490436895432974e-14,1.522774018876431e-08,1.5227738592523943e-08,8.398382271186989e-10,3.072621755997836e-05
R3_METRS_HIGH,183,252.3539170434766,True,-5.648814749292796e-13,2604.1660347310626,-102.43951835788948,-50433.03673913174,True,0.009761857689591372,103420.35850666281,1009.5748219485629,0.0009905159857987716,3.0905386214606645e-15,1.3440975585246231e-08,1.3440974743874852e-08,5.109865865430607e-10,2.677315703739984e-05
R3_METRS_HIGH,184,273.6439997074672,True,-5.897504706808832e-13,2598.486230457792,-102.4394547892096,-50351.5176409962,True,0.009761863747300365,103086.9624861969,1006.3208819133182,0.0009937188206794434,2.2013844198053023e-15,1.1991357848130074e-08,1.1991355646745654e-08,4.191365506305297e-10,2.4444797611964403e-05
R3_METRS_HIGH,185,296.73024081888667,True,-6.217248937900877e-13,2592.4060944225375,-102.4391820744407,-50264.17409333144,True,0.009761889735446326,102720.11769492582,1002.742462549935,0.0009972650379809777,7.817533038555376e-15,1.9966377479444484e-08,1.996637885979648e-08,5.23938739209415e-10,2.376200631931666e-05
R3_METRS_HIGH,186,321.76417502507354,True,-5.861977570020827e-13,2585.8987816112617,-102.4387148878668,-50170.62789453004,True,0.009761934255956227,102317.51283780523,998.8168335556119,0.0010011845679854796,1.0025851270066902e-14,2.6389458626157912e-08,2.6389458834893935e-08,6.733899551014828e-10,2.4511372370559303e-05
R3_METRS_HIGH,187,348.9101213406774,True,-5.684341886080801e-13,2578.9372448152385,-102.43806573126676,-50070.49749942877,True,0.009761996117960416,101876.70187975463,994.5199682607754,0.0010055102279633542,1.9525125873748328e-15,3.134388157760344e-08,3.134388261290809e-08,8.085452427583709e-10,2.632441395219512e-05
R3_METRS_HIGH,188,378.3462617131925,True,-5.506706202140776e-13,2571.494907835858,-102.43724489174983,-49963.40781601601,True,0.009762074341776238,101395.0717598854,989.8262284097377,0.0010102783410847857,5.647780217132338e-15,3.513382565640909e-08,3.513382473700565e-08,9.192319877805598e-10,2.883990863288387e-05
R3_METRS_HIGH,189,410.26581058271904,True,-5.329070518200751e-13,2563.546567049014,-102.43626044284032,-49849.00335727167,True,0.009762168158783993,100869.80572102572,984.7080055925247,0.001015529470991021,1.1590731087592065e-15,3.801166476068027e-08,3.801166525385673e-08,1.0069081601861728e-09,3.179490633724908e-05
R3_METRS_HIGH,190,444.87828311275854,True,-5.222489107836736e-13,2555.069574392411,-102.43511826560163,-49726.96552557616,True,0.009762277009405343,100297.84401982531,979.1353367676637,0.0010213092740593093,3.3145940826024775e-15,4.018565507371334e-08,4.018565508756402e-08,1.0755872324073585e-09,3.502937976455517e-05
R3_METRS_HIGH,191,482.41087041653736,True,-5.364597654988756e-13,2546.045368654596,-102.43382207965183,-49597.03501990118,True,0.009762400540149785,99675.84405611365,973.0755138532896,0.0010276694724750516,1.0272788479245842e-14,4.182673291560771e-08,4.1826731831541064e-08,1.1295490818771412e-09,3.845875006032576e-05
R3_METRS_HIGH,192,523.1099308056258,True,-4.511946372076636e-13,2536.461438503136,-102.43237349035205,-49459.04061338923,True,0.00976253859912939,99000.14194643618,966.4927070713718,0.0010346689557856681,3.4822625604455718e-15,4.3074102866435354e-08,4.307410333275071e-08,1.1726902390382084e-09,4.204689295242488e-05
R3_METRS_HIGH,193,567.2426068491977,True,-2.0961010704922955e-13,2526.313816488137,-102.43077207456449,-49312.93579961992,True,0.009762691227906102,98266.71724365043,959.3476184297155,0.0010423750273512175,1.8521798407066664e-15,4.403958981405565e-08,4.403958815221767e-08,1.208348363211042e-09,4.5787459872902204e-05
R3_METRS_HIGH,194,615.0985788580505,True,-1.4921397450962104e-13,2515.61020941608,-102.4290155347194,-49158.844921592565,True,0.009762858646835666,97471.16190917994,951.5971758621565,0.001050864825333251,2.265738595005895e-15,4.4811054131544204e-08,4.481105186580561e-08,1.239278782226186e-09,4.9692677311598576e-05
R3_METRS_HIGH,195,666.9919663030115,True,-3.517186542012496e-13,2504.373848172868,-102.42709994959765,-48997.12010702077,True,0.009763041231198387,96608.65385687622,943.1942708952556,0.0010602269658093087,4.513604794824724e-15,4.545528920462516e-08,4.545528962461798e-08,1.2676826185264212e-09,5.378779672235727e-05
R3_METRS_HIGH,196,723.2633896483534,True,-3.055333763768431e-13,2492.6480529516684,-102.42502013393221,-48828.40911322111,True,0.00976323947695971,95673.93447133631,934.087533946607,0.0010705634789653028,8.540819554413506e-15,4.602077124741994e-08,4.602077122375723e-08,1.2952610113725738e-09,5.811029350724039e-05
R3_METRS_HIGH,197,784.2822061337682,True,-1.6342482922482304e-13,2480.501293345717,-102.42277009317107,-48653.73109984139,True,0.009763453957458177,94661.28848729233,924.2211316993445,0.0010819921398695165,6.161898722929597e-15,4.654053298433028e-08,4.654053311996397e-08,1.323284187833507e-09,6.271388227519178e-05
R3_METRS_HIGH,198,850.4489341802686,True,-1.5631940186722204e-13,2468.0320759210626,-102.42034351441406,-48474.55092648224,True,0.009763685276639067,93564.52340217683,913.5345595575853,0.001094649337058785,6.41691154422766e-15,4.703529364434837e-08,4.7035293279676966e-08,1.3526554822101252e-09,6.767785375387373e-05
R3_METRS_HIGH,199,922.1978823334322,True,-2.6290081223123707e-13,2455.372192587706,-102.4177341700231,-48292.83101644768,True,0.009763934030603584,92376.94399083662,901.962387075291,0.0011086936820532023,1.1884888689514539e-15,4.7516914436115196e-08,4.7516913619412804e-08,1.3839762023308434e-09,7.312150977231138e-05
R3_METRS_HIGH,200,1000.0,True,-2.1316282072803006e-13,2442.6856645825846,-102.4149360125397,-48111.02239306988,True,0.00976420079857844,91091.31535437492,889.4338941267481,0.0011243106504073654,1.4872543301069907e-15,4.799228841589705e-08,4.799228692864272e-08,1.4175929412999134e-09,7.922044530624021e-05
